INFO:     Started server process [18704]
INFO:     Waiting for application startup.
2026-08-05 13:50:52 | INFO     | root | Starting FundFlow AI backend...
2026-08-05 13:50:52,348 INFO sqlalchemy.engine.Engine BEGIN (implicit)
2026-08-05 13:50:52 | INFO     | sqlalchemy.engine.Engine | BEGIN (implicit)
2026-08-05 13:50:52,348 INFO sqlalchemy.engine.Engine PRAGMA main.table_info("resumes")
2026-08-05 13:50:52 | INFO     | sqlalchemy.engine.Engine | PRAGMA main.table_info("resumes")
2026-08-05 13:50:52,348 INFO sqlalchemy.engine.Engine [raw sql] ()
2026-08-05 13:50:52 | INFO     | sqlalchemy.engine.Engine | [raw sql] ()
2026-08-05 13:50:52,348 INFO sqlalchemy.engine.Engine COMMIT
2026-08-05 13:50:52 | INFO     | sqlalchemy.engine.Engine | COMMIT
2026-08-05 13:50:52,348 INFO sqlalchemy.engine.Engine BEGIN (implicit)
2026-08-05 13:50:52 | INFO     | sqlalchemy.engine.Engine | BEGIN (implicit)
2026-08-05 13:50:52,348 INFO sqlalchemy.engine.Engine PRAGMA table_info(resumes)
2026-08-05 13:50:52 | INFO     | sqlalchemy.engine.Engine | PRAGMA table_info(resumes)
2026-08-05 13:50:52,348 INFO sqlalchemy.engine.Engine [raw sql] ()
2026-08-05 13:50:52 | INFO     | sqlalchemy.engine.Engine | [raw sql] ()
2026-08-05 13:50:52,348 INFO sqlalchemy.engine.Engine COMMIT
2026-08-05 13:50:52 | INFO     | sqlalchemy.engine.Engine | COMMIT
2026-08-05 13:50:52 | INFO     | root | Database initialized successfully
INFO:     Application startup complete.
2026-08-05 13:50:52 | INFO     | fundflow | Using cached discovery (20 companies, 0.1h old)
INFO:     Uvicorn running on http://0.0.0.0:8000 (Press CTRL+C to quit)
2026-08-05 13:50:52 | INFO     | root | Pre-warmed discovery cache with 20 companies
INFO:     127.0.0.1:58188 - "GET /api/health HTTP/1.1" 200 OK
2026-08-05 13:51:14,478 INFO sqlalchemy.engine.Engine BEGIN (implicit)
2026-08-05 13:51:14 | INFO     | sqlalchemy.engine.Engine | BEGIN (implicit)
2026-08-05 13:51:14,478 INFO sqlalchemy.engine.Engine SELECT resumes.id AS resumes_id, resumes.original_filename AS resumes_original_filename, resumes.file_path AS resumes_file_path, resumes.name AS resumes_name, resumes.email AS resumes_email, resumes.phone AS resumes_phone, resumes.location AS resumes_location, resumes.summary AS resumes_summary, resumes.skills AS resumes_skills, resumes.experience AS resumes_experience, resumes.education AS resumes_education, resumes.projects AS resumes_projects, resumes.certifications AS resumes_certifications, resumes.technologies AS resumes_technologies, resumes.strengths AS resumes_strengths, resumes.analysis_json AS resumes_analysis_json, resumes.raw_text AS resumes_raw_text, resumes.file_size AS resumes_file_size, resumes.parsed_at AS resumes_parsed_at 
FROM resumes ORDER BY resumes.parsed_at DESC
 LIMIT ? OFFSET ?
2026-08-05 13:51:14 | INFO     | sqlalchemy.engine.Engine | SELECT resumes.id AS resumes_id, resumes.original_filename AS resumes_original_filename, resumes.file_path AS resumes_file_path, resumes.name AS resumes_name, resumes.email AS resumes_email, resumes.phone AS resumes_phone, resumes.location AS resumes_location, resumes.summary AS resumes_summary, resumes.skills AS resumes_skills, resumes.experience AS resumes_experience, resumes.education AS resumes_education, resumes.projects AS resumes_projects, resumes.certifications AS resumes_certifications, resumes.technologies AS resumes_technologies, resumes.strengths AS resumes_strengths, resumes.analysis_json AS resumes_analysis_json, resumes.raw_text AS resumes_raw_text, resumes.file_size AS resumes_file_size, resumes.parsed_at AS resumes_parsed_at 
FROM resumes ORDER BY resumes.parsed_at DESC
 LIMIT ? OFFSET ?
2026-08-05 13:51:14,478 INFO sqlalchemy.engine.Engine [generated in 0.00038s] (1, 0)
2026-08-05 13:51:14 | INFO     | sqlalchemy.engine.Engine | [generated in 0.00038s] (1, 0)
INFO:     127.0.0.1:56984 - "GET /api/resume/latest HTTP/1.1" 200 OK
2026-08-05 13:51:14,516 INFO sqlalchemy.engine.Engine ROLLBACK
2026-08-05 13:51:14 | INFO     | sqlalchemy.engine.Engine | ROLLBACK
2026-08-05 13:51:14,536 INFO sqlalchemy.engine.Engine BEGIN (implicit)
2026-08-05 13:51:14 | INFO     | sqlalchemy.engine.Engine | BEGIN (implicit)
2026-08-05 13:51:14,536 INFO sqlalchemy.engine.Engine SELECT resumes.id AS resumes_id, resumes.original_filename AS resumes_original_filename, resumes.file_path AS resumes_file_path, resumes.name AS resumes_name, resumes.email AS resumes_email, resumes.phone AS resumes_phone, resumes.location AS resumes_location, resumes.summary AS resumes_summary, resumes.skills AS resumes_skills, resumes.experience AS resumes_experience, resumes.education AS resumes_education, resumes.projects AS resumes_projects, resumes.certifications AS resumes_certifications, resumes.technologies AS resumes_technologies, resumes.strengths AS resumes_strengths, resumes.analysis_json AS resumes_analysis_json, resumes.raw_text AS resumes_raw_text, resumes.file_size AS resumes_file_size, resumes.parsed_at AS resumes_parsed_at 
FROM resumes ORDER BY resumes.parsed_at DESC
 LIMIT ? OFFSET ?
2026-08-05 13:51:14 | INFO     | sqlalchemy.engine.Engine | SELECT resumes.id AS resumes_id, resumes.original_filename AS resumes_original_filename, resumes.file_path AS resumes_file_path, resumes.name AS resumes_name, resumes.email AS resumes_email, resumes.phone AS resumes_phone, resumes.location AS resumes_location, resumes.summary AS resumes_summary, resumes.skills AS resumes_skills, resumes.experience AS resumes_experience, resumes.education AS resumes_education, resumes.projects AS resumes_projects, resumes.certifications AS resumes_certifications, resumes.technologies AS resumes_technologies, resumes.strengths AS resumes_strengths, resumes.analysis_json AS resumes_analysis_json, resumes.raw_text AS resumes_raw_text, resumes.file_size AS resumes_file_size, resumes.parsed_at AS resumes_parsed_at 
FROM resumes ORDER BY resumes.parsed_at DESC
 LIMIT ? OFFSET ?
2026-08-05 13:51:14,536 INFO sqlalchemy.engine.Engine [cached since 0.05291s ago] (1, 0)
2026-08-05 13:51:14 | INFO     | sqlalchemy.engine.Engine | [cached since 0.05291s ago] (1, 0)
INFO:     127.0.0.1:60601 - "GET /api/resume/latest HTTP/1.1" 200 OK
2026-08-05 13:51:14,538 INFO sqlalchemy.engine.Engine ROLLBACK
2026-08-05 13:51:14 | INFO     | sqlalchemy.engine.Engine | ROLLBACK
2026-08-05 13:51:17,368 INFO sqlalchemy.engine.Engine BEGIN (implicit)
2026-08-05 13:51:17 | INFO     | sqlalchemy.engine.Engine | BEGIN (implicit)
2026-08-05 13:51:17,368 INFO sqlalchemy.engine.Engine SELECT resumes.id AS resumes_id, resumes.original_filename AS resumes_original_filename, resumes.file_path AS resumes_file_path, resumes.name AS resumes_name, resumes.email AS resumes_email, resumes.phone AS resumes_phone, resumes.location AS resumes_location, resumes.summary AS resumes_summary, resumes.skills AS resumes_skills, resumes.experience AS resumes_experience, resumes.education AS resumes_education, resumes.projects AS resumes_projects, resumes.certifications AS resumes_certifications, resumes.technologies AS resumes_technologies, resumes.strengths AS resumes_strengths, resumes.analysis_json AS resumes_analysis_json, resumes.raw_text AS resumes_raw_text, resumes.file_size AS resumes_file_size, resumes.parsed_at AS resumes_parsed_at 
FROM resumes ORDER BY resumes.parsed_at DESC
 LIMIT ? OFFSET ?
2026-08-05 13:51:17 | INFO     | sqlalchemy.engine.Engine | SELECT resumes.id AS resumes_id, resumes.original_filename AS resumes_original_filename, resumes.file_path AS resumes_file_path, resumes.name AS resumes_name, resumes.email AS resumes_email, resumes.phone AS resumes_phone, resumes.location AS resumes_location, resumes.summary AS resumes_summary, resumes.skills AS resumes_skills, resumes.experience AS resumes_experience, resumes.education AS resumes_education, resumes.projects AS resumes_projects, resumes.certifications AS resumes_certifications, resumes.technologies AS resumes_technologies, resumes.strengths AS resumes_strengths, resumes.analysis_json AS resumes_analysis_json, resumes.raw_text AS resumes_raw_text, resumes.file_size AS resumes_file_size, resumes.parsed_at AS resumes_parsed_at 
FROM resumes ORDER BY resumes.parsed_at DESC
 LIMIT ? OFFSET ?
2026-08-05 13:51:17,368 INFO sqlalchemy.engine.Engine [cached since 2.888s ago] (1, 0)
2026-08-05 13:51:17 | INFO     | sqlalchemy.engine.Engine | [cached since 2.888s ago] (1, 0)
INFO:     127.0.0.1:62755 - "GET /api/resume/latest/analysis HTTP/1.1" 200 OK
2026-08-05 13:51:17,368 INFO sqlalchemy.engine.Engine ROLLBACK
2026-08-05 13:51:17 | INFO     | sqlalchemy.engine.Engine | ROLLBACK
2026-08-05 13:51:22,953 INFO sqlalchemy.engine.Engine BEGIN (implicit)
2026-08-05 13:51:22 | INFO     | sqlalchemy.engine.Engine | BEGIN (implicit)
2026-08-05 13:51:22,953 INFO sqlalchemy.engine.Engine SELECT count(*) AS count_1 
FROM (SELECT resumes.id AS resumes_id, resumes.original_filename AS resumes_original_filename, resumes.file_path AS resumes_file_path, resumes.name AS resumes_name, resumes.email AS resumes_email, resumes.phone AS resumes_phone, resumes.location AS resumes_location, resumes.summary AS resumes_summary, resumes.skills AS resumes_skills, resumes.experience AS resumes_experience, resumes.education AS resumes_education, resumes.projects AS resumes_projects, resumes.certifications AS resumes_certifications, resumes.technologies AS resumes_technologies, resumes.strengths AS resumes_strengths, resumes.analysis_json AS resumes_analysis_json, resumes.raw_text AS resumes_raw_text, resumes.file_size AS resumes_file_size, resumes.parsed_at AS resumes_parsed_at 
FROM resumes) AS anon_1
2026-08-05 13:51:22 | INFO     | sqlalchemy.engine.Engine | SELECT count(*) AS count_1 
FROM (SELECT resumes.id AS resumes_id, resumes.original_filename AS resumes_original_filename, resumes.file_path AS resumes_file_path, resumes.name AS resumes_name, resumes.email AS resumes_email, resumes.phone AS resumes_phone, resumes.location AS resumes_location, resumes.summary AS resumes_summary, resumes.skills AS resumes_skills, resumes.experience AS resumes_experience, resumes.education AS resumes_education, resumes.projects AS resumes_projects, resumes.certifications AS resumes_certifications, resumes.technologies AS resumes_technologies, resumes.strengths AS resumes_strengths, resumes.analysis_json AS resumes_analysis_json, resumes.raw_text AS resumes_raw_text, resumes.file_size AS resumes_file_size, resumes.parsed_at AS resumes_parsed_at 
FROM resumes) AS anon_1
2026-08-05 13:51:22,953 INFO sqlalchemy.engine.Engine [generated in 0.00036s] ()
2026-08-05 13:51:22 | INFO     | sqlalchemy.engine.Engine | [generated in 0.00036s] ()
2026-08-05 13:51:22,953 INFO sqlalchemy.engine.Engine DELETE FROM resumes
2026-08-05 13:51:22 | INFO     | sqlalchemy.engine.Engine | DELETE FROM resumes
2026-08-05 13:51:22,953 INFO sqlalchemy.engine.Engine [generated in 0.00024s] ()
2026-08-05 13:51:22 | INFO     | sqlalchemy.engine.Engine | [generated in 0.00024s] ()
2026-08-05 13:51:22,970 INFO sqlalchemy.engine.Engine COMMIT
2026-08-05 13:51:22 | INFO     | sqlalchemy.engine.Engine | COMMIT
2026-08-05 13:51:22 | INFO     | fundflow | Discovery cache invalidated
INFO:     127.0.0.1:57477 - "DELETE /api/resume/latest HTTP/1.1" 200 OK
2026-08-05 13:51:22,989 INFO sqlalchemy.engine.Engine BEGIN (implicit)
2026-08-05 13:51:22 | INFO     | sqlalchemy.engine.Engine | BEGIN (implicit)
2026-08-05 13:51:22,989 INFO sqlalchemy.engine.Engine SELECT resumes.id AS resumes_id, resumes.original_filename AS resumes_original_filename, resumes.file_path AS resumes_file_path, resumes.name AS resumes_name, resumes.email AS resumes_email, resumes.phone AS resumes_phone, resumes.location AS resumes_location, resumes.summary AS resumes_summary, resumes.skills AS resumes_skills, resumes.experience AS resumes_experience, resumes.education AS resumes_education, resumes.projects AS resumes_projects, resumes.certifications AS resumes_certifications, resumes.technologies AS resumes_technologies, resumes.strengths AS resumes_strengths, resumes.analysis_json AS resumes_analysis_json, resumes.raw_text AS resumes_raw_text, resumes.file_size AS resumes_file_size, resumes.parsed_at AS resumes_parsed_at 
FROM resumes ORDER BY resumes.parsed_at DESC
 LIMIT ? OFFSET ?
2026-08-05 13:51:22 | INFO     | sqlalchemy.engine.Engine | SELECT resumes.id AS resumes_id, resumes.original_filename AS resumes_original_filename, resumes.file_path AS resumes_file_path, resumes.name AS resumes_name, resumes.email AS resumes_email, resumes.phone AS resumes_phone, resumes.location AS resumes_location, resumes.summary AS resumes_summary, resumes.skills AS resumes_skills, resumes.experience AS resumes_experience, resumes.education AS resumes_education, resumes.projects AS resumes_projects, resumes.certifications AS resumes_certifications, resumes.technologies AS resumes_technologies, resumes.strengths AS resumes_strengths, resumes.analysis_json AS resumes_analysis_json, resumes.raw_text AS resumes_raw_text, resumes.file_size AS resumes_file_size, resumes.parsed_at AS resumes_parsed_at 
FROM resumes ORDER BY resumes.parsed_at DESC
 LIMIT ? OFFSET ?
2026-08-05 13:51:22,989 INFO sqlalchemy.engine.Engine [cached since 8.514s ago] (1, 0)
2026-08-05 13:51:22 | INFO     | sqlalchemy.engine.Engine | [cached since 8.514s ago] (1, 0)
2026-08-05 13:51:22,989 INFO sqlalchemy.engine.Engine ROLLBACK
2026-08-05 13:51:22 | INFO     | sqlalchemy.engine.Engine | ROLLBACK
2026-08-05 13:51:22 | WARNING  | fundflow | HTTP error (request_id=083ccb0a-f6dd-4945-8b62-cc1568ba3536): 404 - No resume uploaded yet
INFO:     127.0.0.1:64686 - "GET /api/resume/latest HTTP/1.1" 404 Not Found
2026-08-05 13:51:27,969 INFO sqlalchemy.engine.Engine BEGIN (implicit)
2026-08-05 13:51:27 | INFO     | sqlalchemy.engine.Engine | BEGIN (implicit)
2026-08-05 13:51:27,969 INFO sqlalchemy.engine.Engine SELECT resumes.id AS resumes_id, resumes.original_filename AS resumes_original_filename, resumes.file_path AS resumes_file_path, resumes.name AS resumes_name, resumes.email AS resumes_email, resumes.phone AS resumes_phone, resumes.location AS resumes_location, resumes.summary AS resumes_summary, resumes.skills AS resumes_skills, resumes.experience AS resumes_experience, resumes.education AS resumes_education, resumes.projects AS resumes_projects, resumes.certifications AS resumes_certifications, resumes.technologies AS resumes_technologies, resumes.strengths AS resumes_strengths, resumes.analysis_json AS resumes_analysis_json, resumes.raw_text AS resumes_raw_text, resumes.file_size AS resumes_file_size, resumes.parsed_at AS resumes_parsed_at 
FROM resumes ORDER BY resumes.parsed_at DESC
 LIMIT ? OFFSET ?
2026-08-05 13:51:27 | INFO     | sqlalchemy.engine.Engine | SELECT resumes.id AS resumes_id, resumes.original_filename AS resumes_original_filename, resumes.file_path AS resumes_file_path, resumes.name AS resumes_name, resumes.email AS resumes_email, resumes.phone AS resumes_phone, resumes.location AS resumes_location, resumes.summary AS resumes_summary, resumes.skills AS resumes_skills, resumes.experience AS resumes_experience, resumes.education AS resumes_education, resumes.projects AS resumes_projects, resumes.certifications AS resumes_certifications, resumes.technologies AS resumes_technologies, resumes.strengths AS resumes_strengths, resumes.analysis_json AS resumes_analysis_json, resumes.raw_text AS resumes_raw_text, resumes.file_size AS resumes_file_size, resumes.parsed_at AS resumes_parsed_at 
FROM resumes ORDER BY resumes.parsed_at DESC
 LIMIT ? OFFSET ?
2026-08-05 13:51:27,969 INFO sqlalchemy.engine.Engine [cached since 13.49s ago] (1, 0)
2026-08-05 13:51:27 | INFO     | sqlalchemy.engine.Engine | [cached since 13.49s ago] (1, 0)
2026-08-05 13:51:27,969 INFO sqlalchemy.engine.Engine ROLLBACK
2026-08-05 13:51:27 | INFO     | sqlalchemy.engine.Engine | ROLLBACK
2026-08-05 13:51:27 | WARNING  | fundflow | HTTP error (request_id=404027bb-d207-4cf9-86fb-29e3362b8202): 404 - No resume uploaded yet
INFO:     127.0.0.1:63342 - "GET /api/resume/latest HTTP/1.1" 404 Not Found
2026-08-05 13:51:28,155 INFO sqlalchemy.engine.Engine BEGIN (implicit)
2026-08-05 13:51:28 | INFO     | sqlalchemy.engine.Engine | BEGIN (implicit)
2026-08-05 13:51:28,155 INFO sqlalchemy.engine.Engine SELECT resumes.id AS resumes_id, resumes.original_filename AS resumes_original_filename, resumes.file_path AS resumes_file_path, resumes.name AS resumes_name, resumes.email AS resumes_email, resumes.phone AS resumes_phone, resumes.location AS resumes_location, resumes.summary AS resumes_summary, resumes.skills AS resumes_skills, resumes.experience AS resumes_experience, resumes.education AS resumes_education, resumes.projects AS resumes_projects, resumes.certifications AS resumes_certifications, resumes.technologies AS resumes_technologies, resumes.strengths AS resumes_strengths, resumes.analysis_json AS resumes_analysis_json, resumes.raw_text AS resumes_raw_text, resumes.file_size AS resumes_file_size, resumes.parsed_at AS resumes_parsed_at 
FROM resumes ORDER BY resumes.parsed_at DESC
 LIMIT ? OFFSET ?
2026-08-05 13:51:28 | INFO     | sqlalchemy.engine.Engine | SELECT resumes.id AS resumes_id, resumes.original_filename AS resumes_original_filename, resumes.file_path AS resumes_file_path, resumes.name AS resumes_name, resumes.email AS resumes_email, resumes.phone AS resumes_phone, resumes.location AS resumes_location, resumes.summary AS resumes_summary, resumes.skills AS resumes_skills, resumes.experience AS resumes_experience, resumes.education AS resumes_education, resumes.projects AS resumes_projects, resumes.certifications AS resumes_certifications, resumes.technologies AS resumes_technologies, resumes.strengths AS resumes_strengths, resumes.analysis_json AS resumes_analysis_json, resumes.raw_text AS resumes_raw_text, resumes.file_size AS resumes_file_size, resumes.parsed_at AS resumes_parsed_at 
FROM resumes ORDER BY resumes.parsed_at DESC
 LIMIT ? OFFSET ?
2026-08-05 13:51:28,155 INFO sqlalchemy.engine.Engine [cached since 13.68s ago] (1, 0)
2026-08-05 13:51:28 | INFO     | sqlalchemy.engine.Engine | [cached since 13.68s ago] (1, 0)
2026-08-05 13:51:28,155 INFO sqlalchemy.engine.Engine ROLLBACK
2026-08-05 13:51:28 | INFO     | sqlalchemy.engine.Engine | ROLLBACK
2026-08-05 13:51:28 | WARNING  | fundflow | HTTP error (request_id=ae76a4db-a2bb-412b-88a8-9139592b0fc0): 404 - No resume uploaded yet
INFO:     127.0.0.1:64899 - "GET /api/resume/latest HTTP/1.1" 404 Not Found
2026-08-05 13:51:28,168 INFO sqlalchemy.engine.Engine BEGIN (implicit)
2026-08-05 13:51:28 | INFO     | sqlalchemy.engine.Engine | BEGIN (implicit)
2026-08-05 13:51:28,168 INFO sqlalchemy.engine.Engine SELECT resumes.id AS resumes_id, resumes.original_filename AS resumes_original_filename, resumes.file_path AS resumes_file_path, resumes.name AS resumes_name, resumes.email AS resumes_email, resumes.phone AS resumes_phone, resumes.location AS resumes_location, resumes.summary AS resumes_summary, resumes.skills AS resumes_skills, resumes.experience AS resumes_experience, resumes.education AS resumes_education, resumes.projects AS resumes_projects, resumes.certifications AS resumes_certifications, resumes.technologies AS resumes_technologies, resumes.strengths AS resumes_strengths, resumes.analysis_json AS resumes_analysis_json, resumes.raw_text AS resumes_raw_text, resumes.file_size AS resumes_file_size, resumes.parsed_at AS resumes_parsed_at 
FROM resumes ORDER BY resumes.parsed_at DESC
 LIMIT ? OFFSET ?
2026-08-05 13:51:28 | INFO     | sqlalchemy.engine.Engine | SELECT resumes.id AS resumes_id, resumes.original_filename AS resumes_original_filename, resumes.file_path AS resumes_file_path, resumes.name AS resumes_name, resumes.email AS resumes_email, resumes.phone AS resumes_phone, resumes.location AS resumes_location, resumes.summary AS resumes_summary, resumes.skills AS resumes_skills, resumes.experience AS resumes_experience, resumes.education AS resumes_education, resumes.projects AS resumes_projects, resumes.certifications AS resumes_certifications, resumes.technologies AS resumes_technologies, resumes.strengths AS resumes_strengths, resumes.analysis_json AS resumes_analysis_json, resumes.raw_text AS resumes_raw_text, resumes.file_size AS resumes_file_size, resumes.parsed_at AS resumes_parsed_at 
FROM resumes ORDER BY resumes.parsed_at DESC
 LIMIT ? OFFSET ?
2026-08-05 13:51:28,168 INFO sqlalchemy.engine.Engine [cached since 13.69s ago] (1, 0)
2026-08-05 13:51:28 | INFO     | sqlalchemy.engine.Engine | [cached since 13.69s ago] (1, 0)
2026-08-05 13:51:28,168 INFO sqlalchemy.engine.Engine ROLLBACK
2026-08-05 13:51:28 | INFO     | sqlalchemy.engine.Engine | ROLLBACK
2026-08-05 13:51:28 | WARNING  | fundflow | HTTP error (request_id=a193a6bc-31cf-411f-88d1-61c4bd733cd8): 404 - No resume uploaded yet
INFO:     127.0.0.1:64901 - "GET /api/resume/latest HTTP/1.1" 404 Not Found
2026-08-05 13:52:11,178 INFO sqlalchemy.engine.Engine BEGIN (implicit)
2026-08-05 13:52:11 | INFO     | sqlalchemy.engine.Engine | BEGIN (implicit)
2026-08-05 13:52:11,178 INFO sqlalchemy.engine.Engine SELECT resumes.id AS resumes_id, resumes.original_filename AS resumes_original_filename, resumes.file_path AS resumes_file_path, resumes.name AS resumes_name, resumes.email AS resumes_email, resumes.phone AS resumes_phone, resumes.location AS resumes_location, resumes.summary AS resumes_summary, resumes.skills AS resumes_skills, resumes.experience AS resumes_experience, resumes.education AS resumes_education, resumes.projects AS resumes_projects, resumes.certifications AS resumes_certifications, resumes.technologies AS resumes_technologies, resumes.strengths AS resumes_strengths, resumes.analysis_json AS resumes_analysis_json, resumes.raw_text AS resumes_raw_text, resumes.file_size AS resumes_file_size, resumes.parsed_at AS resumes_parsed_at 
FROM resumes ORDER BY resumes.parsed_at DESC
 LIMIT ? OFFSET ?
2026-08-05 13:52:11 | INFO     | sqlalchemy.engine.Engine | SELECT resumes.id AS resumes_id, resumes.original_filename AS resumes_original_filename, resumes.file_path AS resumes_file_path, resumes.name AS resumes_name, resumes.email AS resumes_email, resumes.phone AS resumes_phone, resumes.location AS resumes_location, resumes.summary AS resumes_summary, resumes.skills AS resumes_skills, resumes.experience AS resumes_experience, resumes.education AS resumes_education, resumes.projects AS resumes_projects, resumes.certifications AS resumes_certifications, resumes.technologies AS resumes_technologies, resumes.strengths AS resumes_strengths, resumes.analysis_json AS resumes_analysis_json, resumes.raw_text AS resumes_raw_text, resumes.file_size AS resumes_file_size, resumes.parsed_at AS resumes_parsed_at 
FROM resumes ORDER BY resumes.parsed_at DESC
 LIMIT ? OFFSET ?
2026-08-05 13:52:11,178 INFO sqlalchemy.engine.Engine [cached since 56.7s ago] (1, 0)
2026-08-05 13:52:11 | INFO     | sqlalchemy.engine.Engine | [cached since 56.7s ago] (1, 0)
2026-08-05 13:52:11,178 INFO sqlalchemy.engine.Engine ROLLBACK
2026-08-05 13:52:11 | INFO     | sqlalchemy.engine.Engine | ROLLBACK
2026-08-05 13:52:11 | WARNING  | fundflow | HTTP error (request_id=4b9a2c2c-0133-4b88-8cc8-914f97b76427): 404 - No resume uploaded yet
INFO:     127.0.0.1:55995 - "GET /api/resume/latest HTTP/1.1" 404 Not Found
2026-08-05 13:52:11,189 INFO sqlalchemy.engine.Engine BEGIN (implicit)
2026-08-05 13:52:11 | INFO     | sqlalchemy.engine.Engine | BEGIN (implicit)
2026-08-05 13:52:11,189 INFO sqlalchemy.engine.Engine SELECT resumes.id AS resumes_id, resumes.original_filename AS resumes_original_filename, resumes.file_path AS resumes_file_path, resumes.name AS resumes_name, resumes.email AS resumes_email, resumes.phone AS resumes_phone, resumes.location AS resumes_location, resumes.summary AS resumes_summary, resumes.skills AS resumes_skills, resumes.experience AS resumes_experience, resumes.education AS resumes_education, resumes.projects AS resumes_projects, resumes.certifications AS resumes_certifications, resumes.technologies AS resumes_technologies, resumes.strengths AS resumes_strengths, resumes.analysis_json AS resumes_analysis_json, resumes.raw_text AS resumes_raw_text, resumes.file_size AS resumes_file_size, resumes.parsed_at AS resumes_parsed_at 
FROM resumes ORDER BY resumes.parsed_at DESC
 LIMIT ? OFFSET ?
2026-08-05 13:52:11 | INFO     | sqlalchemy.engine.Engine | SELECT resumes.id AS resumes_id, resumes.original_filename AS resumes_original_filename, resumes.file_path AS resumes_file_path, resumes.name AS resumes_name, resumes.email AS resumes_email, resumes.phone AS resumes_phone, resumes.location AS resumes_location, resumes.summary AS resumes_summary, resumes.skills AS resumes_skills, resumes.experience AS resumes_experience, resumes.education AS resumes_education, resumes.projects AS resumes_projects, resumes.certifications AS resumes_certifications, resumes.technologies AS resumes_technologies, resumes.strengths AS resumes_strengths, resumes.analysis_json AS resumes_analysis_json, resumes.raw_text AS resumes_raw_text, resumes.file_size AS resumes_file_size, resumes.parsed_at AS resumes_parsed_at 
FROM resumes ORDER BY resumes.parsed_at DESC
 LIMIT ? OFFSET ?
2026-08-05 13:52:11,189 INFO sqlalchemy.engine.Engine [cached since 56.71s ago] (1, 0)
2026-08-05 13:52:11 | INFO     | sqlalchemy.engine.Engine | [cached since 56.71s ago] (1, 0)
2026-08-05 13:52:11,189 INFO sqlalchemy.engine.Engine ROLLBACK
2026-08-05 13:52:11 | INFO     | sqlalchemy.engine.Engine | ROLLBACK
2026-08-05 13:52:11 | WARNING  | fundflow | HTTP error (request_id=42e5add0-4a88-4b21-a495-43f4b67fd162): 404 - No resume uploaded yet
INFO:     127.0.0.1:55997 - "GET /api/resume/latest HTTP/1.1" 404 Not Found
2026-08-05 13:54:18 | INFO     | fundflow | Tavily returned 16 unique URLs
2026-08-05 13:54:24 | WARNING  | fundflow | Firecrawl failed for https://www.forbes.com/sites/nehamehra/2026/08/03/why-ai-agent-startups-are-becoming-the-new-solo-founder-playbook: Client error '429 Too Many Requests' for url 'https://api.firecrawl.dev/v1/scrape'
For more information check: https://developer.mozilla.org/en-US/docs/Web/HTTP/Status/429
2026-08-05 13:54:25 | WARNING  | fundflow | Firecrawl failed for https://www.forbes.com/sites/richardnieva/2026/07/28/next-billion-dollar-startups-2026: Client error '429 Too Many Requests' for url 'https://api.firecrawl.dev/v1/scrape'
For more information check: https://developer.mozilla.org/en-US/docs/Web/HTTP/Status/429
2026-08-05 13:54:25 | WARNING  | fundflow | Firecrawl failed for https://news.crunchbase.com/venture/data-billion-dollar-rounds-set-global-funding-record-july-2026: Client error '429 Too Many Requests' for url 'https://api.firecrawl.dev/v1/scrape'
For more information check: https://developer.mozilla.org/en-US/docs/Web/HTTP/Status/429
2026-08-05 13:54:26 | WARNING  | fundflow | Firecrawl failed for https://techcrunch.com/2026/07/23/edtech-platform-raises-4-5m-to-help-teach-students-how-to-vibe-code: Client error '429 Too Many Requests' for url 'https://api.firecrawl.dev/v1/scrape'
For more information check: https://developer.mozilla.org/en-US/docs/Web/HTTP/Status/429
2026-08-05 13:54:26 | WARNING  | fundflow | Firecrawl failed for https://techcrunch.com/2026/08/03/aws-is-helping-vibe-coding-startup-superblocks-and-the-implications-are-big: Client error '429 Too Many Requests' for url 'https://api.firecrawl.dev/v1/scrape'
For more information check: https://developer.mozilla.org/en-US/docs/Web/HTTP/Status/429
2026-08-05 13:54:28 | WARNING  | fundflow | Live discovery unavailable (Error code: 402 - {'error': {'message': 'This request requires more credits, or fewer max_tokens. You requested up to 65536 tokens, but can only afford 24012. To increase, visit https://openrouter.ai/settings/credits and upgrade to a paid account', 'code': 402, 'metadata': {'limit_source': 'openrouter_credits', 'remedy_hint': 'Add credits at https://openrouter.ai/settings/credits, or lower max_tokens / prompt size to fit your remaining balance.', 'provider_name': None, 'previous_errors': [{'code': 402, 'message': 'This request requires more credits, or fewer max_tokens. You requested up to 32768 tokens, but can only afford 24012. To increase, visit https://openrouter.ai/settings/credits and upgrade to a paid account'}]}}, 'user_id': 'user_3FlILifPNzaduvBLcAWo2dbMqbg'}); using Demo Data and caching it as a fallback so subsequent requests are instant
2026-08-05 13:54:28 | INFO     | fundflow | Cached 20 discovered companies
2026-08-05 13:54:28,828 INFO sqlalchemy.engine.Engine BEGIN (implicit)
2026-08-05 13:54:28 | INFO     | sqlalchemy.engine.Engine | BEGIN (implicit)
2026-08-05 13:54:28,828 INFO sqlalchemy.engine.Engine SELECT resumes.id AS resumes_id, resumes.original_filename AS resumes_original_filename, resumes.file_path AS resumes_file_path, resumes.name AS resumes_name, resumes.email AS resumes_email, resumes.phone AS resumes_phone, resumes.location AS resumes_location, resumes.summary AS resumes_summary, resumes.skills AS resumes_skills, resumes.experience AS resumes_experience, resumes.education AS resumes_education, resumes.projects AS resumes_projects, resumes.certifications AS resumes_certifications, resumes.technologies AS resumes_technologies, resumes.strengths AS resumes_strengths, resumes.analysis_json AS resumes_analysis_json, resumes.raw_text AS resumes_raw_text, resumes.file_size AS resumes_file_size, resumes.parsed_at AS resumes_parsed_at 
FROM resumes ORDER BY resumes.parsed_at DESC
 LIMIT ? OFFSET ?
2026-08-05 13:54:28 | INFO     | sqlalchemy.engine.Engine | SELECT resumes.id AS resumes_id, resumes.original_filename AS resumes_original_filename, resumes.file_path AS resumes_file_path, resumes.name AS resumes_name, resumes.email AS resumes_email, resumes.phone AS resumes_phone, resumes.location AS resumes_location, resumes.summary AS resumes_summary, resumes.skills AS resumes_skills, resumes.experience AS resumes_experience, resumes.education AS resumes_education, resumes.projects AS resumes_projects, resumes.certifications AS resumes_certifications, resumes.technologies AS resumes_technologies, resumes.strengths AS resumes_strengths, resumes.analysis_json AS resumes_analysis_json, resumes.raw_text AS resumes_raw_text, resumes.file_size AS resumes_file_size, resumes.parsed_at AS resumes_parsed_at 
FROM resumes ORDER BY resumes.parsed_at DESC
 LIMIT ? OFFSET ?
2026-08-05 13:54:28,828 INFO sqlalchemy.engine.Engine [cached since 194.4s ago] (1, 0)
2026-08-05 13:54:28 | INFO     | sqlalchemy.engine.Engine | [cached since 194.4s ago] (1, 0)
2026-08-05 13:54:28,828 INFO sqlalchemy.engine.Engine ROLLBACK
2026-08-05 13:54:28 | INFO     | sqlalchemy.engine.Engine | ROLLBACK
2026-08-05 13:54:28,838 INFO sqlalchemy.engine.Engine BEGIN (implicit)
2026-08-05 13:54:28 | INFO     | sqlalchemy.engine.Engine | BEGIN (implicit)
2026-08-05 13:54:28,838 INFO sqlalchemy.engine.Engine SELECT resumes.id AS resumes_id, resumes.original_filename AS resumes_original_filename, resumes.file_path AS resumes_file_path, resumes.name AS resumes_name, resumes.email AS resumes_email, resumes.phone AS resumes_phone, resumes.location AS resumes_location, resumes.summary AS resumes_summary, resumes.skills AS resumes_skills, resumes.experience AS resumes_experience, resumes.education AS resumes_education, resumes.projects AS resumes_projects, resumes.certifications AS resumes_certifications, resumes.technologies AS resumes_technologies, resumes.strengths AS resumes_strengths, resumes.analysis_json AS resumes_analysis_json, resumes.raw_text AS resumes_raw_text, resumes.file_size AS resumes_file_size, resumes.parsed_at AS resumes_parsed_at 
FROM resumes ORDER BY resumes.parsed_at DESC
 LIMIT ? OFFSET ?
2026-08-05 13:54:28 | INFO     | sqlalchemy.engine.Engine | SELECT resumes.id AS resumes_id, resumes.original_filename AS resumes_original_filename, resumes.file_path AS resumes_file_path, resumes.name AS resumes_name, resumes.email AS resumes_email, resumes.phone AS resumes_phone, resumes.location AS resumes_location, resumes.summary AS resumes_summary, resumes.skills AS resumes_skills, resumes.experience AS resumes_experience, resumes.education AS resumes_education, resumes.projects AS resumes_projects, resumes.certifications AS resumes_certifications, resumes.technologies AS resumes_technologies, resumes.strengths AS resumes_strengths, resumes.analysis_json AS resumes_analysis_json, resumes.raw_text AS resumes_raw_text, resumes.file_size AS resumes_file_size, resumes.parsed_at AS resumes_parsed_at 
FROM resumes ORDER BY resumes.parsed_at DESC
 LIMIT ? OFFSET ?
2026-08-05 13:54:28,838 INFO sqlalchemy.engine.Engine [cached since 194.4s ago] (1, 0)
2026-08-05 13:54:28 | INFO     | sqlalchemy.engine.Engine | [cached since 194.4s ago] (1, 0)
2026-08-05 13:54:28 | ERROR    | fundflow | Unexpected error (request_id=a38b6668-b619-4170-b2f2-d3803704022f): '<' not supported between instances of 'NoneType' and 'NoneType'
Traceback (most recent call last):
  File "C:\Users\atulk\OneDrive\Desktop\Pratik_Assignment\backend\venv\Lib\site-packages\anyio\streams\memory.py", line 98, in receive
    return self.receive_nowait()
           ^^^^^^^^^^^^^^^^^^^^^
  File "C:\Users\atulk\OneDrive\Desktop\Pratik_Assignment\backend\venv\Lib\site-packages\anyio\streams\memory.py", line 93, in receive_nowait
    raise WouldBlock
anyio.WouldBlock

During handling of the above exception, another exception occurred:

Traceback (most recent call last):
  File "C:\Users\atulk\OneDrive\Desktop\Pratik_Assignment\backend\venv\Lib\site-packages\starlette\middleware\base.py", line 78, in call_next
    message = await recv_stream.receive()
              ^^^^^^^^^^^^^^^^^^^^^^^^^^^
  File "C:\Users\atulk\OneDrive\Desktop\Pratik_Assignment\backend\venv\Lib\site-packages\anyio\streams\memory.py", line 118, in receive
    raise EndOfStream
anyio.EndOfStream

During handling of the above exception, another exception occurred:

Traceback (most recent call last):
  File "C:\Users\atulk\OneDrive\Desktop\Pratik_Assignment\backend\venv\Lib\site-packages\starlette\middleware\errors.py", line 162, in __call__
    await self.app(scope, receive, _send)
  File "C:\Users\atulk\OneDrive\Desktop\Pratik_Assignment\backend\venv\Lib\site-packages\starlette\middleware\base.py", line 108, in __call__
    response = await self.dispatch_func(request, call_next)
               ^^^^^^^^^^^^^^^^^^^^^^^^^^^^^^^^^^^^^^^^^^^^
  File "C:\Users\atulk\OneDrive\Desktop\Pratik_Assignment\backend\app\core\middleware.py", line 23, in validate_request
    response = await call_next(request)
               ^^^^^^^^^^^^^^^^^^^^^^^^
  File "C:\Users\atulk\OneDrive\Desktop\Pratik_Assignment\backend\venv\Lib\site-packages\starlette\middleware\base.py", line 84, in call_next
    raise app_exc
  File "C:\Users\atulk\OneDrive\Desktop\Pratik_Assignment\backend\venv\Lib\site-packages\starlette\middleware\base.py", line 70, in coro
    await self.app(scope, receive_or_disconnect, send_no_error)
  File "C:\Users\atulk\OneDrive\Desktop\Pratik_Assignment\backend\venv\Lib\site-packages\starlette\middleware\cors.py", line 83, in __call__
    await self.app(scope, receive, send)
  File "C:\Users\atulk\OneDrive\Desktop\Pratik_Assignment\backend\venv\Lib\site-packages\starlette\middleware\exceptions.py", line 79, in __call__
    raise exc
  File "C:\Users\atulk\OneDrive\Desktop\Pratik_Assignment\backend\venv\Lib\site-packages\starlette\middleware\exceptions.py", line 68, in __call__
    await self.app(scope, receive, sender)
  File "C:\Users\atulk\OneDrive\Desktop\Pratik_Assignment\backend\venv\Lib\site-packages\fastapi\middleware\asyncexitstack.py", line 20, in __call__
    raise e
  File "C:\Users\atulk\OneDrive\Desktop\Pratik_Assignment\backend\venv\Lib\site-packages\fastapi\middleware\asyncexitstack.py", line 17, in __call__
    await self.app(scope, receive, send)
  File "C:\Users\atulk\OneDrive\Desktop\Pratik_Assignment\backend\venv\Lib\site-packages\starlette\routing.py", line 718, in __call__
    await route.handle(scope, receive, send)
  File "C:\Users\atulk\OneDrive\Desktop\Pratik_Assignment\backend\venv\Lib\site-packages\starlette\routing.py", line 276, in handle
    await self.app(scope, receive, send)
  File "C:\Users\atulk\OneDrive\Desktop\Pratik_Assignment\backend\venv\Lib\site-packages\starlette\routing.py", line 66, in app
    response = await func(request)
               ^^^^^^^^^^^^^^^^^^^
  File "C:\Users\atulk\OneDrive\Desktop\Pratik_Assignment\backend\venv\Lib\site-packages\fastapi\routing.py", line 274, in app
    raw_response = await run_endpoint_function(
                   ^^^^^^^^^^^^^^^^^^^^^^^^^^^^
  File "C:\Users\atulk\OneDrive\Desktop\Pratik_Assignment\backend\venv\Lib\site-packages\fastapi\routing.py", line 191, in run_endpoint_function
    return await dependant.call(**values)
           ^^^^^^^^^^^^^^^^^^^^^^^^^^^^^^
  File "C:\Users\atulk\OneDrive\Desktop\Pratik_Assignment\backend\app\api\routes\companies.py", line 573, in list_companies
    scored.sort(key=valid_sort_fields[sort_by], reverse=reverse)
TypeError: '<' not supported between instances of 'NoneType' and 'NoneType'
INFO:     127.0.0.1:59899 - "GET /api/companies HTTP/1.1" 500 Internal Server Error
ERROR:    Exception in ASGI application
Traceback (most recent call last):
  File "C:\Users\atulk\OneDrive\Desktop\Pratik_Assignment\backend\venv\Lib\site-packages\anyio\streams\memory.py", line 98, in receive
    return self.receive_nowait()
           ^^^^^^^^^^^^^^^^^^^^^
  File "C:\Users\atulk\OneDrive\Desktop\Pratik_Assignment\backend\venv\Lib\site-packages\anyio\streams\memory.py", line 93, in receive_nowait
    raise WouldBlock
anyio.WouldBlock

During handling of the above exception, another exception occurred:

Traceback (most recent call last):
  File "C:\Users\atulk\OneDrive\Desktop\Pratik_Assignment\backend\venv\Lib\site-packages\starlette\middleware\base.py", line 78, in call_next
    message = await recv_stream.receive()
              ^^^^^^^^^^^^^^^^^^^^^^^^^^^
  File "C:\Users\atulk\OneDrive\Desktop\Pratik_Assignment\backend\venv\Lib\site-packages\anyio\streams\memory.py", line 118, in receive
    raise EndOfStream
anyio.EndOfStream

During handling of the above exception, another exception occurred:

Traceback (most recent call last):
  File "C:\Users\atulk\OneDrive\Desktop\Pratik_Assignment\backend\venv\Lib\site-packages\uvicorn\protocols\http\httptools_impl.py", line 426, in run_asgi
    result = await app(  # type: ignore[func-returns-value]
             ^^^^^^^^^^^^^^^^^^^^^^^^^^^^^^^^^^^^^^^^^^^^^^
  File "C:\Users\atulk\OneDrive\Desktop\Pratik_Assignment\backend\venv\Lib\site-packages\uvicorn\middleware\proxy_headers.py", line 84, in __call__
    return await self.app(scope, receive, send)
           ^^^^^^^^^^^^^^^^^^^^^^^^^^^^^^^^^^^^
  File "C:\Users\atulk\OneDrive\Desktop\Pratik_Assignment\backend\venv\Lib\site-packages\fastapi\applications.py", line 1106, in __call__
    await super().__call__(scope, receive, send)
  File "C:\Users\atulk\OneDrive\Desktop\Pratik_Assignment\backend\venv\Lib\site-packages\starlette\applications.py", line 122, in __call__
    await self.middleware_stack(scope, receive, send)
  File "C:\Users\atulk\OneDrive\Desktop\Pratik_Assignment\backend\venv\Lib\site-packages\starlette\middleware\errors.py", line 184, in __call__
    raise exc
  File "C:\Users\atulk\OneDrive\Desktop\Pratik_Assignment\backend\venv\Lib\site-packages\starlette\middleware\errors.py", line 162, in __call__
    await self.app(scope, receive, _send)
  File "C:\Users\atulk\OneDrive\Desktop\Pratik_Assignment\backend\venv\Lib\site-packages\starlette\middleware\base.py", line 108, in __call__
    response = await self.dispatch_func(request, call_next)
               ^^^^^^^^^^^^^^^^^^^^^^^^^^^^^^^^^^^^^^^^^^^^
  File "C:\Users\atulk\OneDrive\Desktop\Pratik_Assignment\backend\app\core\middleware.py", line 23, in validate_request
    response = await call_next(request)
               ^^^^^^^^^^^^^^^^^^^^^^^^
  File "C:\Users\atulk\OneDrive\Desktop\Pratik_Assignment\backend\venv\Lib\site-packages\starlette\middleware\base.py", line 84, in call_next
    raise app_exc
  File "C:\Users\atulk\OneDrive\Desktop\Pratik_Assignment\backend\venv\Lib\site-packages\starlette\middleware\base.py", line 70, in coro
    await self.app(scope, receive_or_disconnect, send_no_error)
  File "C:\Users\atulk\OneDrive\Desktop\Pratik_Assignment\backend\venv\Lib\site-packages\starlette\middleware\cors.py", line 83, in __call__
    await self.app(scope, receive, send)
  File "C:\Users\atulk\OneDrive\Desktop\Pratik_Assignment\backend\venv\Lib\site-packages\starlette\middleware\exceptions.py", line 79, in __call__
    raise exc
  File "C:\Users\atulk\OneDrive\Desktop\Pratik_Assignment\backend\venv\Lib\site-packages\starlette\middleware\exceptions.py", line 68, in __call__
    await self.app(scope, receive, sender)
  File "C:\Users\atulk\OneDrive\Desktop\Pratik_Assignment\backend\venv\Lib\site-packages\fastapi\middleware\asyncexitstack.py", line 20, in __call__
    raise e
  File "C:\Users\atulk\OneDrive\Desktop\Pratik_Assignment\backend\venv\Lib\site-packages\fastapi\middleware\asyncexitstack.py", line 17, in __call__
    await self.app(scope, receive, send)
  File "C:\Users\atulk\OneDrive\Desktop\Pratik_Assignment\backend\venv\Lib\site-packages\starlette\routing.py", line 718, in __call__
    await route.handle(scope, receive, send)
  File "C:\Users\atulk\OneDrive\Desktop\Pratik_Assignment\backend\venv\Lib\site-packages\starlette\routing.py", line 276, in handle
    await self.app(scope, receive, send)
  File "C:\Users\atulk\OneDrive\Desktop\Pratik_Assignment\backend\venv\Lib\site-packages\starlette\routing.py", line 66, in app
    response = await func(request)
               ^^^^^^^^^^^^^^^^^^^
  File "C:\Users\atulk\OneDrive\Desktop\Pratik_Assignment\backend\venv\Lib\site-packages\fastapi\routing.py", line 274, in app
    raw_response = await run_endpoint_function(
                   ^^^^^^^^^^^^^^^^^^^^^^^^^^^^
  File "C:\Users\atulk\OneDrive\Desktop\Pratik_Assignment\backend\venv\Lib\site-packages\fastapi\routing.py", line 191, in run_endpoint_function
    return await dependant.call(**values)
           ^^^^^^^^^^^^^^^^^^^^^^^^^^^^^^
  File "C:\Users\atulk\OneDrive\Desktop\Pratik_Assignment\backend\app\api\routes\companies.py", line 573, in list_companies
    scored.sort(key=valid_sort_fields[sort_by], reverse=reverse)
TypeError: '<' not supported between instances of 'NoneType' and 'NoneType'
2026-08-05 13:54:29,205 INFO sqlalchemy.engine.Engine BEGIN (implicit)
2026-08-05 13:54:29 | INFO     | sqlalchemy.engine.Engine | BEGIN (implicit)
2026-08-05 13:54:29,205 INFO sqlalchemy.engine.Engine SELECT resumes.id AS resumes_id, resumes.original_filename AS resumes_original_filename, resumes.file_path AS resumes_file_path, resumes.name AS resumes_name, resumes.email AS resumes_email, resumes.phone AS resumes_phone, resumes.location AS resumes_location, resumes.summary AS resumes_summary, resumes.skills AS resumes_skills, resumes.experience AS resumes_experience, resumes.education AS resumes_education, resumes.projects AS resumes_projects, resumes.certifications AS resumes_certifications, resumes.technologies AS resumes_technologies, resumes.strengths AS resumes_strengths, resumes.analysis_json AS resumes_analysis_json, resumes.raw_text AS resumes_raw_text, resumes.file_size AS resumes_file_size, resumes.parsed_at AS resumes_parsed_at 
FROM resumes ORDER BY resumes.parsed_at DESC
 LIMIT ? OFFSET ?
2026-08-05 13:54:29 | INFO     | sqlalchemy.engine.Engine | SELECT resumes.id AS resumes_id, resumes.original_filename AS resumes_original_filename, resumes.file_path AS resumes_file_path, resumes.name AS resumes_name, resumes.email AS resumes_email, resumes.phone AS resumes_phone, resumes.location AS resumes_location, resumes.summary AS resumes_summary, resumes.skills AS resumes_skills, resumes.experience AS resumes_experience, resumes.education AS resumes_education, resumes.projects AS resumes_projects, resumes.certifications AS resumes_certifications, resumes.technologies AS resumes_technologies, resumes.strengths AS resumes_strengths, resumes.analysis_json AS resumes_analysis_json, resumes.raw_text AS resumes_raw_text, resumes.file_size AS resumes_file_size, resumes.parsed_at AS resumes_parsed_at 
FROM resumes ORDER BY resumes.parsed_at DESC
 LIMIT ? OFFSET ?
2026-08-05 13:54:29,205 INFO sqlalchemy.engine.Engine [cached since 194.7s ago] (1, 0)
2026-08-05 13:54:29 | INFO     | sqlalchemy.engine.Engine | [cached since 194.7s ago] (1, 0)
2026-08-05 13:54:29,205 INFO sqlalchemy.engine.Engine BEGIN (implicit)
2026-08-05 13:54:29 | INFO     | sqlalchemy.engine.Engine | BEGIN (implicit)
2026-08-05 13:54:29,218 INFO sqlalchemy.engine.Engine SELECT resumes.id AS resumes_id, resumes.original_filename AS resumes_original_filename, resumes.file_path AS resumes_file_path, resumes.name AS resumes_name, resumes.email AS resumes_email, resumes.phone AS resumes_phone, resumes.location AS resumes_location, resumes.summary AS resumes_summary, resumes.skills AS resumes_skills, resumes.experience AS resumes_experience, resumes.education AS resumes_education, resumes.projects AS resumes_projects, resumes.certifications AS resumes_certifications, resumes.technologies AS resumes_technologies, resumes.strengths AS resumes_strengths, resumes.analysis_json AS resumes_analysis_json, resumes.raw_text AS resumes_raw_text, resumes.file_size AS resumes_file_size, resumes.parsed_at AS resumes_parsed_at 
FROM resumes ORDER BY resumes.parsed_at DESC
 LIMIT ? OFFSET ?
2026-08-05 13:54:29 | INFO     | sqlalchemy.engine.Engine | SELECT resumes.id AS resumes_id, resumes.original_filename AS resumes_original_filename, resumes.file_path AS resumes_file_path, resumes.name AS resumes_name, resumes.email AS resumes_email, resumes.phone AS resumes_phone, resumes.location AS resumes_location, resumes.summary AS resumes_summary, resumes.skills AS resumes_skills, resumes.experience AS resumes_experience, resumes.education AS resumes_education, resumes.projects AS resumes_projects, resumes.certifications AS resumes_certifications, resumes.technologies AS resumes_technologies, resumes.strengths AS resumes_strengths, resumes.analysis_json AS resumes_analysis_json, resumes.raw_text AS resumes_raw_text, resumes.file_size AS resumes_file_size, resumes.parsed_at AS resumes_parsed_at 
FROM resumes ORDER BY resumes.parsed_at DESC
 LIMIT ? OFFSET ?
2026-08-05 13:54:29,218 INFO sqlalchemy.engine.Engine [cached since 194.7s ago] (1, 0)
2026-08-05 13:54:29 | INFO     | sqlalchemy.engine.Engine | [cached since 194.7s ago] (1, 0)
2026-08-05 13:54:29,218 INFO sqlalchemy.engine.Engine ROLLBACK
2026-08-05 13:54:29 | INFO     | sqlalchemy.engine.Engine | ROLLBACK
2026-08-05 13:54:29,218 INFO sqlalchemy.engine.Engine BEGIN (implicit)
2026-08-05 13:54:29 | INFO     | sqlalchemy.engine.Engine | BEGIN (implicit)
2026-08-05 13:54:29,221 INFO sqlalchemy.engine.Engine SELECT resumes.id AS resumes_id, resumes.original_filename AS resumes_original_filename, resumes.file_path AS resumes_file_path, resumes.name AS resumes_name, resumes.email AS resumes_email, resumes.phone AS resumes_phone, resumes.location AS resumes_location, resumes.summary AS resumes_summary, resumes.skills AS resumes_skills, resumes.experience AS resumes_experience, resumes.education AS resumes_education, resumes.projects AS resumes_projects, resumes.certifications AS resumes_certifications, resumes.technologies AS resumes_technologies, resumes.strengths AS resumes_strengths, resumes.analysis_json AS resumes_analysis_json, resumes.raw_text AS resumes_raw_text, resumes.file_size AS resumes_file_size, resumes.parsed_at AS resumes_parsed_at 
FROM resumes ORDER BY resumes.parsed_at DESC
 LIMIT ? OFFSET ?
2026-08-05 13:54:29 | INFO     | sqlalchemy.engine.Engine | SELECT resumes.id AS resumes_id, resumes.original_filename AS resumes_original_filename, resumes.file_path AS resumes_file_path, resumes.name AS resumes_name, resumes.email AS resumes_email, resumes.phone AS resumes_phone, resumes.location AS resumes_location, resumes.summary AS resumes_summary, resumes.skills AS resumes_skills, resumes.experience AS resumes_experience, resumes.education AS resumes_education, resumes.projects AS resumes_projects, resumes.certifications AS resumes_certifications, resumes.technologies AS resumes_technologies, resumes.strengths AS resumes_strengths, resumes.analysis_json AS resumes_analysis_json, resumes.raw_text AS resumes_raw_text, resumes.file_size AS resumes_file_size, resumes.parsed_at AS resumes_parsed_at 
FROM resumes ORDER BY resumes.parsed_at DESC
 LIMIT ? OFFSET ?
2026-08-05 13:54:29,221 INFO sqlalchemy.engine.Engine [cached since 194.7s ago] (1, 0)
2026-08-05 13:54:29 | INFO     | sqlalchemy.engine.Engine | [cached since 194.7s ago] (1, 0)
2026-08-05 13:54:29,221 INFO sqlalchemy.engine.Engine ROLLBACK
2026-08-05 13:54:29 | INFO     | sqlalchemy.engine.Engine | ROLLBACK
2026-08-05 13:54:29,221 INFO sqlalchemy.engine.Engine BEGIN (implicit)
2026-08-05 13:54:29 | INFO     | sqlalchemy.engine.Engine | BEGIN (implicit)
2026-08-05 13:54:29,221 INFO sqlalchemy.engine.Engine SELECT resumes.id AS resumes_id, resumes.original_filename AS resumes_original_filename, resumes.file_path AS resumes_file_path, resumes.name AS resumes_name, resumes.email AS resumes_email, resumes.phone AS resumes_phone, resumes.location AS resumes_location, resumes.summary AS resumes_summary, resumes.skills AS resumes_skills, resumes.experience AS resumes_experience, resumes.education AS resumes_education, resumes.projects AS resumes_projects, resumes.certifications AS resumes_certifications, resumes.technologies AS resumes_technologies, resumes.strengths AS resumes_strengths, resumes.analysis_json AS resumes_analysis_json, resumes.raw_text AS resumes_raw_text, resumes.file_size AS resumes_file_size, resumes.parsed_at AS resumes_parsed_at 
FROM resumes ORDER BY resumes.parsed_at DESC
 LIMIT ? OFFSET ?
2026-08-05 13:54:29 | INFO     | sqlalchemy.engine.Engine | SELECT resumes.id AS resumes_id, resumes.original_filename AS resumes_original_filename, resumes.file_path AS resumes_file_path, resumes.name AS resumes_name, resumes.email AS resumes_email, resumes.phone AS resumes_phone, resumes.location AS resumes_location, resumes.summary AS resumes_summary, resumes.skills AS resumes_skills, resumes.experience AS resumes_experience, resumes.education AS resumes_education, resumes.projects AS resumes_projects, resumes.certifications AS resumes_certifications, resumes.technologies AS resumes_technologies, resumes.strengths AS resumes_strengths, resumes.analysis_json AS resumes_analysis_json, resumes.raw_text AS resumes_raw_text, resumes.file_size AS resumes_file_size, resumes.parsed_at AS resumes_parsed_at 
FROM resumes ORDER BY resumes.parsed_at DESC
 LIMIT ? OFFSET ?
2026-08-05 13:54:29,221 INFO sqlalchemy.engine.Engine [cached since 194.8s ago] (1, 0)
2026-08-05 13:54:29 | INFO     | sqlalchemy.engine.Engine | [cached since 194.8s ago] (1, 0)
2026-08-05 13:54:29,221 INFO sqlalchemy.engine.Engine ROLLBACK
2026-08-05 13:54:29 | WARNING  | fundflow | HTTP error (request_id=fb38cce6-44d1-4f61-aaff-337b466c5db2): 404 - No resume uploaded yet
2026-08-05 13:54:29,221 INFO sqlalchemy.engine.Engine BEGIN (implicit)
2026-08-05 13:54:29 | INFO     | sqlalchemy.engine.Engine | ROLLBACK
2026-08-05 13:54:29 | INFO     | sqlalchemy.engine.Engine | BEGIN (implicit)
2026-08-05 13:54:29,221 INFO sqlalchemy.engine.Engine SELECT resumes.id AS resumes_id, resumes.original_filename AS resumes_original_filename, resumes.file_path AS resumes_file_path, resumes.name AS resumes_name, resumes.email AS resumes_email, resumes.phone AS resumes_phone, resumes.location AS resumes_location, resumes.summary AS resumes_summary, resumes.skills AS resumes_skills, resumes.experience AS resumes_experience, resumes.education AS resumes_education, resumes.projects AS resumes_projects, resumes.certifications AS resumes_certifications, resumes.technologies AS resumes_technologies, resumes.strengths AS resumes_strengths, resumes.analysis_json AS resumes_analysis_json, resumes.raw_text AS resumes_raw_text, resumes.file_size AS resumes_file_size, resumes.parsed_at AS resumes_parsed_at 
FROM resumes ORDER BY resumes.parsed_at DESC
 LIMIT ? OFFSET ?
2026-08-05 13:54:29 | INFO     | sqlalchemy.engine.Engine | SELECT resumes.id AS resumes_id, resumes.original_filename AS resumes_original_filename, resumes.file_path AS resumes_file_path, resumes.name AS resumes_name, resumes.email AS resumes_email, resumes.phone AS resumes_phone, resumes.location AS resumes_location, resumes.summary AS resumes_summary, resumes.skills AS resumes_skills, resumes.experience AS resumes_experience, resumes.education AS resumes_education, resumes.projects AS resumes_projects, resumes.certifications AS resumes_certifications, resumes.technologies AS resumes_technologies, resumes.strengths AS resumes_strengths, resumes.analysis_json AS resumes_analysis_json, resumes.raw_text AS resumes_raw_text, resumes.file_size AS resumes_file_size, resumes.parsed_at AS resumes_parsed_at 
FROM resumes ORDER BY resumes.parsed_at DESC
 LIMIT ? OFFSET ?
2026-08-05 13:54:29,221 INFO sqlalchemy.engine.Engine [cached since 194.8s ago] (1, 0)
2026-08-05 13:54:29 | INFO     | sqlalchemy.engine.Engine | [cached since 194.8s ago] (1, 0)
2026-08-05 13:54:29,221 INFO sqlalchemy.engine.Engine ROLLBACK
2026-08-05 13:54:29 | WARNING  | fundflow | HTTP error (request_id=87e7a77a-e18c-40e2-8603-b421b6688faf): 404 - No resume uploaded yet
2026-08-05 13:54:29,221 INFO sqlalchemy.engine.Engine BEGIN (implicit)
2026-08-05 13:54:29 | INFO     | sqlalchemy.engine.Engine | ROLLBACK
2026-08-05 13:54:29,221 INFO sqlalchemy.engine.Engine ROLLBACK
2026-08-05 13:54:29 | INFO     | sqlalchemy.engine.Engine | BEGIN (implicit)
2026-08-05 13:54:29,221 INFO sqlalchemy.engine.Engine SELECT resumes.id AS resumes_id, resumes.original_filename AS resumes_original_filename, resumes.file_path AS resumes_file_path, resumes.name AS resumes_name, resumes.email AS resumes_email, resumes.phone AS resumes_phone, resumes.location AS resumes_location, resumes.summary AS resumes_summary, resumes.skills AS resumes_skills, resumes.experience AS resumes_experience, resumes.education AS resumes_education, resumes.projects AS resumes_projects, resumes.certifications AS resumes_certifications, resumes.technologies AS resumes_technologies, resumes.strengths AS resumes_strengths, resumes.analysis_json AS resumes_analysis_json, resumes.raw_text AS resumes_raw_text, resumes.file_size AS resumes_file_size, resumes.parsed_at AS resumes_parsed_at 
FROM resumes ORDER BY resumes.parsed_at DESC
 LIMIT ? OFFSET ?
2026-08-05 13:54:29 | INFO     | sqlalchemy.engine.Engine | ROLLBACK
2026-08-05 13:54:29 | INFO     | sqlalchemy.engine.Engine | SELECT resumes.id AS resumes_id, resumes.original_filename AS resumes_original_filename, resumes.file_path AS resumes_file_path, resumes.name AS resumes_name, resumes.email AS resumes_email, resumes.phone AS resumes_phone, resumes.location AS resumes_location, resumes.summary AS resumes_summary, resumes.skills AS resumes_skills, resumes.experience AS resumes_experience, resumes.education AS resumes_education, resumes.projects AS resumes_projects, resumes.certifications AS resumes_certifications, resumes.technologies AS resumes_technologies, resumes.strengths AS resumes_strengths, resumes.analysis_json AS resumes_analysis_json, resumes.raw_text AS resumes_raw_text, resumes.file_size AS resumes_file_size, resumes.parsed_at AS resumes_parsed_at 
FROM resumes ORDER BY resumes.parsed_at DESC
 LIMIT ? OFFSET ?
2026-08-05 13:54:29,221 INFO sqlalchemy.engine.Engine [cached since 194.8s ago] (1, 0)
2026-08-05 13:54:29 | INFO     | sqlalchemy.engine.Engine | [cached since 194.8s ago] (1, 0)
2026-08-05 13:54:29 | WARNING  | fundflow | HTTP error (request_id=68ffe84b-1834-4d97-9e8e-4507db7707d7): 404 - No resume uploaded yet
2026-08-05 13:54:29 | WARNING  | fundflow | HTTP error (request_id=788a3d9e-e96d-4e31-b309-ed905b189f1e): 404 - No resume uploaded yet
2026-08-05 13:54:29 | WARNING  | fundflow | HTTP error (request_id=f70ee804-f784-41b8-b98a-abaf5f49432e): 404 - No resume uploaded yet
INFO:     127.0.0.1:59901 - "GET /api/resume/latest HTTP/1.1" 404 Not Found
2026-08-05 13:54:29,221 INFO sqlalchemy.engine.Engine ROLLBACK
INFO:     127.0.0.1:59908 - "GET /api/resume/latest HTTP/1.1" 404 Not Found
2026-08-05 13:54:29 | INFO     | sqlalchemy.engine.Engine | ROLLBACK
2026-08-05 13:54:29,221 INFO sqlalchemy.engine.Engine ROLLBACK
INFO:     127.0.0.1:51506 - "GET /api/resume/latest HTTP/1.1" 404 Not Found
2026-08-05 13:54:29 | INFO     | sqlalchemy.engine.Engine | ROLLBACK
INFO:     127.0.0.1:52321 - "GET /api/resume/latest HTTP/1.1" 404 Not Found
INFO:     127.0.0.1:58241 - "GET /api/resume/latest HTTP/1.1" 404 Not Found
2026-08-05 13:54:29 | WARNING  | fundflow | HTTP error (request_id=c8b97e06-d4d3-4941-ad7a-5dfd9dcfba63): 404 - No resume uploaded yet
2026-08-05 13:54:29 | WARNING  | fundflow | HTTP error (request_id=ae364c3a-bc63-438b-b57f-25a33527cbc4): 404 - No resume uploaded yet
INFO:     127.0.0.1:58251 - "GET /api/resume/latest HTTP/1.1" 404 Not Found
INFO:     127.0.0.1:49672 - "GET /api/resume/latest HTTP/1.1" 404 Not Found
2026-08-05 13:54:29,238 INFO sqlalchemy.engine.Engine BEGIN (implicit)
2026-08-05 13:54:29 | INFO     | sqlalchemy.engine.Engine | BEGIN (implicit)
2026-08-05 13:54:29,238 INFO sqlalchemy.engine.Engine SELECT resumes.id AS resumes_id, resumes.original_filename AS resumes_original_filename, resumes.file_path AS resumes_file_path, resumes.name AS resumes_name, resumes.email AS resumes_email, resumes.phone AS resumes_phone, resumes.location AS resumes_location, resumes.summary AS resumes_summary, resumes.skills AS resumes_skills, resumes.experience AS resumes_experience, resumes.education AS resumes_education, resumes.projects AS resumes_projects, resumes.certifications AS resumes_certifications, resumes.technologies AS resumes_technologies, resumes.strengths AS resumes_strengths, resumes.analysis_json AS resumes_analysis_json, resumes.raw_text AS resumes_raw_text, resumes.file_size AS resumes_file_size, resumes.parsed_at AS resumes_parsed_at 
FROM resumes ORDER BY resumes.parsed_at DESC
 LIMIT ? OFFSET ?
2026-08-05 13:54:29 | INFO     | sqlalchemy.engine.Engine | SELECT resumes.id AS resumes_id, resumes.original_filename AS resumes_original_filename, resumes.file_path AS resumes_file_path, resumes.name AS resumes_name, resumes.email AS resumes_email, resumes.phone AS resumes_phone, resumes.location AS resumes_location, resumes.summary AS resumes_summary, resumes.skills AS resumes_skills, resumes.experience AS resumes_experience, resumes.education AS resumes_education, resumes.projects AS resumes_projects, resumes.certifications AS resumes_certifications, resumes.technologies AS resumes_technologies, resumes.strengths AS resumes_strengths, resumes.analysis_json AS resumes_analysis_json, resumes.raw_text AS resumes_raw_text, resumes.file_size AS resumes_file_size, resumes.parsed_at AS resumes_parsed_at 
FROM resumes ORDER BY resumes.parsed_at DESC
 LIMIT ? OFFSET ?
2026-08-05 13:54:29,238 INFO sqlalchemy.engine.Engine [cached since 194.8s ago] (1, 0)
2026-08-05 13:54:29 | INFO     | sqlalchemy.engine.Engine | [cached since 194.8s ago] (1, 0)
2026-08-05 13:54:29,238 INFO sqlalchemy.engine.Engine ROLLBACK
2026-08-05 13:54:29 | INFO     | sqlalchemy.engine.Engine | ROLLBACK
2026-08-05 13:54:29 | WARNING  | fundflow | HTTP error (request_id=9f5d2b52-2b05-4dba-86b2-2a7b67ad03a4): 404 - No resume uploaded yet
INFO:     127.0.0.1:49675 - "GET /api/resume/latest HTTP/1.1" 404 Not Found
2026-08-05 13:54:58 | DEBUG    | multipart.multipart | Calling on_part_begin with no data
2026-08-05 13:54:58 | DEBUG    | multipart.multipart | Calling on_header_field with data[50:69]
2026-08-05 13:54:58 | DEBUG    | multipart.multipart | Calling on_header_value with data[71:114]
2026-08-05 13:54:58 | DEBUG    | multipart.multipart | Calling on_header_end with no data
2026-08-05 13:54:58 | DEBUG    | multipart.multipart | Calling on_header_field with data[116:128]
2026-08-05 13:54:58 | DEBUG    | multipart.multipart | Calling on_header_value with data[130:145]
2026-08-05 13:54:58 | DEBUG    | multipart.multipart | Calling on_header_end with no data
2026-08-05 13:54:58 | DEBUG    | multipart.multipart | Calling on_headers_finished with no data
2026-08-05 13:54:58 | DEBUG    | multipart.multipart | Calling on_part_data with data[149:787]
2026-08-05 13:54:58 | DEBUG    | multipart.multipart | Calling on_part_end with no data
2026-08-05 13:54:58 | DEBUG    | multipart.multipart | Calling on_end with no data
2026-08-05 13:54:58 | INFO     | fundflow | Successfully extracted text using PyMuPDF
2026-08-05 13:55:08 | INFO     | fundflow.performance | PERF: resume_processing completed in 10490.40ms
2026-08-05 13:55:08,553 INFO sqlalchemy.engine.Engine BEGIN (implicit)
2026-08-05 13:55:08 | INFO     | sqlalchemy.engine.Engine | BEGIN (implicit)
2026-08-05 13:55:08,553 INFO sqlalchemy.engine.Engine INSERT INTO resumes (original_filename, file_path, name, email, phone, location, summary, skills, experience, education, projects, technologies, strengths, analysis_json, raw_text, file_size) VALUES (?, ?, ?, ?, ?, ?, ?, ?, ?, ?, ?, ?, ?, ?, ?, ?) RETURNING id, parsed_at
2026-08-05 13:55:08 | INFO     | sqlalchemy.engine.Engine | INSERT INTO resumes (original_filename, file_path, name, email, phone, location, summary, skills, experience, education, projects, technologies, strengths, analysis_json, raw_text, file_size) VALUES (?, ?, ?, ?, ?, ?, ?, ?, ?, ?, ?, ?, ?, ?, ?, ?) RETURNING id, parsed_at
2026-08-05 13:55:08,553 INFO sqlalchemy.engine.Engine [generated in 0.00030s] ('test.pdf', None, 'John Doe', 'john@example.com', '', '', 'Resume profile extracted successfully from a 7-word resume. Add skills and details to your resume to unlock personalized recommendations.', '[]', '[]', '[]', '[]', '["Python", "TypeScript", "React", "FastAPI"]', '[]', '{"name": "John Doe", "email": "john@example.com", "phone": "", "location": "", "professional_summary": "Resume profile extracted successfully from a  ... (333 characters truncated) ... ects": [], "experience": [], "education": [], "strengths": [], "recommended_roles": ["Software Engineer", "Frontend Developer", "Backend Developer"]}', 'John Doe\njohn@example.com\nPython TypeScript React FastAPI', 638)
2026-08-05 13:55:08 | INFO     | sqlalchemy.engine.Engine | [generated in 0.00030s] ('test.pdf', None, 'John Doe', 'john@example.com', '', '', 'Resume profile extracted successfully from a 7-word resume. Add skills and details to your resume to unlock personalized recommendations.', '[]', '[]', '[]', '[]', '["Python", "TypeScript", "React", "FastAPI"]', '[]', '{"name": "John Doe", "email": "john@example.com", "phone": "", "location": "", "professional_summary": "Resume profile extracted successfully from a  ... (333 characters truncated) ... ects": [], "experience": [], "education": [], "strengths": [], "recommended_roles": ["Software Engineer", "Frontend Developer", "Backend Developer"]}', 'John Doe\njohn@example.com\nPython TypeScript React FastAPI', 638)
2026-08-05 13:55:08,570 INFO sqlalchemy.engine.Engine COMMIT
2026-08-05 13:55:08 | INFO     | sqlalchemy.engine.Engine | COMMIT
2026-08-05 13:55:08,570 INFO sqlalchemy.engine.Engine BEGIN (implicit)
2026-08-05 13:55:08 | INFO     | sqlalchemy.engine.Engine | BEGIN (implicit)
2026-08-05 13:55:08,570 INFO sqlalchemy.engine.Engine SELECT resumes.id, resumes.original_filename, resumes.file_path, resumes.name, resumes.email, resumes.phone, resumes.location, resumes.summary, resumes.skills, resumes.experience, resumes.education, resumes.projects, resumes.certifications, resumes.technologies, resumes.strengths, resumes.analysis_json, resumes.raw_text, resumes.file_size, resumes.parsed_at 
FROM resumes 
WHERE resumes.id = ?
2026-08-05 13:55:08 | INFO     | sqlalchemy.engine.Engine | SELECT resumes.id, resumes.original_filename, resumes.file_path, resumes.name, resumes.email, resumes.phone, resumes.location, resumes.summary, resumes.skills, resumes.experience, resumes.education, resumes.projects, resumes.certifications, resumes.technologies, resumes.strengths, resumes.analysis_json, resumes.raw_text, resumes.file_size, resumes.parsed_at 
FROM resumes 
WHERE resumes.id = ?
2026-08-05 13:55:08,570 INFO sqlalchemy.engine.Engine [generated in 0.00025s] (1,)
2026-08-05 13:55:08 | INFO     | sqlalchemy.engine.Engine | [generated in 0.00025s] (1,)
2026-08-05 13:55:08 | INFO     | fundflow | Resume stored in database with ID: 1
2026-08-05 13:55:08 | INFO     | fundflow.performance | PERF: resume_upload_total completed in 10507.09ms
INFO:     127.0.0.1:49690 - "POST /api/resume/upload HTTP/1.1" 200 OK
2026-08-05 13:55:08,585 INFO sqlalchemy.engine.Engine ROLLBACK
2026-08-05 13:55:08 | INFO     | sqlalchemy.engine.Engine | ROLLBACK
2026-08-05 13:55:08,886 INFO sqlalchemy.engine.Engine BEGIN (implicit)
2026-08-05 13:55:08 | INFO     | sqlalchemy.engine.Engine | BEGIN (implicit)
2026-08-05 13:55:08,886 INFO sqlalchemy.engine.Engine SELECT resumes.id AS resumes_id, resumes.original_filename AS resumes_original_filename, resumes.file_path AS resumes_file_path, resumes.name AS resumes_name, resumes.email AS resumes_email, resumes.phone AS resumes_phone, resumes.location AS resumes_location, resumes.summary AS resumes_summary, resumes.skills AS resumes_skills, resumes.experience AS resumes_experience, resumes.education AS resumes_education, resumes.projects AS resumes_projects, resumes.certifications AS resumes_certifications, resumes.technologies AS resumes_technologies, resumes.strengths AS resumes_strengths, resumes.analysis_json AS resumes_analysis_json, resumes.raw_text AS resumes_raw_text, resumes.file_size AS resumes_file_size, resumes.parsed_at AS resumes_parsed_at 
FROM resumes ORDER BY resumes.parsed_at DESC
 LIMIT ? OFFSET ?
2026-08-05 13:55:08 | INFO     | sqlalchemy.engine.Engine | SELECT resumes.id AS resumes_id, resumes.original_filename AS resumes_original_filename, resumes.file_path AS resumes_file_path, resumes.name AS resumes_name, resumes.email AS resumes_email, resumes.phone AS resumes_phone, resumes.location AS resumes_location, resumes.summary AS resumes_summary, resumes.skills AS resumes_skills, resumes.experience AS resumes_experience, resumes.education AS resumes_education, resumes.projects AS resumes_projects, resumes.certifications AS resumes_certifications, resumes.technologies AS resumes_technologies, resumes.strengths AS resumes_strengths, resumes.analysis_json AS resumes_analysis_json, resumes.raw_text AS resumes_raw_text, resumes.file_size AS resumes_file_size, resumes.parsed_at AS resumes_parsed_at 
FROM resumes ORDER BY resumes.parsed_at DESC
 LIMIT ? OFFSET ?
2026-08-05 13:55:08,886 INFO sqlalchemy.engine.Engine [cached since 234.4s ago] (1, 0)
2026-08-05 13:55:08 | INFO     | sqlalchemy.engine.Engine | [cached since 234.4s ago] (1, 0)
INFO:     127.0.0.1:49694 - "GET /api/resume/latest HTTP/1.1" 200 OK
2026-08-05 13:55:08,886 INFO sqlalchemy.engine.Engine ROLLBACK
2026-08-05 13:55:08 | INFO     | sqlalchemy.engine.Engine | ROLLBACK
2026-08-05 13:55:45,553 INFO sqlalchemy.engine.Engine BEGIN (implicit)
2026-08-05 13:55:45 | INFO     | sqlalchemy.engine.Engine | BEGIN (implicit)
2026-08-05 13:55:45,553 INFO sqlalchemy.engine.Engine SELECT resumes.id AS resumes_id, resumes.original_filename AS resumes_original_filename, resumes.file_path AS resumes_file_path, resumes.name AS resumes_name, resumes.email AS resumes_email, resumes.phone AS resumes_phone, resumes.location AS resumes_location, resumes.summary AS resumes_summary, resumes.skills AS resumes_skills, resumes.experience AS resumes_experience, resumes.education AS resumes_education, resumes.projects AS resumes_projects, resumes.certifications AS resumes_certifications, resumes.technologies AS resumes_technologies, resumes.strengths AS resumes_strengths, resumes.analysis_json AS resumes_analysis_json, resumes.raw_text AS resumes_raw_text, resumes.file_size AS resumes_file_size, resumes.parsed_at AS resumes_parsed_at 
FROM resumes ORDER BY resumes.parsed_at DESC
 LIMIT ? OFFSET ?
2026-08-05 13:55:45 | INFO     | sqlalchemy.engine.Engine | SELECT resumes.id AS resumes_id, resumes.original_filename AS resumes_original_filename, resumes.file_path AS resumes_file_path, resumes.name AS resumes_name, resumes.email AS resumes_email, resumes.phone AS resumes_phone, resumes.location AS resumes_location, resumes.summary AS resumes_summary, resumes.skills AS resumes_skills, resumes.experience AS resumes_experience, resumes.education AS resumes_education, resumes.projects AS resumes_projects, resumes.certifications AS resumes_certifications, resumes.technologies AS resumes_technologies, resumes.strengths AS resumes_strengths, resumes.analysis_json AS resumes_analysis_json, resumes.raw_text AS resumes_raw_text, resumes.file_size AS resumes_file_size, resumes.parsed_at AS resumes_parsed_at 
FROM resumes ORDER BY resumes.parsed_at DESC
 LIMIT ? OFFSET ?
2026-08-05 13:55:45,553 INFO sqlalchemy.engine.Engine [cached since 271.1s ago] (1, 0)
2026-08-05 13:55:45 | INFO     | sqlalchemy.engine.Engine | [cached since 271.1s ago] (1, 0)
INFO:     127.0.0.1:65507 - "GET /api/resume/latest HTTP/1.1" 200 OK
2026-08-05 13:55:45,553 INFO sqlalchemy.engine.Engine ROLLBACK
2026-08-05 13:55:45 | INFO     | sqlalchemy.engine.Engine | ROLLBACK
2026-08-05 13:55:45,561 INFO sqlalchemy.engine.Engine BEGIN (implicit)
2026-08-05 13:55:45 | INFO     | sqlalchemy.engine.Engine | BEGIN (implicit)
2026-08-05 13:55:45,561 INFO sqlalchemy.engine.Engine SELECT resumes.id AS resumes_id, resumes.original_filename AS resumes_original_filename, resumes.file_path AS resumes_file_path, resumes.name AS resumes_name, resumes.email AS resumes_email, resumes.phone AS resumes_phone, resumes.location AS resumes_location, resumes.summary AS resumes_summary, resumes.skills AS resumes_skills, resumes.experience AS resumes_experience, resumes.education AS resumes_education, resumes.projects AS resumes_projects, resumes.certifications AS resumes_certifications, resumes.technologies AS resumes_technologies, resumes.strengths AS resumes_strengths, resumes.analysis_json AS resumes_analysis_json, resumes.raw_text AS resumes_raw_text, resumes.file_size AS resumes_file_size, resumes.parsed_at AS resumes_parsed_at 
FROM resumes ORDER BY resumes.parsed_at DESC
 LIMIT ? OFFSET ?
2026-08-05 13:55:45 | INFO     | sqlalchemy.engine.Engine | SELECT resumes.id AS resumes_id, resumes.original_filename AS resumes_original_filename, resumes.file_path AS resumes_file_path, resumes.name AS resumes_name, resumes.email AS resumes_email, resumes.phone AS resumes_phone, resumes.location AS resumes_location, resumes.summary AS resumes_summary, resumes.skills AS resumes_skills, resumes.experience AS resumes_experience, resumes.education AS resumes_education, resumes.projects AS resumes_projects, resumes.certifications AS resumes_certifications, resumes.technologies AS resumes_technologies, resumes.strengths AS resumes_strengths, resumes.analysis_json AS resumes_analysis_json, resumes.raw_text AS resumes_raw_text, resumes.file_size AS resumes_file_size, resumes.parsed_at AS resumes_parsed_at 
FROM resumes ORDER BY resumes.parsed_at DESC
 LIMIT ? OFFSET ?
2026-08-05 13:55:45,561 INFO sqlalchemy.engine.Engine [cached since 271.1s ago] (1, 0)
2026-08-05 13:55:45 | INFO     | sqlalchemy.engine.Engine | [cached since 271.1s ago] (1, 0)
INFO:     127.0.0.1:65509 - "GET /api/resume/latest HTTP/1.1" 200 OK
2026-08-05 13:55:45,567 INFO sqlalchemy.engine.Engine ROLLBACK
2026-08-05 13:55:45 | INFO     | sqlalchemy.engine.Engine | ROLLBACK
2026-08-05 13:55:50 | INFO     | fundflow | [Workflow] Reading Resume (0.30s)
2026-08-05 13:55:50,277 INFO sqlalchemy.engine.Engine BEGIN (implicit)
2026-08-05 13:55:50 | INFO     | sqlalchemy.engine.Engine | BEGIN (implicit)
2026-08-05 13:55:50,277 INFO sqlalchemy.engine.Engine SELECT resumes.id AS resumes_id, resumes.original_filename AS resumes_original_filename, resumes.file_path AS resumes_file_path, resumes.name AS resumes_name, resumes.email AS resumes_email, resumes.phone AS resumes_phone, resumes.location AS resumes_location, resumes.summary AS resumes_summary, resumes.skills AS resumes_skills, resumes.experience AS resumes_experience, resumes.education AS resumes_education, resumes.projects AS resumes_projects, resumes.certifications AS resumes_certifications, resumes.technologies AS resumes_technologies, resumes.strengths AS resumes_strengths, resumes.analysis_json AS resumes_analysis_json, resumes.raw_text AS resumes_raw_text, resumes.file_size AS resumes_file_size, resumes.parsed_at AS resumes_parsed_at 
FROM resumes ORDER BY resumes.parsed_at DESC
 LIMIT ? OFFSET ?
2026-08-05 13:55:50 | INFO     | sqlalchemy.engine.Engine | SELECT resumes.id AS resumes_id, resumes.original_filename AS resumes_original_filename, resumes.file_path AS resumes_file_path, resumes.name AS resumes_name, resumes.email AS resumes_email, resumes.phone AS resumes_phone, resumes.location AS resumes_location, resumes.summary AS resumes_summary, resumes.skills AS resumes_skills, resumes.experience AS resumes_experience, resumes.education AS resumes_education, resumes.projects AS resumes_projects, resumes.certifications AS resumes_certifications, resumes.technologies AS resumes_technologies, resumes.strengths AS resumes_strengths, resumes.analysis_json AS resumes_analysis_json, resumes.raw_text AS resumes_raw_text, resumes.file_size AS resumes_file_size, resumes.parsed_at AS resumes_parsed_at 
FROM resumes ORDER BY resumes.parsed_at DESC
 LIMIT ? OFFSET ?
2026-08-05 13:55:50,277 INFO sqlalchemy.engine.Engine [cached since 275.8s ago] (1, 0)
2026-08-05 13:55:50 | INFO     | sqlalchemy.engine.Engine | [cached since 275.8s ago] (1, 0)
2026-08-05 13:55:50 | INFO     | fundflow | [Workflow] Understanding Candidate Profile (0.30s)
2026-08-05 13:55:50 | INFO     | fundflow | [Workflow] Discovering High-Growth AI Companies (0.40s)
2026-08-05 13:55:50 | INFO     | fundflow | Using cached discovery (20 companies, 0.0h old)
2026-08-05 13:55:50 | INFO     | fundflow | [Workflow] Matching Skills (0.30s)
2026-08-05 13:55:50 | INFO     | fundflow | [Workflow] Ranking Opportunities (0.30s)
2026-08-05 13:55:50 | INFO     | fundflow | [Workflow] Generating Cover Letter (0.40s)
2026-08-05 13:56:04 | INFO     | fundflow | [Workflow] Preparing Weekly Career Report (0.40s)
INFO:     127.0.0.1:64859 - "POST /api/workflow/weekly-report HTTP/1.1" 200 OK
2026-08-05 13:56:04,869 INFO sqlalchemy.engine.Engine ROLLBACK
2026-08-05 13:56:04 | INFO     | sqlalchemy.engine.Engine | ROLLBACK
2026-08-05 13:56:05 | INFO     | fundflow | Using cached discovery (20 companies, 0.0h old)
2026-08-05 13:56:05,455 INFO sqlalchemy.engine.Engine BEGIN (implicit)
2026-08-05 13:56:05 | INFO     | sqlalchemy.engine.Engine | BEGIN (implicit)
2026-08-05 13:56:05,455 INFO sqlalchemy.engine.Engine SELECT resumes.id AS resumes_id, resumes.original_filename AS resumes_original_filename, resumes.file_path AS resumes_file_path, resumes.name AS resumes_name, resumes.email AS resumes_email, resumes.phone AS resumes_phone, resumes.location AS resumes_location, resumes.summary AS resumes_summary, resumes.skills AS resumes_skills, resumes.experience AS resumes_experience, resumes.education AS resumes_education, resumes.projects AS resumes_projects, resumes.certifications AS resumes_certifications, resumes.technologies AS resumes_technologies, resumes.strengths AS resumes_strengths, resumes.analysis_json AS resumes_analysis_json, resumes.raw_text AS resumes_raw_text, resumes.file_size AS resumes_file_size, resumes.parsed_at AS resumes_parsed_at 
FROM resumes ORDER BY resumes.parsed_at DESC
 LIMIT ? OFFSET ?
2026-08-05 13:56:05 | INFO     | sqlalchemy.engine.Engine | SELECT resumes.id AS resumes_id, resumes.original_filename AS resumes_original_filename, resumes.file_path AS resumes_file_path, resumes.name AS resumes_name, resumes.email AS resumes_email, resumes.phone AS resumes_phone, resumes.location AS resumes_location, resumes.summary AS resumes_summary, resumes.skills AS resumes_skills, resumes.experience AS resumes_experience, resumes.education AS resumes_education, resumes.projects AS resumes_projects, resumes.certifications AS resumes_certifications, resumes.technologies AS resumes_technologies, resumes.strengths AS resumes_strengths, resumes.analysis_json AS resumes_analysis_json, resumes.raw_text AS resumes_raw_text, resumes.file_size AS resumes_file_size, resumes.parsed_at AS resumes_parsed_at 
FROM resumes ORDER BY resumes.parsed_at DESC
 LIMIT ? OFFSET ?
2026-08-05 13:56:05,455 INFO sqlalchemy.engine.Engine [cached since 291s ago] (1, 0)
2026-08-05 13:56:05 | INFO     | sqlalchemy.engine.Engine | [cached since 291s ago] (1, 0)
INFO:     127.0.0.1:51562 - "GET /api/companies HTTP/1.1" 200 OK
2026-08-05 13:56:05,460 INFO sqlalchemy.engine.Engine ROLLBACK
2026-08-05 13:56:05 | INFO     | sqlalchemy.engine.Engine | ROLLBACK
2026-08-05 13:56:05,460 INFO sqlalchemy.engine.Engine BEGIN (implicit)
2026-08-05 13:56:05 | INFO     | sqlalchemy.engine.Engine | BEGIN (implicit)
2026-08-05 13:56:05,460 INFO sqlalchemy.engine.Engine SELECT resumes.id AS resumes_id, resumes.original_filename AS resumes_original_filename, resumes.file_path AS resumes_file_path, resumes.name AS resumes_name, resumes.email AS resumes_email, resumes.phone AS resumes_phone, resumes.location AS resumes_location, resumes.summary AS resumes_summary, resumes.skills AS resumes_skills, resumes.experience AS resumes_experience, resumes.education AS resumes_education, resumes.projects AS resumes_projects, resumes.certifications AS resumes_certifications, resumes.technologies AS resumes_technologies, resumes.strengths AS resumes_strengths, resumes.analysis_json AS resumes_analysis_json, resumes.raw_text AS resumes_raw_text, resumes.file_size AS resumes_file_size, resumes.parsed_at AS resumes_parsed_at 
FROM resumes ORDER BY resumes.parsed_at DESC
 LIMIT ? OFFSET ?
2026-08-05 13:56:05 | INFO     | sqlalchemy.engine.Engine | SELECT resumes.id AS resumes_id, resumes.original_filename AS resumes_original_filename, resumes.file_path AS resumes_file_path, resumes.name AS resumes_name, resumes.email AS resumes_email, resumes.phone AS resumes_phone, resumes.location AS resumes_location, resumes.summary AS resumes_summary, resumes.skills AS resumes_skills, resumes.experience AS resumes_experience, resumes.education AS resumes_education, resumes.projects AS resumes_projects, resumes.certifications AS resumes_certifications, resumes.technologies AS resumes_technologies, resumes.strengths AS resumes_strengths, resumes.analysis_json AS resumes_analysis_json, resumes.raw_text AS resumes_raw_text, resumes.file_size AS resumes_file_size, resumes.parsed_at AS resumes_parsed_at 
FROM resumes ORDER BY resumes.parsed_at DESC
 LIMIT ? OFFSET ?
2026-08-05 13:56:05,460 INFO sqlalchemy.engine.Engine [cached since 291s ago] (1, 0)
2026-08-05 13:56:05 | INFO     | sqlalchemy.engine.Engine | [cached since 291s ago] (1, 0)
INFO:     127.0.0.1:51564 - "GET /api/resume/latest HTTP/1.1" 200 OK
2026-08-05 13:56:05,460 INFO sqlalchemy.engine.Engine ROLLBACK
2026-08-05 13:56:05 | INFO     | sqlalchemy.engine.Engine | ROLLBACK
2026-08-05 13:56:05 | INFO     | fundflow | Using cached discovery (20 companies, 0.0h old)
2026-08-05 13:56:05,460 INFO sqlalchemy.engine.Engine BEGIN (implicit)
2026-08-05 13:56:05 | INFO     | sqlalchemy.engine.Engine | BEGIN (implicit)
2026-08-05 13:56:05,469 INFO sqlalchemy.engine.Engine SELECT resumes.id AS resumes_id, resumes.original_filename AS resumes_original_filename, resumes.file_path AS resumes_file_path, resumes.name AS resumes_name, resumes.email AS resumes_email, resumes.phone AS resumes_phone, resumes.location AS resumes_location, resumes.summary AS resumes_summary, resumes.skills AS resumes_skills, resumes.experience AS resumes_experience, resumes.education AS resumes_education, resumes.projects AS resumes_projects, resumes.certifications AS resumes_certifications, resumes.technologies AS resumes_technologies, resumes.strengths AS resumes_strengths, resumes.analysis_json AS resumes_analysis_json, resumes.raw_text AS resumes_raw_text, resumes.file_size AS resumes_file_size, resumes.parsed_at AS resumes_parsed_at 
FROM resumes ORDER BY resumes.parsed_at DESC
 LIMIT ? OFFSET ?
2026-08-05 13:56:05 | INFO     | sqlalchemy.engine.Engine | SELECT resumes.id AS resumes_id, resumes.original_filename AS resumes_original_filename, resumes.file_path AS resumes_file_path, resumes.name AS resumes_name, resumes.email AS resumes_email, resumes.phone AS resumes_phone, resumes.location AS resumes_location, resumes.summary AS resumes_summary, resumes.skills AS resumes_skills, resumes.experience AS resumes_experience, resumes.education AS resumes_education, resumes.projects AS resumes_projects, resumes.certifications AS resumes_certifications, resumes.technologies AS resumes_technologies, resumes.strengths AS resumes_strengths, resumes.analysis_json AS resumes_analysis_json, resumes.raw_text AS resumes_raw_text, resumes.file_size AS resumes_file_size, resumes.parsed_at AS resumes_parsed_at 
FROM resumes ORDER BY resumes.parsed_at DESC
 LIMIT ? OFFSET ?
2026-08-05 13:56:05,469 INFO sqlalchemy.engine.Engine [cached since 291s ago] (1, 0)
2026-08-05 13:56:05 | INFO     | sqlalchemy.engine.Engine | [cached since 291s ago] (1, 0)
INFO:     127.0.0.1:51566 - "GET /api/companies HTTP/1.1" 200 OK
2026-08-05 13:56:05,473 INFO sqlalchemy.engine.Engine ROLLBACK
2026-08-05 13:56:05 | INFO     | sqlalchemy.engine.Engine | ROLLBACK
2026-08-05 13:56:05,475 INFO sqlalchemy.engine.Engine BEGIN (implicit)
2026-08-05 13:56:05 | INFO     | sqlalchemy.engine.Engine | BEGIN (implicit)
2026-08-05 13:56:05,475 INFO sqlalchemy.engine.Engine SELECT resumes.id AS resumes_id, resumes.original_filename AS resumes_original_filename, resumes.file_path AS resumes_file_path, resumes.name AS resumes_name, resumes.email AS resumes_email, resumes.phone AS resumes_phone, resumes.location AS resumes_location, resumes.summary AS resumes_summary, resumes.skills AS resumes_skills, resumes.experience AS resumes_experience, resumes.education AS resumes_education, resumes.projects AS resumes_projects, resumes.certifications AS resumes_certifications, resumes.technologies AS resumes_technologies, resumes.strengths AS resumes_strengths, resumes.analysis_json AS resumes_analysis_json, resumes.raw_text AS resumes_raw_text, resumes.file_size AS resumes_file_size, resumes.parsed_at AS resumes_parsed_at 
FROM resumes ORDER BY resumes.parsed_at DESC
 LIMIT ? OFFSET ?
2026-08-05 13:56:05 | INFO     | sqlalchemy.engine.Engine | SELECT resumes.id AS resumes_id, resumes.original_filename AS resumes_original_filename, resumes.file_path AS resumes_file_path, resumes.name AS resumes_name, resumes.email AS resumes_email, resumes.phone AS resumes_phone, resumes.location AS resumes_location, resumes.summary AS resumes_summary, resumes.skills AS resumes_skills, resumes.experience AS resumes_experience, resumes.education AS resumes_education, resumes.projects AS resumes_projects, resumes.certifications AS resumes_certifications, resumes.technologies AS resumes_technologies, resumes.strengths AS resumes_strengths, resumes.analysis_json AS resumes_analysis_json, resumes.raw_text AS resumes_raw_text, resumes.file_size AS resumes_file_size, resumes.parsed_at AS resumes_parsed_at 
FROM resumes ORDER BY resumes.parsed_at DESC
 LIMIT ? OFFSET ?
2026-08-05 13:56:05,475 INFO sqlalchemy.engine.Engine [cached since 291s ago] (1, 0)
2026-08-05 13:56:05 | INFO     | sqlalchemy.engine.Engine | [cached since 291s ago] (1, 0)
INFO:     127.0.0.1:51568 - "GET /api/resume/latest HTTP/1.1" 200 OK
2026-08-05 13:56:05,476 INFO sqlalchemy.engine.Engine ROLLBACK
2026-08-05 13:56:05 | INFO     | sqlalchemy.engine.Engine | ROLLBACK
2026-08-05 13:56:08,537 INFO sqlalchemy.engine.Engine BEGIN (implicit)
2026-08-05 13:56:08 | INFO     | sqlalchemy.engine.Engine | BEGIN (implicit)
2026-08-05 13:56:08,537 INFO sqlalchemy.engine.Engine SELECT resumes.id AS resumes_id, resumes.original_filename AS resumes_original_filename, resumes.file_path AS resumes_file_path, resumes.name AS resumes_name, resumes.email AS resumes_email, resumes.phone AS resumes_phone, resumes.location AS resumes_location, resumes.summary AS resumes_summary, resumes.skills AS resumes_skills, resumes.experience AS resumes_experience, resumes.education AS resumes_education, resumes.projects AS resumes_projects, resumes.certifications AS resumes_certifications, resumes.technologies AS resumes_technologies, resumes.strengths AS resumes_strengths, resumes.analysis_json AS resumes_analysis_json, resumes.raw_text AS resumes_raw_text, resumes.file_size AS resumes_file_size, resumes.parsed_at AS resumes_parsed_at 
FROM resumes ORDER BY resumes.parsed_at DESC
 LIMIT ? OFFSET ?
2026-08-05 13:56:08 | INFO     | sqlalchemy.engine.Engine | SELECT resumes.id AS resumes_id, resumes.original_filename AS resumes_original_filename, resumes.file_path AS resumes_file_path, resumes.name AS resumes_name, resumes.email AS resumes_email, resumes.phone AS resumes_phone, resumes.location AS resumes_location, resumes.summary AS resumes_summary, resumes.skills AS resumes_skills, resumes.experience AS resumes_experience, resumes.education AS resumes_education, resumes.projects AS resumes_projects, resumes.certifications AS resumes_certifications, resumes.technologies AS resumes_technologies, resumes.strengths AS resumes_strengths, resumes.analysis_json AS resumes_analysis_json, resumes.raw_text AS resumes_raw_text, resumes.file_size AS resumes_file_size, resumes.parsed_at AS resumes_parsed_at 
FROM resumes ORDER BY resumes.parsed_at DESC
 LIMIT ? OFFSET ?
2026-08-05 13:56:08,537 INFO sqlalchemy.engine.Engine [cached since 294.1s ago] (1, 0)
2026-08-05 13:56:08 | INFO     | sqlalchemy.engine.Engine | [cached since 294.1s ago] (1, 0)
INFO:     127.0.0.1:60317 - "GET /api/resume/latest HTTP/1.1" 200 OK
2026-08-05 13:56:08,537 INFO sqlalchemy.engine.Engine ROLLBACK
2026-08-05 13:56:08 | INFO     | sqlalchemy.engine.Engine | ROLLBACK
2026-08-05 13:56:08,537 INFO sqlalchemy.engine.Engine BEGIN (implicit)
2026-08-05 13:56:08 | INFO     | sqlalchemy.engine.Engine | BEGIN (implicit)
2026-08-05 13:56:08,537 INFO sqlalchemy.engine.Engine SELECT resumes.id AS resumes_id, resumes.original_filename AS resumes_original_filename, resumes.file_path AS resumes_file_path, resumes.name AS resumes_name, resumes.email AS resumes_email, resumes.phone AS resumes_phone, resumes.location AS resumes_location, resumes.summary AS resumes_summary, resumes.skills AS resumes_skills, resumes.experience AS resumes_experience, resumes.education AS resumes_education, resumes.projects AS resumes_projects, resumes.certifications AS resumes_certifications, resumes.technologies AS resumes_technologies, resumes.strengths AS resumes_strengths, resumes.analysis_json AS resumes_analysis_json, resumes.raw_text AS resumes_raw_text, resumes.file_size AS resumes_file_size, resumes.parsed_at AS resumes_parsed_at 
FROM resumes ORDER BY resumes.parsed_at DESC
 LIMIT ? OFFSET ?
2026-08-05 13:56:08 | INFO     | sqlalchemy.engine.Engine | SELECT resumes.id AS resumes_id, resumes.original_filename AS resumes_original_filename, resumes.file_path AS resumes_file_path, resumes.name AS resumes_name, resumes.email AS resumes_email, resumes.phone AS resumes_phone, resumes.location AS resumes_location, resumes.summary AS resumes_summary, resumes.skills AS resumes_skills, resumes.experience AS resumes_experience, resumes.education AS resumes_education, resumes.projects AS resumes_projects, resumes.certifications AS resumes_certifications, resumes.technologies AS resumes_technologies, resumes.strengths AS resumes_strengths, resumes.analysis_json AS resumes_analysis_json, resumes.raw_text AS resumes_raw_text, resumes.file_size AS resumes_file_size, resumes.parsed_at AS resumes_parsed_at 
FROM resumes ORDER BY resumes.parsed_at DESC
 LIMIT ? OFFSET ?
2026-08-05 13:56:08,537 INFO sqlalchemy.engine.Engine [cached since 294.1s ago] (1, 0)
2026-08-05 13:56:08 | INFO     | sqlalchemy.engine.Engine | [cached since 294.1s ago] (1, 0)
INFO:     127.0.0.1:60319 - "GET /api/resume/latest HTTP/1.1" 200 OK
2026-08-05 13:56:08,537 INFO sqlalchemy.engine.Engine ROLLBACK
2026-08-05 13:56:08 | INFO     | sqlalchemy.engine.Engine | ROLLBACK
2026-08-05 13:56:11,630 INFO sqlalchemy.engine.Engine BEGIN (implicit)
2026-08-05 13:56:11 | INFO     | sqlalchemy.engine.Engine | BEGIN (implicit)
2026-08-05 13:56:11,630 INFO sqlalchemy.engine.Engine SELECT resumes.id AS resumes_id, resumes.original_filename AS resumes_original_filename, resumes.file_path AS resumes_file_path, resumes.name AS resumes_name, resumes.email AS resumes_email, resumes.phone AS resumes_phone, resumes.location AS resumes_location, resumes.summary AS resumes_summary, resumes.skills AS resumes_skills, resumes.experience AS resumes_experience, resumes.education AS resumes_education, resumes.projects AS resumes_projects, resumes.certifications AS resumes_certifications, resumes.technologies AS resumes_technologies, resumes.strengths AS resumes_strengths, resumes.analysis_json AS resumes_analysis_json, resumes.raw_text AS resumes_raw_text, resumes.file_size AS resumes_file_size, resumes.parsed_at AS resumes_parsed_at 
FROM resumes ORDER BY resumes.parsed_at DESC
 LIMIT ? OFFSET ?
2026-08-05 13:56:11 | INFO     | sqlalchemy.engine.Engine | SELECT resumes.id AS resumes_id, resumes.original_filename AS resumes_original_filename, resumes.file_path AS resumes_file_path, resumes.name AS resumes_name, resumes.email AS resumes_email, resumes.phone AS resumes_phone, resumes.location AS resumes_location, resumes.summary AS resumes_summary, resumes.skills AS resumes_skills, resumes.experience AS resumes_experience, resumes.education AS resumes_education, resumes.projects AS resumes_projects, resumes.certifications AS resumes_certifications, resumes.technologies AS resumes_technologies, resumes.strengths AS resumes_strengths, resumes.analysis_json AS resumes_analysis_json, resumes.raw_text AS resumes_raw_text, resumes.file_size AS resumes_file_size, resumes.parsed_at AS resumes_parsed_at 
FROM resumes ORDER BY resumes.parsed_at DESC
 LIMIT ? OFFSET ?
2026-08-05 13:56:11,630 INFO sqlalchemy.engine.Engine [cached since 297.2s ago] (1, 0)
2026-08-05 13:56:11 | INFO     | sqlalchemy.engine.Engine | [cached since 297.2s ago] (1, 0)
INFO:     127.0.0.1:61618 - "GET /api/resume/latest HTTP/1.1" 200 OK
2026-08-05 13:56:11,633 INFO sqlalchemy.engine.Engine ROLLBACK
2026-08-05 13:56:11 | INFO     | sqlalchemy.engine.Engine | ROLLBACK
2026-08-05 13:56:11,639 INFO sqlalchemy.engine.Engine BEGIN (implicit)
2026-08-05 13:56:11 | INFO     | sqlalchemy.engine.Engine | BEGIN (implicit)
2026-08-05 13:56:11,640 INFO sqlalchemy.engine.Engine SELECT resumes.id AS resumes_id, resumes.original_filename AS resumes_original_filename, resumes.file_path AS resumes_file_path, resumes.name AS resumes_name, resumes.email AS resumes_email, resumes.phone AS resumes_phone, resumes.location AS resumes_location, resumes.summary AS resumes_summary, resumes.skills AS resumes_skills, resumes.experience AS resumes_experience, resumes.education AS resumes_education, resumes.projects AS resumes_projects, resumes.certifications AS resumes_certifications, resumes.technologies AS resumes_technologies, resumes.strengths AS resumes_strengths, resumes.analysis_json AS resumes_analysis_json, resumes.raw_text AS resumes_raw_text, resumes.file_size AS resumes_file_size, resumes.parsed_at AS resumes_parsed_at 
FROM resumes ORDER BY resumes.parsed_at DESC
 LIMIT ? OFFSET ?
2026-08-05 13:56:11 | INFO     | sqlalchemy.engine.Engine | SELECT resumes.id AS resumes_id, resumes.original_filename AS resumes_original_filename, resumes.file_path AS resumes_file_path, resumes.name AS resumes_name, resumes.email AS resumes_email, resumes.phone AS resumes_phone, resumes.location AS resumes_location, resumes.summary AS resumes_summary, resumes.skills AS resumes_skills, resumes.experience AS resumes_experience, resumes.education AS resumes_education, resumes.projects AS resumes_projects, resumes.certifications AS resumes_certifications, resumes.technologies AS resumes_technologies, resumes.strengths AS resumes_strengths, resumes.analysis_json AS resumes_analysis_json, resumes.raw_text AS resumes_raw_text, resumes.file_size AS resumes_file_size, resumes.parsed_at AS resumes_parsed_at 
FROM resumes ORDER BY resumes.parsed_at DESC
 LIMIT ? OFFSET ?
2026-08-05 13:56:11,640 INFO sqlalchemy.engine.Engine [cached since 297.2s ago] (1, 0)
2026-08-05 13:56:11 | INFO     | sqlalchemy.engine.Engine | [cached since 297.2s ago] (1, 0)
INFO:     127.0.0.1:61620 - "GET /api/resume/latest HTTP/1.1" 200 OK
2026-08-05 13:56:11,640 INFO sqlalchemy.engine.Engine ROLLBACK
2026-08-05 13:56:11 | INFO     | sqlalchemy.engine.Engine | ROLLBACK
2026-08-05 13:56:16,745 INFO sqlalchemy.engine.Engine BEGIN (implicit)
2026-08-05 13:56:16 | INFO     | sqlalchemy.engine.Engine | BEGIN (implicit)
2026-08-05 13:56:16,745 INFO sqlalchemy.engine.Engine SELECT resumes.id AS resumes_id, resumes.original_filename AS resumes_original_filename, resumes.file_path AS resumes_file_path, resumes.name AS resumes_name, resumes.email AS resumes_email, resumes.phone AS resumes_phone, resumes.location AS resumes_location, resumes.summary AS resumes_summary, resumes.skills AS resumes_skills, resumes.experience AS resumes_experience, resumes.education AS resumes_education, resumes.projects AS resumes_projects, resumes.certifications AS resumes_certifications, resumes.technologies AS resumes_technologies, resumes.strengths AS resumes_strengths, resumes.analysis_json AS resumes_analysis_json, resumes.raw_text AS resumes_raw_text, resumes.file_size AS resumes_file_size, resumes.parsed_at AS resumes_parsed_at 
FROM resumes ORDER BY resumes.parsed_at DESC
 LIMIT ? OFFSET ?
2026-08-05 13:56:16 | INFO     | sqlalchemy.engine.Engine | SELECT resumes.id AS resumes_id, resumes.original_filename AS resumes_original_filename, resumes.file_path AS resumes_file_path, resumes.name AS resumes_name, resumes.email AS resumes_email, resumes.phone AS resumes_phone, resumes.location AS resumes_location, resumes.summary AS resumes_summary, resumes.skills AS resumes_skills, resumes.experience AS resumes_experience, resumes.education AS resumes_education, resumes.projects AS resumes_projects, resumes.certifications AS resumes_certifications, resumes.technologies AS resumes_technologies, resumes.strengths AS resumes_strengths, resumes.analysis_json AS resumes_analysis_json, resumes.raw_text AS resumes_raw_text, resumes.file_size AS resumes_file_size, resumes.parsed_at AS resumes_parsed_at 
FROM resumes ORDER BY resumes.parsed_at DESC
 LIMIT ? OFFSET ?
2026-08-05 13:56:16,745 INFO sqlalchemy.engine.Engine [cached since 302.3s ago] (1, 0)
2026-08-05 13:56:16 | INFO     | sqlalchemy.engine.Engine | [cached since 302.3s ago] (1, 0)
INFO:     127.0.0.1:55481 - "GET /api/resume/latest HTTP/1.1" 200 OK
2026-08-05 13:56:16,745 INFO sqlalchemy.engine.Engine ROLLBACK
2026-08-05 13:56:16 | INFO     | sqlalchemy.engine.Engine | ROLLBACK
2026-08-05 13:56:16,745 INFO sqlalchemy.engine.Engine BEGIN (implicit)
2026-08-05 13:56:16 | INFO     | sqlalchemy.engine.Engine | BEGIN (implicit)
2026-08-05 13:56:16,745 INFO sqlalchemy.engine.Engine SELECT resumes.id AS resumes_id, resumes.original_filename AS resumes_original_filename, resumes.file_path AS resumes_file_path, resumes.name AS resumes_name, resumes.email AS resumes_email, resumes.phone AS resumes_phone, resumes.location AS resumes_location, resumes.summary AS resumes_summary, resumes.skills AS resumes_skills, resumes.experience AS resumes_experience, resumes.education AS resumes_education, resumes.projects AS resumes_projects, resumes.certifications AS resumes_certifications, resumes.technologies AS resumes_technologies, resumes.strengths AS resumes_strengths, resumes.analysis_json AS resumes_analysis_json, resumes.raw_text AS resumes_raw_text, resumes.file_size AS resumes_file_size, resumes.parsed_at AS resumes_parsed_at 
FROM resumes ORDER BY resumes.parsed_at DESC
 LIMIT ? OFFSET ?
2026-08-05 13:56:16 | INFO     | sqlalchemy.engine.Engine | SELECT resumes.id AS resumes_id, resumes.original_filename AS resumes_original_filename, resumes.file_path AS resumes_file_path, resumes.name AS resumes_name, resumes.email AS resumes_email, resumes.phone AS resumes_phone, resumes.location AS resumes_location, resumes.summary AS resumes_summary, resumes.skills AS resumes_skills, resumes.experience AS resumes_experience, resumes.education AS resumes_education, resumes.projects AS resumes_projects, resumes.certifications AS resumes_certifications, resumes.technologies AS resumes_technologies, resumes.strengths AS resumes_strengths, resumes.analysis_json AS resumes_analysis_json, resumes.raw_text AS resumes_raw_text, resumes.file_size AS resumes_file_size, resumes.parsed_at AS resumes_parsed_at 
FROM resumes ORDER BY resumes.parsed_at DESC
 LIMIT ? OFFSET ?
2026-08-05 13:56:16,745 INFO sqlalchemy.engine.Engine [cached since 302.3s ago] (1, 0)
2026-08-05 13:56:16 | INFO     | sqlalchemy.engine.Engine | [cached since 302.3s ago] (1, 0)
INFO:     127.0.0.1:55483 - "GET /api/resume/latest HTTP/1.1" 200 OK
2026-08-05 13:56:16,755 INFO sqlalchemy.engine.Engine ROLLBACK
2026-08-05 13:56:16 | INFO     | sqlalchemy.engine.Engine | ROLLBACK
2026-08-05 13:57:10,650 INFO sqlalchemy.engine.Engine BEGIN (implicit)
2026-08-05 13:57:10 | INFO     | sqlalchemy.engine.Engine | BEGIN (implicit)
2026-08-05 13:57:10,652 INFO sqlalchemy.engine.Engine SELECT resumes.id AS resumes_id, resumes.original_filename AS resumes_original_filename, resumes.file_path AS resumes_file_path, resumes.name AS resumes_name, resumes.email AS resumes_email, resumes.phone AS resumes_phone, resumes.location AS resumes_location, resumes.summary AS resumes_summary, resumes.skills AS resumes_skills, resumes.experience AS resumes_experience, resumes.education AS resumes_education, resumes.projects AS resumes_projects, resumes.certifications AS resumes_certifications, resumes.technologies AS resumes_technologies, resumes.strengths AS resumes_strengths, resumes.analysis_json AS resumes_analysis_json, resumes.raw_text AS resumes_raw_text, resumes.file_size AS resumes_file_size, resumes.parsed_at AS resumes_parsed_at 
FROM resumes ORDER BY resumes.parsed_at DESC
 LIMIT ? OFFSET ?
2026-08-05 13:57:10 | INFO     | sqlalchemy.engine.Engine | SELECT resumes.id AS resumes_id, resumes.original_filename AS resumes_original_filename, resumes.file_path AS resumes_file_path, resumes.name AS resumes_name, resumes.email AS resumes_email, resumes.phone AS resumes_phone, resumes.location AS resumes_location, resumes.summary AS resumes_summary, resumes.skills AS resumes_skills, resumes.experience AS resumes_experience, resumes.education AS resumes_education, resumes.projects AS resumes_projects, resumes.certifications AS resumes_certifications, resumes.technologies AS resumes_technologies, resumes.strengths AS resumes_strengths, resumes.analysis_json AS resumes_analysis_json, resumes.raw_text AS resumes_raw_text, resumes.file_size AS resumes_file_size, resumes.parsed_at AS resumes_parsed_at 
FROM resumes ORDER BY resumes.parsed_at DESC
 LIMIT ? OFFSET ?
2026-08-05 13:57:10,652 INFO sqlalchemy.engine.Engine [cached since 356.2s ago] (1, 0)
2026-08-05 13:57:10 | INFO     | sqlalchemy.engine.Engine | [cached since 356.2s ago] (1, 0)
INFO:     127.0.0.1:63600 - "GET /api/resume/latest HTTP/1.1" 200 OK
2026-08-05 13:57:10,654 INFO sqlalchemy.engine.Engine ROLLBACK
2026-08-05 13:57:10 | INFO     | sqlalchemy.engine.Engine | ROLLBACK
2026-08-05 13:57:10,660 INFO sqlalchemy.engine.Engine BEGIN (implicit)
2026-08-05 13:57:10 | INFO     | sqlalchemy.engine.Engine | BEGIN (implicit)
2026-08-05 13:57:10,662 INFO sqlalchemy.engine.Engine SELECT resumes.id AS resumes_id, resumes.original_filename AS resumes_original_filename, resumes.file_path AS resumes_file_path, resumes.name AS resumes_name, resumes.email AS resumes_email, resumes.phone AS resumes_phone, resumes.location AS resumes_location, resumes.summary AS resumes_summary, resumes.skills AS resumes_skills, resumes.experience AS resumes_experience, resumes.education AS resumes_education, resumes.projects AS resumes_projects, resumes.certifications AS resumes_certifications, resumes.technologies AS resumes_technologies, resumes.strengths AS resumes_strengths, resumes.analysis_json AS resumes_analysis_json, resumes.raw_text AS resumes_raw_text, resumes.file_size AS resumes_file_size, resumes.parsed_at AS resumes_parsed_at 
FROM resumes ORDER BY resumes.parsed_at DESC
 LIMIT ? OFFSET ?
2026-08-05 13:57:10 | INFO     | sqlalchemy.engine.Engine | SELECT resumes.id AS resumes_id, resumes.original_filename AS resumes_original_filename, resumes.file_path AS resumes_file_path, resumes.name AS resumes_name, resumes.email AS resumes_email, resumes.phone AS resumes_phone, resumes.location AS resumes_location, resumes.summary AS resumes_summary, resumes.skills AS resumes_skills, resumes.experience AS resumes_experience, resumes.education AS resumes_education, resumes.projects AS resumes_projects, resumes.certifications AS resumes_certifications, resumes.technologies AS resumes_technologies, resumes.strengths AS resumes_strengths, resumes.analysis_json AS resumes_analysis_json, resumes.raw_text AS resumes_raw_text, resumes.file_size AS resumes_file_size, resumes.parsed_at AS resumes_parsed_at 
FROM resumes ORDER BY resumes.parsed_at DESC
 LIMIT ? OFFSET ?
2026-08-05 13:57:10,662 INFO sqlalchemy.engine.Engine [cached since 356.2s ago] (1, 0)
2026-08-05 13:57:10 | INFO     | sqlalchemy.engine.Engine | [cached since 356.2s ago] (1, 0)
INFO:     127.0.0.1:52661 - "GET /api/resume/latest HTTP/1.1" 200 OK
2026-08-05 13:57:10,665 INFO sqlalchemy.engine.Engine ROLLBACK
2026-08-05 13:57:10 | INFO     | sqlalchemy.engine.Engine | ROLLBACK
2026-08-05 13:57:15 | INFO     | fundflow | [Workflow] Reading Resume (0.30s)
2026-08-05 13:57:15,488 INFO sqlalchemy.engine.Engine BEGIN (implicit)
2026-08-05 13:57:15 | INFO     | sqlalchemy.engine.Engine | BEGIN (implicit)
2026-08-05 13:57:15,490 INFO sqlalchemy.engine.Engine SELECT resumes.id AS resumes_id, resumes.original_filename AS resumes_original_filename, resumes.file_path AS resumes_file_path, resumes.name AS resumes_name, resumes.email AS resumes_email, resumes.phone AS resumes_phone, resumes.location AS resumes_location, resumes.summary AS resumes_summary, resumes.skills AS resumes_skills, resumes.experience AS resumes_experience, resumes.education AS resumes_education, resumes.projects AS resumes_projects, resumes.certifications AS resumes_certifications, resumes.technologies AS resumes_technologies, resumes.strengths AS resumes_strengths, resumes.analysis_json AS resumes_analysis_json, resumes.raw_text AS resumes_raw_text, resumes.file_size AS resumes_file_size, resumes.parsed_at AS resumes_parsed_at 
FROM resumes ORDER BY resumes.parsed_at DESC
 LIMIT ? OFFSET ?
2026-08-05 13:57:15 | INFO     | sqlalchemy.engine.Engine | SELECT resumes.id AS resumes_id, resumes.original_filename AS resumes_original_filename, resumes.file_path AS resumes_file_path, resumes.name AS resumes_name, resumes.email AS resumes_email, resumes.phone AS resumes_phone, resumes.location AS resumes_location, resumes.summary AS resumes_summary, resumes.skills AS resumes_skills, resumes.experience AS resumes_experience, resumes.education AS resumes_education, resumes.projects AS resumes_projects, resumes.certifications AS resumes_certifications, resumes.technologies AS resumes_technologies, resumes.strengths AS resumes_strengths, resumes.analysis_json AS resumes_analysis_json, resumes.raw_text AS resumes_raw_text, resumes.file_size AS resumes_file_size, resumes.parsed_at AS resumes_parsed_at 
FROM resumes ORDER BY resumes.parsed_at DESC
 LIMIT ? OFFSET ?
2026-08-05 13:57:15,490 INFO sqlalchemy.engine.Engine [cached since 361s ago] (1, 0)
2026-08-05 13:57:15 | INFO     | sqlalchemy.engine.Engine | [cached since 361s ago] (1, 0)
2026-08-05 13:57:15 | INFO     | fundflow | [Workflow] Understanding Candidate Profile (0.30s)
2026-08-05 13:57:15 | INFO     | fundflow | [Workflow] Discovering High-Growth AI Companies (0.40s)
2026-08-05 13:57:15 | INFO     | fundflow | Using cached discovery (20 companies, 0.0h old)
2026-08-05 13:57:15 | INFO     | fundflow | [Workflow] Matching Skills (0.30s)
2026-08-05 13:57:15 | INFO     | fundflow | [Workflow] Ranking Opportunities (0.30s)
2026-08-05 13:57:15 | INFO     | fundflow | [Workflow] Generating Cover Letter (0.40s)
2026-08-05 13:57:19 | ERROR    | fundflow | Cover letter OpenRouter call failed: Error code: 429 - {'error': {'message': 'Rate limit exceeded: free-models-per-day. Add 10 credits to unlock 1000 free model requests per day', 'code': 429, 'metadata': {'headers': {'X-RateLimit-Limit': '50', 'X-RateLimit-Remaining': '0', 'X-RateLimit-Reset': '1785974400000'}, 'limit_source': 'openrouter_free_tier_daily', 'remedy_hint': 'Wait for the daily reset (see X-RateLimit-Reset), or purchase credits to raise your free-model daily limit.', 'provider_name': None, 'previous_errors': [{'code': 429, 'message': 'Rate limit exceeded: free-models-per-day. Add 10 credits to unlock 1000 free model requests per day'}]}}, 'user_id': 'user_3FlILifPNzaduvBLcAWo2dbMqbg'}
2026-08-05 13:57:19 | ERROR    | fundflow | Cover letter generation failed: Error code: 429 - {'error': {'message': 'Rate limit exceeded: free-models-per-day. Add 10 credits to unlock 1000 free model requests per day', 'code': 429, 'metadata': {'headers': {'X-RateLimit-Limit': '50', 'X-RateLimit-Remaining': '0', 'X-RateLimit-Reset': '1785974400000'}, 'limit_source': 'openrouter_free_tier_daily', 'remedy_hint': 'Wait for the daily reset (see X-RateLimit-Reset), or purchase credits to raise your free-model daily limit.', 'provider_name': None, 'previous_errors': [{'code': 429, 'message': 'Rate limit exceeded: free-models-per-day. Add 10 credits to unlock 1000 free model requests per day'}]}}, 'user_id': 'user_3FlILifPNzaduvBLcAWo2dbMqbg'}
2026-08-05 13:57:19 | INFO     | fundflow | [Workflow] Preparing Weekly Career Report (0.40s)
INFO:     127.0.0.1:49785 - "POST /api/workflow/weekly-report HTTP/1.1" 200 OK
2026-08-05 13:57:19,828 INFO sqlalchemy.engine.Engine ROLLBACK
2026-08-05 13:57:19 | INFO     | sqlalchemy.engine.Engine | ROLLBACK
2026-08-05 13:57:20 | INFO     | fundflow | Using cached discovery (20 companies, 0.0h old)
2026-08-05 13:57:20,619 INFO sqlalchemy.engine.Engine BEGIN (implicit)
2026-08-05 13:57:20 | INFO     | sqlalchemy.engine.Engine | BEGIN (implicit)
2026-08-05 13:57:20,619 INFO sqlalchemy.engine.Engine SELECT resumes.id AS resumes_id, resumes.original_filename AS resumes_original_filename, resumes.file_path AS resumes_file_path, resumes.name AS resumes_name, resumes.email AS resumes_email, resumes.phone AS resumes_phone, resumes.location AS resumes_location, resumes.summary AS resumes_summary, resumes.skills AS resumes_skills, resumes.experience AS resumes_experience, resumes.education AS resumes_education, resumes.projects AS resumes_projects, resumes.certifications AS resumes_certifications, resumes.technologies AS resumes_technologies, resumes.strengths AS resumes_strengths, resumes.analysis_json AS resumes_analysis_json, resumes.raw_text AS resumes_raw_text, resumes.file_size AS resumes_file_size, resumes.parsed_at AS resumes_parsed_at 
FROM resumes ORDER BY resumes.parsed_at DESC
 LIMIT ? OFFSET ?
2026-08-05 13:57:20 | INFO     | sqlalchemy.engine.Engine | SELECT resumes.id AS resumes_id, resumes.original_filename AS resumes_original_filename, resumes.file_path AS resumes_file_path, resumes.name AS resumes_name, resumes.email AS resumes_email, resumes.phone AS resumes_phone, resumes.location AS resumes_location, resumes.summary AS resumes_summary, resumes.skills AS resumes_skills, resumes.experience AS resumes_experience, resumes.education AS resumes_education, resumes.projects AS resumes_projects, resumes.certifications AS resumes_certifications, resumes.technologies AS resumes_technologies, resumes.strengths AS resumes_strengths, resumes.analysis_json AS resumes_analysis_json, resumes.raw_text AS resumes_raw_text, resumes.file_size AS resumes_file_size, resumes.parsed_at AS resumes_parsed_at 
FROM resumes ORDER BY resumes.parsed_at DESC
 LIMIT ? OFFSET ?
2026-08-05 13:57:20,619 INFO sqlalchemy.engine.Engine [cached since 366.2s ago] (1, 0)
2026-08-05 13:57:20 | INFO     | sqlalchemy.engine.Engine | [cached since 366.2s ago] (1, 0)
INFO:     127.0.0.1:51270 - "GET /api/companies HTTP/1.1" 200 OK
2026-08-05 13:57:20,623 INFO sqlalchemy.engine.Engine BEGIN (implicit)
2026-08-05 13:57:20 | INFO     | sqlalchemy.engine.Engine | BEGIN (implicit)
2026-08-05 13:57:20,623 INFO sqlalchemy.engine.Engine ROLLBACK
2026-08-05 13:57:20 | INFO     | sqlalchemy.engine.Engine | ROLLBACK
2026-08-05 13:57:20,626 INFO sqlalchemy.engine.Engine SELECT resumes.id AS resumes_id, resumes.original_filename AS resumes_original_filename, resumes.file_path AS resumes_file_path, resumes.name AS resumes_name, resumes.email AS resumes_email, resumes.phone AS resumes_phone, resumes.location AS resumes_location, resumes.summary AS resumes_summary, resumes.skills AS resumes_skills, resumes.experience AS resumes_experience, resumes.education AS resumes_education, resumes.projects AS resumes_projects, resumes.certifications AS resumes_certifications, resumes.technologies AS resumes_technologies, resumes.strengths AS resumes_strengths, resumes.analysis_json AS resumes_analysis_json, resumes.raw_text AS resumes_raw_text, resumes.file_size AS resumes_file_size, resumes.parsed_at AS resumes_parsed_at 
FROM resumes ORDER BY resumes.parsed_at DESC
 LIMIT ? OFFSET ?
2026-08-05 13:57:20 | INFO     | sqlalchemy.engine.Engine | SELECT resumes.id AS resumes_id, resumes.original_filename AS resumes_original_filename, resumes.file_path AS resumes_file_path, resumes.name AS resumes_name, resumes.email AS resumes_email, resumes.phone AS resumes_phone, resumes.location AS resumes_location, resumes.summary AS resumes_summary, resumes.skills AS resumes_skills, resumes.experience AS resumes_experience, resumes.education AS resumes_education, resumes.projects AS resumes_projects, resumes.certifications AS resumes_certifications, resumes.technologies AS resumes_technologies, resumes.strengths AS resumes_strengths, resumes.analysis_json AS resumes_analysis_json, resumes.raw_text AS resumes_raw_text, resumes.file_size AS resumes_file_size, resumes.parsed_at AS resumes_parsed_at 
FROM resumes ORDER BY resumes.parsed_at DESC
 LIMIT ? OFFSET ?
2026-08-05 13:57:20,627 INFO sqlalchemy.engine.Engine [cached since 366.2s ago] (1, 0)
2026-08-05 13:57:20 | INFO     | sqlalchemy.engine.Engine | [cached since 366.2s ago] (1, 0)
INFO:     127.0.0.1:51272 - "GET /api/resume/latest HTTP/1.1" 200 OK
2026-08-05 13:57:20,629 INFO sqlalchemy.engine.Engine ROLLBACK
2026-08-05 13:57:20 | INFO     | sqlalchemy.engine.Engine | ROLLBACK
2026-08-05 13:57:20 | INFO     | fundflow | Using cached discovery (20 companies, 0.0h old)
2026-08-05 13:57:20,629 INFO sqlalchemy.engine.Engine BEGIN (implicit)
2026-08-05 13:57:20 | INFO     | sqlalchemy.engine.Engine | BEGIN (implicit)
2026-08-05 13:57:20,629 INFO sqlalchemy.engine.Engine SELECT resumes.id AS resumes_id, resumes.original_filename AS resumes_original_filename, resumes.file_path AS resumes_file_path, resumes.name AS resumes_name, resumes.email AS resumes_email, resumes.phone AS resumes_phone, resumes.location AS resumes_location, resumes.summary AS resumes_summary, resumes.skills AS resumes_skills, resumes.experience AS resumes_experience, resumes.education AS resumes_education, resumes.projects AS resumes_projects, resumes.certifications AS resumes_certifications, resumes.technologies AS resumes_technologies, resumes.strengths AS resumes_strengths, resumes.analysis_json AS resumes_analysis_json, resumes.raw_text AS resumes_raw_text, resumes.file_size AS resumes_file_size, resumes.parsed_at AS resumes_parsed_at 
FROM resumes ORDER BY resumes.parsed_at DESC
 LIMIT ? OFFSET ?
2026-08-05 13:57:20 | INFO     | sqlalchemy.engine.Engine | SELECT resumes.id AS resumes_id, resumes.original_filename AS resumes_original_filename, resumes.file_path AS resumes_file_path, resumes.name AS resumes_name, resumes.email AS resumes_email, resumes.phone AS resumes_phone, resumes.location AS resumes_location, resumes.summary AS resumes_summary, resumes.skills AS resumes_skills, resumes.experience AS resumes_experience, resumes.education AS resumes_education, resumes.projects AS resumes_projects, resumes.certifications AS resumes_certifications, resumes.technologies AS resumes_technologies, resumes.strengths AS resumes_strengths, resumes.analysis_json AS resumes_analysis_json, resumes.raw_text AS resumes_raw_text, resumes.file_size AS resumes_file_size, resumes.parsed_at AS resumes_parsed_at 
FROM resumes ORDER BY resumes.parsed_at DESC
 LIMIT ? OFFSET ?
2026-08-05 13:57:20,629 INFO sqlalchemy.engine.Engine [cached since 366.2s ago] (1, 0)
2026-08-05 13:57:20 | INFO     | sqlalchemy.engine.Engine | [cached since 366.2s ago] (1, 0)
INFO:     127.0.0.1:51274 - "GET /api/companies HTTP/1.1" 200 OK
2026-08-05 13:57:20,636 INFO sqlalchemy.engine.Engine ROLLBACK
2026-08-05 13:57:20 | INFO     | sqlalchemy.engine.Engine | ROLLBACK
2026-08-05 13:57:20,638 INFO sqlalchemy.engine.Engine BEGIN (implicit)
2026-08-05 13:57:20 | INFO     | sqlalchemy.engine.Engine | BEGIN (implicit)
2026-08-05 13:57:20,638 INFO sqlalchemy.engine.Engine SELECT resumes.id AS resumes_id, resumes.original_filename AS resumes_original_filename, resumes.file_path AS resumes_file_path, resumes.name AS resumes_name, resumes.email AS resumes_email, resumes.phone AS resumes_phone, resumes.location AS resumes_location, resumes.summary AS resumes_summary, resumes.skills AS resumes_skills, resumes.experience AS resumes_experience, resumes.education AS resumes_education, resumes.projects AS resumes_projects, resumes.certifications AS resumes_certifications, resumes.technologies AS resumes_technologies, resumes.strengths AS resumes_strengths, resumes.analysis_json AS resumes_analysis_json, resumes.raw_text AS resumes_raw_text, resumes.file_size AS resumes_file_size, resumes.parsed_at AS resumes_parsed_at 
FROM resumes ORDER BY resumes.parsed_at DESC
 LIMIT ? OFFSET ?
2026-08-05 13:57:20 | INFO     | sqlalchemy.engine.Engine | SELECT resumes.id AS resumes_id, resumes.original_filename AS resumes_original_filename, resumes.file_path AS resumes_file_path, resumes.name AS resumes_name, resumes.email AS resumes_email, resumes.phone AS resumes_phone, resumes.location AS resumes_location, resumes.summary AS resumes_summary, resumes.skills AS resumes_skills, resumes.experience AS resumes_experience, resumes.education AS resumes_education, resumes.projects AS resumes_projects, resumes.certifications AS resumes_certifications, resumes.technologies AS resumes_technologies, resumes.strengths AS resumes_strengths, resumes.analysis_json AS resumes_analysis_json, resumes.raw_text AS resumes_raw_text, resumes.file_size AS resumes_file_size, resumes.parsed_at AS resumes_parsed_at 
FROM resumes ORDER BY resumes.parsed_at DESC
 LIMIT ? OFFSET ?
2026-08-05 13:57:20,638 INFO sqlalchemy.engine.Engine [cached since 366.2s ago] (1, 0)
2026-08-05 13:57:20 | INFO     | sqlalchemy.engine.Engine | [cached since 366.2s ago] (1, 0)
INFO:     127.0.0.1:51276 - "GET /api/resume/latest HTTP/1.1" 200 OK
2026-08-05 13:57:20,640 INFO sqlalchemy.engine.Engine ROLLBACK
2026-08-05 13:57:20 | INFO     | sqlalchemy.engine.Engine | ROLLBACK
2026-08-05 13:57:23,706 INFO sqlalchemy.engine.Engine BEGIN (implicit)
2026-08-05 13:57:23 | INFO     | sqlalchemy.engine.Engine | BEGIN (implicit)
2026-08-05 13:57:23,706 INFO sqlalchemy.engine.Engine SELECT resumes.id AS resumes_id, resumes.original_filename AS resumes_original_filename, resumes.file_path AS resumes_file_path, resumes.name AS resumes_name, resumes.email AS resumes_email, resumes.phone AS resumes_phone, resumes.location AS resumes_location, resumes.summary AS resumes_summary, resumes.skills AS resumes_skills, resumes.experience AS resumes_experience, resumes.education AS resumes_education, resumes.projects AS resumes_projects, resumes.certifications AS resumes_certifications, resumes.technologies AS resumes_technologies, resumes.strengths AS resumes_strengths, resumes.analysis_json AS resumes_analysis_json, resumes.raw_text AS resumes_raw_text, resumes.file_size AS resumes_file_size, resumes.parsed_at AS resumes_parsed_at 
FROM resumes ORDER BY resumes.parsed_at DESC
 LIMIT ? OFFSET ?
2026-08-05 13:57:23 | INFO     | sqlalchemy.engine.Engine | SELECT resumes.id AS resumes_id, resumes.original_filename AS resumes_original_filename, resumes.file_path AS resumes_file_path, resumes.name AS resumes_name, resumes.email AS resumes_email, resumes.phone AS resumes_phone, resumes.location AS resumes_location, resumes.summary AS resumes_summary, resumes.skills AS resumes_skills, resumes.experience AS resumes_experience, resumes.education AS resumes_education, resumes.projects AS resumes_projects, resumes.certifications AS resumes_certifications, resumes.technologies AS resumes_technologies, resumes.strengths AS resumes_strengths, resumes.analysis_json AS resumes_analysis_json, resumes.raw_text AS resumes_raw_text, resumes.file_size AS resumes_file_size, resumes.parsed_at AS resumes_parsed_at 
FROM resumes ORDER BY resumes.parsed_at DESC
 LIMIT ? OFFSET ?
2026-08-05 13:57:23,707 INFO sqlalchemy.engine.Engine [cached since 369.2s ago] (1, 0)
2026-08-05 13:57:23 | INFO     | sqlalchemy.engine.Engine | [cached since 369.2s ago] (1, 0)
INFO:     127.0.0.1:59126 - "GET /api/resume/latest HTTP/1.1" 200 OK
2026-08-05 13:57:23,708 INFO sqlalchemy.engine.Engine ROLLBACK
2026-08-05 13:57:23 | INFO     | sqlalchemy.engine.Engine | ROLLBACK
2026-08-05 13:57:23,715 INFO sqlalchemy.engine.Engine BEGIN (implicit)
2026-08-05 13:57:23 | INFO     | sqlalchemy.engine.Engine | BEGIN (implicit)
2026-08-05 13:57:23,715 INFO sqlalchemy.engine.Engine SELECT resumes.id AS resumes_id, resumes.original_filename AS resumes_original_filename, resumes.file_path AS resumes_file_path, resumes.name AS resumes_name, resumes.email AS resumes_email, resumes.phone AS resumes_phone, resumes.location AS resumes_location, resumes.summary AS resumes_summary, resumes.skills AS resumes_skills, resumes.experience AS resumes_experience, resumes.education AS resumes_education, resumes.projects AS resumes_projects, resumes.certifications AS resumes_certifications, resumes.technologies AS resumes_technologies, resumes.strengths AS resumes_strengths, resumes.analysis_json AS resumes_analysis_json, resumes.raw_text AS resumes_raw_text, resumes.file_size AS resumes_file_size, resumes.parsed_at AS resumes_parsed_at 
FROM resumes ORDER BY resumes.parsed_at DESC
 LIMIT ? OFFSET ?
2026-08-05 13:57:23 | INFO     | sqlalchemy.engine.Engine | SELECT resumes.id AS resumes_id, resumes.original_filename AS resumes_original_filename, resumes.file_path AS resumes_file_path, resumes.name AS resumes_name, resumes.email AS resumes_email, resumes.phone AS resumes_phone, resumes.location AS resumes_location, resumes.summary AS resumes_summary, resumes.skills AS resumes_skills, resumes.experience AS resumes_experience, resumes.education AS resumes_education, resumes.projects AS resumes_projects, resumes.certifications AS resumes_certifications, resumes.technologies AS resumes_technologies, resumes.strengths AS resumes_strengths, resumes.analysis_json AS resumes_analysis_json, resumes.raw_text AS resumes_raw_text, resumes.file_size AS resumes_file_size, resumes.parsed_at AS resumes_parsed_at 
FROM resumes ORDER BY resumes.parsed_at DESC
 LIMIT ? OFFSET ?
2026-08-05 13:57:23,717 INFO sqlalchemy.engine.Engine [cached since 369.3s ago] (1, 0)
2026-08-05 13:57:23 | INFO     | sqlalchemy.engine.Engine | [cached since 369.3s ago] (1, 0)
INFO:     127.0.0.1:59128 - "GET /api/resume/latest HTTP/1.1" 200 OK
2026-08-05 13:57:23,718 INFO sqlalchemy.engine.Engine ROLLBACK
2026-08-05 13:57:23 | INFO     | sqlalchemy.engine.Engine | ROLLBACK
2026-08-05 13:57:26,782 INFO sqlalchemy.engine.Engine BEGIN (implicit)
2026-08-05 13:57:26 | INFO     | sqlalchemy.engine.Engine | BEGIN (implicit)
2026-08-05 13:57:26,782 INFO sqlalchemy.engine.Engine SELECT resumes.id AS resumes_id, resumes.original_filename AS resumes_original_filename, resumes.file_path AS resumes_file_path, resumes.name AS resumes_name, resumes.email AS resumes_email, resumes.phone AS resumes_phone, resumes.location AS resumes_location, resumes.summary AS resumes_summary, resumes.skills AS resumes_skills, resumes.experience AS resumes_experience, resumes.education AS resumes_education, resumes.projects AS resumes_projects, resumes.certifications AS resumes_certifications, resumes.technologies AS resumes_technologies, resumes.strengths AS resumes_strengths, resumes.analysis_json AS resumes_analysis_json, resumes.raw_text AS resumes_raw_text, resumes.file_size AS resumes_file_size, resumes.parsed_at AS resumes_parsed_at 
FROM resumes ORDER BY resumes.parsed_at DESC
 LIMIT ? OFFSET ?
2026-08-05 13:57:26 | INFO     | sqlalchemy.engine.Engine | SELECT resumes.id AS resumes_id, resumes.original_filename AS resumes_original_filename, resumes.file_path AS resumes_file_path, resumes.name AS resumes_name, resumes.email AS resumes_email, resumes.phone AS resumes_phone, resumes.location AS resumes_location, resumes.summary AS resumes_summary, resumes.skills AS resumes_skills, resumes.experience AS resumes_experience, resumes.education AS resumes_education, resumes.projects AS resumes_projects, resumes.certifications AS resumes_certifications, resumes.technologies AS resumes_technologies, resumes.strengths AS resumes_strengths, resumes.analysis_json AS resumes_analysis_json, resumes.raw_text AS resumes_raw_text, resumes.file_size AS resumes_file_size, resumes.parsed_at AS resumes_parsed_at 
FROM resumes ORDER BY resumes.parsed_at DESC
 LIMIT ? OFFSET ?
2026-08-05 13:57:26,782 INFO sqlalchemy.engine.Engine [cached since 372.3s ago] (1, 0)
2026-08-05 13:57:26 | INFO     | sqlalchemy.engine.Engine | [cached since 372.3s ago] (1, 0)
INFO:     127.0.0.1:49832 - "GET /api/resume/latest HTTP/1.1" 200 OK
2026-08-05 13:57:26,782 INFO sqlalchemy.engine.Engine ROLLBACK
2026-08-05 13:57:26 | INFO     | sqlalchemy.engine.Engine | ROLLBACK
2026-08-05 13:57:26,790 INFO sqlalchemy.engine.Engine BEGIN (implicit)
2026-08-05 13:57:26 | INFO     | sqlalchemy.engine.Engine | BEGIN (implicit)
2026-08-05 13:57:26,790 INFO sqlalchemy.engine.Engine SELECT resumes.id AS resumes_id, resumes.original_filename AS resumes_original_filename, resumes.file_path AS resumes_file_path, resumes.name AS resumes_name, resumes.email AS resumes_email, resumes.phone AS resumes_phone, resumes.location AS resumes_location, resumes.summary AS resumes_summary, resumes.skills AS resumes_skills, resumes.experience AS resumes_experience, resumes.education AS resumes_education, resumes.projects AS resumes_projects, resumes.certifications AS resumes_certifications, resumes.technologies AS resumes_technologies, resumes.strengths AS resumes_strengths, resumes.analysis_json AS resumes_analysis_json, resumes.raw_text AS resumes_raw_text, resumes.file_size AS resumes_file_size, resumes.parsed_at AS resumes_parsed_at 
FROM resumes ORDER BY resumes.parsed_at DESC
 LIMIT ? OFFSET ?
2026-08-05 13:57:26 | INFO     | sqlalchemy.engine.Engine | SELECT resumes.id AS resumes_id, resumes.original_filename AS resumes_original_filename, resumes.file_path AS resumes_file_path, resumes.name AS resumes_name, resumes.email AS resumes_email, resumes.phone AS resumes_phone, resumes.location AS resumes_location, resumes.summary AS resumes_summary, resumes.skills AS resumes_skills, resumes.experience AS resumes_experience, resumes.education AS resumes_education, resumes.projects AS resumes_projects, resumes.certifications AS resumes_certifications, resumes.technologies AS resumes_technologies, resumes.strengths AS resumes_strengths, resumes.analysis_json AS resumes_analysis_json, resumes.raw_text AS resumes_raw_text, resumes.file_size AS resumes_file_size, resumes.parsed_at AS resumes_parsed_at 
FROM resumes ORDER BY resumes.parsed_at DESC
 LIMIT ? OFFSET ?
2026-08-05 13:57:26,790 INFO sqlalchemy.engine.Engine [cached since 372.3s ago] (1, 0)
2026-08-05 13:57:26 | INFO     | sqlalchemy.engine.Engine | [cached since 372.3s ago] (1, 0)
INFO:     127.0.0.1:49834 - "GET /api/resume/latest HTTP/1.1" 200 OK
2026-08-05 13:57:26,791 INFO sqlalchemy.engine.Engine ROLLBACK
2026-08-05 13:57:26 | INFO     | sqlalchemy.engine.Engine | ROLLBACK
2026-08-05 13:58:06,479 INFO sqlalchemy.engine.Engine BEGIN (implicit)
2026-08-05 13:58:06 | INFO     | sqlalchemy.engine.Engine | BEGIN (implicit)
2026-08-05 13:58:06,479 INFO sqlalchemy.engine.Engine SELECT resumes.id AS resumes_id, resumes.original_filename AS resumes_original_filename, resumes.file_path AS resumes_file_path, resumes.name AS resumes_name, resumes.email AS resumes_email, resumes.phone AS resumes_phone, resumes.location AS resumes_location, resumes.summary AS resumes_summary, resumes.skills AS resumes_skills, resumes.experience AS resumes_experience, resumes.education AS resumes_education, resumes.projects AS resumes_projects, resumes.certifications AS resumes_certifications, resumes.technologies AS resumes_technologies, resumes.strengths AS resumes_strengths, resumes.analysis_json AS resumes_analysis_json, resumes.raw_text AS resumes_raw_text, resumes.file_size AS resumes_file_size, resumes.parsed_at AS resumes_parsed_at 
FROM resumes ORDER BY resumes.parsed_at DESC
 LIMIT ? OFFSET ?
2026-08-05 13:58:06 | INFO     | sqlalchemy.engine.Engine | SELECT resumes.id AS resumes_id, resumes.original_filename AS resumes_original_filename, resumes.file_path AS resumes_file_path, resumes.name AS resumes_name, resumes.email AS resumes_email, resumes.phone AS resumes_phone, resumes.location AS resumes_location, resumes.summary AS resumes_summary, resumes.skills AS resumes_skills, resumes.experience AS resumes_experience, resumes.education AS resumes_education, resumes.projects AS resumes_projects, resumes.certifications AS resumes_certifications, resumes.technologies AS resumes_technologies, resumes.strengths AS resumes_strengths, resumes.analysis_json AS resumes_analysis_json, resumes.raw_text AS resumes_raw_text, resumes.file_size AS resumes_file_size, resumes.parsed_at AS resumes_parsed_at 
FROM resumes ORDER BY resumes.parsed_at DESC
 LIMIT ? OFFSET ?
2026-08-05 13:58:06,479 INFO sqlalchemy.engine.Engine [cached since 412s ago] (1, 0)
2026-08-05 13:58:06 | INFO     | sqlalchemy.engine.Engine | [cached since 412s ago] (1, 0)
INFO:     127.0.0.1:56679 - "GET /api/resume/latest HTTP/1.1" 200 OK
2026-08-05 13:58:06,487 INFO sqlalchemy.engine.Engine ROLLBACK
2026-08-05 13:58:06 | INFO     | sqlalchemy.engine.Engine | ROLLBACK
2026-08-05 13:58:06,487 INFO sqlalchemy.engine.Engine BEGIN (implicit)
2026-08-05 13:58:06 | INFO     | sqlalchemy.engine.Engine | BEGIN (implicit)
2026-08-05 13:58:06,487 INFO sqlalchemy.engine.Engine SELECT resumes.id AS resumes_id, resumes.original_filename AS resumes_original_filename, resumes.file_path AS resumes_file_path, resumes.name AS resumes_name, resumes.email AS resumes_email, resumes.phone AS resumes_phone, resumes.location AS resumes_location, resumes.summary AS resumes_summary, resumes.skills AS resumes_skills, resumes.experience AS resumes_experience, resumes.education AS resumes_education, resumes.projects AS resumes_projects, resumes.certifications AS resumes_certifications, resumes.technologies AS resumes_technologies, resumes.strengths AS resumes_strengths, resumes.analysis_json AS resumes_analysis_json, resumes.raw_text AS resumes_raw_text, resumes.file_size AS resumes_file_size, resumes.parsed_at AS resumes_parsed_at 
FROM resumes ORDER BY resumes.parsed_at DESC
 LIMIT ? OFFSET ?
2026-08-05 13:58:06 | INFO     | sqlalchemy.engine.Engine | SELECT resumes.id AS resumes_id, resumes.original_filename AS resumes_original_filename, resumes.file_path AS resumes_file_path, resumes.name AS resumes_name, resumes.email AS resumes_email, resumes.phone AS resumes_phone, resumes.location AS resumes_location, resumes.summary AS resumes_summary, resumes.skills AS resumes_skills, resumes.experience AS resumes_experience, resumes.education AS resumes_education, resumes.projects AS resumes_projects, resumes.certifications AS resumes_certifications, resumes.technologies AS resumes_technologies, resumes.strengths AS resumes_strengths, resumes.analysis_json AS resumes_analysis_json, resumes.raw_text AS resumes_raw_text, resumes.file_size AS resumes_file_size, resumes.parsed_at AS resumes_parsed_at 
FROM resumes ORDER BY resumes.parsed_at DESC
 LIMIT ? OFFSET ?
2026-08-05 13:58:06,487 INFO sqlalchemy.engine.Engine [cached since 412s ago] (1, 0)
2026-08-05 13:58:06 | INFO     | sqlalchemy.engine.Engine | [cached since 412s ago] (1, 0)
INFO:     127.0.0.1:56681 - "GET /api/resume/latest HTTP/1.1" 200 OK
2026-08-05 13:58:06,487 INFO sqlalchemy.engine.Engine ROLLBACK
2026-08-05 13:58:06 | INFO     | sqlalchemy.engine.Engine | ROLLBACK
2026-08-05 13:58:11 | INFO     | fundflow | [Workflow] Reading Resume (0.30s)
2026-08-05 13:58:11,415 INFO sqlalchemy.engine.Engine BEGIN (implicit)
2026-08-05 13:58:11 | INFO     | sqlalchemy.engine.Engine | BEGIN (implicit)
2026-08-05 13:58:11,415 INFO sqlalchemy.engine.Engine SELECT resumes.id AS resumes_id, resumes.original_filename AS resumes_original_filename, resumes.file_path AS resumes_file_path, resumes.name AS resumes_name, resumes.email AS resumes_email, resumes.phone AS resumes_phone, resumes.location AS resumes_location, resumes.summary AS resumes_summary, resumes.skills AS resumes_skills, resumes.experience AS resumes_experience, resumes.education AS resumes_education, resumes.projects AS resumes_projects, resumes.certifications AS resumes_certifications, resumes.technologies AS resumes_technologies, resumes.strengths AS resumes_strengths, resumes.analysis_json AS resumes_analysis_json, resumes.raw_text AS resumes_raw_text, resumes.file_size AS resumes_file_size, resumes.parsed_at AS resumes_parsed_at 
FROM resumes ORDER BY resumes.parsed_at DESC
 LIMIT ? OFFSET ?
2026-08-05 13:58:11 | INFO     | sqlalchemy.engine.Engine | SELECT resumes.id AS resumes_id, resumes.original_filename AS resumes_original_filename, resumes.file_path AS resumes_file_path, resumes.name AS resumes_name, resumes.email AS resumes_email, resumes.phone AS resumes_phone, resumes.location AS resumes_location, resumes.summary AS resumes_summary, resumes.skills AS resumes_skills, resumes.experience AS resumes_experience, resumes.education AS resumes_education, resumes.projects AS resumes_projects, resumes.certifications AS resumes_certifications, resumes.technologies AS resumes_technologies, resumes.strengths AS resumes_strengths, resumes.analysis_json AS resumes_analysis_json, resumes.raw_text AS resumes_raw_text, resumes.file_size AS resumes_file_size, resumes.parsed_at AS resumes_parsed_at 
FROM resumes ORDER BY resumes.parsed_at DESC
 LIMIT ? OFFSET ?
2026-08-05 13:58:11,415 INFO sqlalchemy.engine.Engine [cached since 417s ago] (1, 0)
2026-08-05 13:58:11 | INFO     | sqlalchemy.engine.Engine | [cached since 417s ago] (1, 0)
2026-08-05 13:58:11 | INFO     | fundflow | [Workflow] Understanding Candidate Profile (0.30s)
2026-08-05 13:58:11 | INFO     | fundflow | [Workflow] Discovering High-Growth AI Companies (0.40s)
2026-08-05 13:58:11 | INFO     | fundflow | Using cached discovery (20 companies, 0.1h old)
2026-08-05 13:58:11 | INFO     | fundflow | [Workflow] Matching Skills (0.30s)
2026-08-05 13:58:11 | INFO     | fundflow | [Workflow] Ranking Opportunities (0.30s)
2026-08-05 13:58:11 | INFO     | fundflow | [Workflow] Generating Cover Letter (0.40s)
2026-08-05 13:58:15 | ERROR    | fundflow | Cover letter OpenRouter call failed: Error code: 429 - {'error': {'message': 'Rate limit exceeded: free-models-per-day. Add 10 credits to unlock 1000 free model requests per day', 'code': 429, 'metadata': {'headers': {'X-RateLimit-Limit': '50', 'X-RateLimit-Remaining': '0', 'X-RateLimit-Reset': '1785974400000'}, 'limit_source': 'openrouter_free_tier_daily', 'remedy_hint': 'Wait for the daily reset (see X-RateLimit-Reset), or purchase credits to raise your free-model daily limit.', 'provider_name': None, 'previous_errors': [{'code': 429, 'message': 'Rate limit exceeded: free-models-per-day. Add 10 credits to unlock 1000 free model requests per day'}]}}, 'user_id': 'user_3FlILifPNzaduvBLcAWo2dbMqbg'}
2026-08-05 13:58:15 | ERROR    | fundflow | Cover letter generation failed: Error code: 429 - {'error': {'message': 'Rate limit exceeded: free-models-per-day. Add 10 credits to unlock 1000 free model requests per day', 'code': 429, 'metadata': {'headers': {'X-RateLimit-Limit': '50', 'X-RateLimit-Remaining': '0', 'X-RateLimit-Reset': '1785974400000'}, 'limit_source': 'openrouter_free_tier_daily', 'remedy_hint': 'Wait for the daily reset (see X-RateLimit-Reset), or purchase credits to raise your free-model daily limit.', 'provider_name': None, 'previous_errors': [{'code': 429, 'message': 'Rate limit exceeded: free-models-per-day. Add 10 credits to unlock 1000 free model requests per day'}]}}, 'user_id': 'user_3FlILifPNzaduvBLcAWo2dbMqbg'}
2026-08-05 13:58:15 | INFO     | fundflow | [Workflow] Preparing Weekly Career Report (0.40s)
INFO:     127.0.0.1:64446 - "POST /api/workflow/weekly-report HTTP/1.1" 200 OK
2026-08-05 13:58:15,121 INFO sqlalchemy.engine.Engine ROLLBACK
2026-08-05 13:58:15 | INFO     | sqlalchemy.engine.Engine | ROLLBACK
2026-08-05 13:58:16,580 INFO sqlalchemy.engine.Engine BEGIN (implicit)
2026-08-05 13:58:16 | INFO     | sqlalchemy.engine.Engine | BEGIN (implicit)
2026-08-05 13:58:16,580 INFO sqlalchemy.engine.Engine SELECT resumes.id AS resumes_id, resumes.original_filename AS resumes_original_filename, resumes.file_path AS resumes_file_path, resumes.name AS resumes_name, resumes.email AS resumes_email, resumes.phone AS resumes_phone, resumes.location AS resumes_location, resumes.summary AS resumes_summary, resumes.skills AS resumes_skills, resumes.experience AS resumes_experience, resumes.education AS resumes_education, resumes.projects AS resumes_projects, resumes.certifications AS resumes_certifications, resumes.technologies AS resumes_technologies, resumes.strengths AS resumes_strengths, resumes.analysis_json AS resumes_analysis_json, resumes.raw_text AS resumes_raw_text, resumes.file_size AS resumes_file_size, resumes.parsed_at AS resumes_parsed_at 
FROM resumes ORDER BY resumes.parsed_at DESC
 LIMIT ? OFFSET ?
2026-08-05 13:58:16 | INFO     | sqlalchemy.engine.Engine | SELECT resumes.id AS resumes_id, resumes.original_filename AS resumes_original_filename, resumes.file_path AS resumes_file_path, resumes.name AS resumes_name, resumes.email AS resumes_email, resumes.phone AS resumes_phone, resumes.location AS resumes_location, resumes.summary AS resumes_summary, resumes.skills AS resumes_skills, resumes.experience AS resumes_experience, resumes.education AS resumes_education, resumes.projects AS resumes_projects, resumes.certifications AS resumes_certifications, resumes.technologies AS resumes_technologies, resumes.strengths AS resumes_strengths, resumes.analysis_json AS resumes_analysis_json, resumes.raw_text AS resumes_raw_text, resumes.file_size AS resumes_file_size, resumes.parsed_at AS resumes_parsed_at 
FROM resumes ORDER BY resumes.parsed_at DESC
 LIMIT ? OFFSET ?
2026-08-05 13:58:16,580 INFO sqlalchemy.engine.Engine [cached since 422.1s ago] (1, 0)
2026-08-05 13:58:16 | INFO     | sqlalchemy.engine.Engine | [cached since 422.1s ago] (1, 0)
INFO:     127.0.0.1:63919 - "GET /api/resume/latest HTTP/1.1" 200 OK
2026-08-05 13:58:16,587 INFO sqlalchemy.engine.Engine ROLLBACK
2026-08-05 13:58:16 | INFO     | sqlalchemy.engine.Engine | ROLLBACK
2026-08-05 13:58:16,592 INFO sqlalchemy.engine.Engine BEGIN (implicit)
2026-08-05 13:58:16 | INFO     | sqlalchemy.engine.Engine | BEGIN (implicit)
2026-08-05 13:58:16,592 INFO sqlalchemy.engine.Engine SELECT resumes.id AS resumes_id, resumes.original_filename AS resumes_original_filename, resumes.file_path AS resumes_file_path, resumes.name AS resumes_name, resumes.email AS resumes_email, resumes.phone AS resumes_phone, resumes.location AS resumes_location, resumes.summary AS resumes_summary, resumes.skills AS resumes_skills, resumes.experience AS resumes_experience, resumes.education AS resumes_education, resumes.projects AS resumes_projects, resumes.certifications AS resumes_certifications, resumes.technologies AS resumes_technologies, resumes.strengths AS resumes_strengths, resumes.analysis_json AS resumes_analysis_json, resumes.raw_text AS resumes_raw_text, resumes.file_size AS resumes_file_size, resumes.parsed_at AS resumes_parsed_at 
FROM resumes ORDER BY resumes.parsed_at DESC
 LIMIT ? OFFSET ?
2026-08-05 13:58:16 | INFO     | sqlalchemy.engine.Engine | SELECT resumes.id AS resumes_id, resumes.original_filename AS resumes_original_filename, resumes.file_path AS resumes_file_path, resumes.name AS resumes_name, resumes.email AS resumes_email, resumes.phone AS resumes_phone, resumes.location AS resumes_location, resumes.summary AS resumes_summary, resumes.skills AS resumes_skills, resumes.experience AS resumes_experience, resumes.education AS resumes_education, resumes.projects AS resumes_projects, resumes.certifications AS resumes_certifications, resumes.technologies AS resumes_technologies, resumes.strengths AS resumes_strengths, resumes.analysis_json AS resumes_analysis_json, resumes.raw_text AS resumes_raw_text, resumes.file_size AS resumes_file_size, resumes.parsed_at AS resumes_parsed_at 
FROM resumes ORDER BY resumes.parsed_at DESC
 LIMIT ? OFFSET ?
2026-08-05 13:58:16,592 INFO sqlalchemy.engine.Engine [cached since 422.1s ago] (1, 0)
2026-08-05 13:58:16 | INFO     | sqlalchemy.engine.Engine | [cached since 422.1s ago] (1, 0)
INFO:     127.0.0.1:63921 - "GET /api/resume/latest HTTP/1.1" 200 OK
2026-08-05 13:58:16,592 INFO sqlalchemy.engine.Engine ROLLBACK
2026-08-05 13:58:16 | INFO     | sqlalchemy.engine.Engine | ROLLBACK
2026-08-05 13:59:33,753 INFO sqlalchemy.engine.Engine BEGIN (implicit)
2026-08-05 13:59:33 | INFO     | sqlalchemy.engine.Engine | BEGIN (implicit)
2026-08-05 13:59:33,753 INFO sqlalchemy.engine.Engine SELECT resumes.id AS resumes_id, resumes.original_filename AS resumes_original_filename, resumes.file_path AS resumes_file_path, resumes.name AS resumes_name, resumes.email AS resumes_email, resumes.phone AS resumes_phone, resumes.location AS resumes_location, resumes.summary AS resumes_summary, resumes.skills AS resumes_skills, resumes.experience AS resumes_experience, resumes.education AS resumes_education, resumes.projects AS resumes_projects, resumes.certifications AS resumes_certifications, resumes.technologies AS resumes_technologies, resumes.strengths AS resumes_strengths, resumes.analysis_json AS resumes_analysis_json, resumes.raw_text AS resumes_raw_text, resumes.file_size AS resumes_file_size, resumes.parsed_at AS resumes_parsed_at 
FROM resumes ORDER BY resumes.parsed_at DESC
 LIMIT ? OFFSET ?
2026-08-05 13:59:33 | INFO     | sqlalchemy.engine.Engine | SELECT resumes.id AS resumes_id, resumes.original_filename AS resumes_original_filename, resumes.file_path AS resumes_file_path, resumes.name AS resumes_name, resumes.email AS resumes_email, resumes.phone AS resumes_phone, resumes.location AS resumes_location, resumes.summary AS resumes_summary, resumes.skills AS resumes_skills, resumes.experience AS resumes_experience, resumes.education AS resumes_education, resumes.projects AS resumes_projects, resumes.certifications AS resumes_certifications, resumes.technologies AS resumes_technologies, resumes.strengths AS resumes_strengths, resumes.analysis_json AS resumes_analysis_json, resumes.raw_text AS resumes_raw_text, resumes.file_size AS resumes_file_size, resumes.parsed_at AS resumes_parsed_at 
FROM resumes ORDER BY resumes.parsed_at DESC
 LIMIT ? OFFSET ?
2026-08-05 13:59:33,753 INFO sqlalchemy.engine.Engine [cached since 499.3s ago] (1, 0)
2026-08-05 13:59:33 | INFO     | sqlalchemy.engine.Engine | [cached since 499.3s ago] (1, 0)
INFO:     127.0.0.1:58646 - "GET /api/resume/latest HTTP/1.1" 200 OK
2026-08-05 13:59:33,753 INFO sqlalchemy.engine.Engine ROLLBACK
2026-08-05 13:59:33 | INFO     | sqlalchemy.engine.Engine | ROLLBACK
2026-08-05 13:59:33,753 INFO sqlalchemy.engine.Engine BEGIN (implicit)
2026-08-05 13:59:33 | INFO     | sqlalchemy.engine.Engine | BEGIN (implicit)
2026-08-05 13:59:33,753 INFO sqlalchemy.engine.Engine SELECT resumes.id AS resumes_id, resumes.original_filename AS resumes_original_filename, resumes.file_path AS resumes_file_path, resumes.name AS resumes_name, resumes.email AS resumes_email, resumes.phone AS resumes_phone, resumes.location AS resumes_location, resumes.summary AS resumes_summary, resumes.skills AS resumes_skills, resumes.experience AS resumes_experience, resumes.education AS resumes_education, resumes.projects AS resumes_projects, resumes.certifications AS resumes_certifications, resumes.technologies AS resumes_technologies, resumes.strengths AS resumes_strengths, resumes.analysis_json AS resumes_analysis_json, resumes.raw_text AS resumes_raw_text, resumes.file_size AS resumes_file_size, resumes.parsed_at AS resumes_parsed_at 
FROM resumes ORDER BY resumes.parsed_at DESC
 LIMIT ? OFFSET ?
2026-08-05 13:59:33 | INFO     | sqlalchemy.engine.Engine | SELECT resumes.id AS resumes_id, resumes.original_filename AS resumes_original_filename, resumes.file_path AS resumes_file_path, resumes.name AS resumes_name, resumes.email AS resumes_email, resumes.phone AS resumes_phone, resumes.location AS resumes_location, resumes.summary AS resumes_summary, resumes.skills AS resumes_skills, resumes.experience AS resumes_experience, resumes.education AS resumes_education, resumes.projects AS resumes_projects, resumes.certifications AS resumes_certifications, resumes.technologies AS resumes_technologies, resumes.strengths AS resumes_strengths, resumes.analysis_json AS resumes_analysis_json, resumes.raw_text AS resumes_raw_text, resumes.file_size AS resumes_file_size, resumes.parsed_at AS resumes_parsed_at 
FROM resumes ORDER BY resumes.parsed_at DESC
 LIMIT ? OFFSET ?
2026-08-05 13:59:33,753 INFO sqlalchemy.engine.Engine [cached since 499.3s ago] (1, 0)
2026-08-05 13:59:33 | INFO     | sqlalchemy.engine.Engine | [cached since 499.3s ago] (1, 0)
INFO:     127.0.0.1:49671 - "GET /api/resume/latest HTTP/1.1" 200 OK
2026-08-05 13:59:33,753 INFO sqlalchemy.engine.Engine ROLLBACK
2026-08-05 13:59:33 | INFO     | sqlalchemy.engine.Engine | ROLLBACK
2026-08-05 13:59:38 | INFO     | fundflow | [Workflow] Reading Resume (0.30s)
2026-08-05 13:59:38,664 INFO sqlalchemy.engine.Engine BEGIN (implicit)
2026-08-05 13:59:38 | INFO     | sqlalchemy.engine.Engine | BEGIN (implicit)
2026-08-05 13:59:38,664 INFO sqlalchemy.engine.Engine SELECT resumes.id AS resumes_id, resumes.original_filename AS resumes_original_filename, resumes.file_path AS resumes_file_path, resumes.name AS resumes_name, resumes.email AS resumes_email, resumes.phone AS resumes_phone, resumes.location AS resumes_location, resumes.summary AS resumes_summary, resumes.skills AS resumes_skills, resumes.experience AS resumes_experience, resumes.education AS resumes_education, resumes.projects AS resumes_projects, resumes.certifications AS resumes_certifications, resumes.technologies AS resumes_technologies, resumes.strengths AS resumes_strengths, resumes.analysis_json AS resumes_analysis_json, resumes.raw_text AS resumes_raw_text, resumes.file_size AS resumes_file_size, resumes.parsed_at AS resumes_parsed_at 
FROM resumes ORDER BY resumes.parsed_at DESC
 LIMIT ? OFFSET ?
2026-08-05 13:59:38 | INFO     | sqlalchemy.engine.Engine | SELECT resumes.id AS resumes_id, resumes.original_filename AS resumes_original_filename, resumes.file_path AS resumes_file_path, resumes.name AS resumes_name, resumes.email AS resumes_email, resumes.phone AS resumes_phone, resumes.location AS resumes_location, resumes.summary AS resumes_summary, resumes.skills AS resumes_skills, resumes.experience AS resumes_experience, resumes.education AS resumes_education, resumes.projects AS resumes_projects, resumes.certifications AS resumes_certifications, resumes.technologies AS resumes_technologies, resumes.strengths AS resumes_strengths, resumes.analysis_json AS resumes_analysis_json, resumes.raw_text AS resumes_raw_text, resumes.file_size AS resumes_file_size, resumes.parsed_at AS resumes_parsed_at 
FROM resumes ORDER BY resumes.parsed_at DESC
 LIMIT ? OFFSET ?
2026-08-05 13:59:38,664 INFO sqlalchemy.engine.Engine [cached since 504.2s ago] (1, 0)
2026-08-05 13:59:38 | INFO     | sqlalchemy.engine.Engine | [cached since 504.2s ago] (1, 0)
2026-08-05 13:59:38 | INFO     | fundflow | [Workflow] Understanding Candidate Profile (0.30s)
2026-08-05 13:59:38 | INFO     | fundflow | [Workflow] Discovering High-Growth AI Companies (0.40s)
2026-08-05 13:59:38 | INFO     | fundflow | Using cached discovery (20 companies, 0.1h old)
2026-08-05 13:59:38 | INFO     | fundflow | [Workflow] Matching Skills (0.30s)
2026-08-05 13:59:38 | INFO     | fundflow | [Workflow] Ranking Opportunities (0.30s)
2026-08-05 13:59:38 | INFO     | fundflow | [Workflow] Generating Cover Letter (0.40s)
2026-08-05 13:59:42 | ERROR    | fundflow | Cover letter OpenRouter call failed: Error code: 429 - {'error': {'message': 'Rate limit exceeded: free-models-per-day. Add 10 credits to unlock 1000 free model requests per day', 'code': 429, 'metadata': {'headers': {'X-RateLimit-Limit': '50', 'X-RateLimit-Remaining': '0', 'X-RateLimit-Reset': '1785974400000'}, 'limit_source': 'openrouter_free_tier_daily', 'remedy_hint': 'Wait for the daily reset (see X-RateLimit-Reset), or purchase credits to raise your free-model daily limit.', 'provider_name': None, 'previous_errors': [{'code': 429, 'message': 'Rate limit exceeded: free-models-per-day. Add 10 credits to unlock 1000 free model requests per day'}]}}, 'user_id': 'user_3FlILifPNzaduvBLcAWo2dbMqbg'}
2026-08-05 13:59:42 | ERROR    | fundflow | Cover letter generation failed: Error code: 429 - {'error': {'message': 'Rate limit exceeded: free-models-per-day. Add 10 credits to unlock 1000 free model requests per day', 'code': 429, 'metadata': {'headers': {'X-RateLimit-Limit': '50', 'X-RateLimit-Remaining': '0', 'X-RateLimit-Reset': '1785974400000'}, 'limit_source': 'openrouter_free_tier_daily', 'remedy_hint': 'Wait for the daily reset (see X-RateLimit-Reset), or purchase credits to raise your free-model daily limit.', 'provider_name': None, 'previous_errors': [{'code': 429, 'message': 'Rate limit exceeded: free-models-per-day. Add 10 credits to unlock 1000 free model requests per day'}]}}, 'user_id': 'user_3FlILifPNzaduvBLcAWo2dbMqbg'}
2026-08-05 13:59:42 | INFO     | fundflow | [Workflow] Preparing Weekly Career Report (0.40s)
INFO:     127.0.0.1:58995 - "POST /api/workflow/weekly-report HTTP/1.1" 200 OK
2026-08-05 13:59:42,979 INFO sqlalchemy.engine.Engine ROLLBACK
2026-08-05 13:59:42 | INFO     | sqlalchemy.engine.Engine | ROLLBACK
2026-08-05 13:59:43 | INFO     | fundflow | Using cached discovery (20 companies, 0.1h old)
2026-08-05 13:59:43,820 INFO sqlalchemy.engine.Engine BEGIN (implicit)
2026-08-05 13:59:43 | INFO     | sqlalchemy.engine.Engine | BEGIN (implicit)
2026-08-05 13:59:43,820 INFO sqlalchemy.engine.Engine SELECT resumes.id AS resumes_id, resumes.original_filename AS resumes_original_filename, resumes.file_path AS resumes_file_path, resumes.name AS resumes_name, resumes.email AS resumes_email, resumes.phone AS resumes_phone, resumes.location AS resumes_location, resumes.summary AS resumes_summary, resumes.skills AS resumes_skills, resumes.experience AS resumes_experience, resumes.education AS resumes_education, resumes.projects AS resumes_projects, resumes.certifications AS resumes_certifications, resumes.technologies AS resumes_technologies, resumes.strengths AS resumes_strengths, resumes.analysis_json AS resumes_analysis_json, resumes.raw_text AS resumes_raw_text, resumes.file_size AS resumes_file_size, resumes.parsed_at AS resumes_parsed_at 
FROM resumes ORDER BY resumes.parsed_at DESC
 LIMIT ? OFFSET ?
2026-08-05 13:59:43 | INFO     | sqlalchemy.engine.Engine | SELECT resumes.id AS resumes_id, resumes.original_filename AS resumes_original_filename, resumes.file_path AS resumes_file_path, resumes.name AS resumes_name, resumes.email AS resumes_email, resumes.phone AS resumes_phone, resumes.location AS resumes_location, resumes.summary AS resumes_summary, resumes.skills AS resumes_skills, resumes.experience AS resumes_experience, resumes.education AS resumes_education, resumes.projects AS resumes_projects, resumes.certifications AS resumes_certifications, resumes.technologies AS resumes_technologies, resumes.strengths AS resumes_strengths, resumes.analysis_json AS resumes_analysis_json, resumes.raw_text AS resumes_raw_text, resumes.file_size AS resumes_file_size, resumes.parsed_at AS resumes_parsed_at 
FROM resumes ORDER BY resumes.parsed_at DESC
 LIMIT ? OFFSET ?
2026-08-05 13:59:43,820 INFO sqlalchemy.engine.Engine [cached since 509.4s ago] (1, 0)
2026-08-05 13:59:43 | INFO     | sqlalchemy.engine.Engine | [cached since 509.4s ago] (1, 0)
INFO:     127.0.0.1:56256 - "GET /api/companies HTTP/1.1" 200 OK
2026-08-05 13:59:43,825 INFO sqlalchemy.engine.Engine ROLLBACK
2026-08-05 13:59:43 | INFO     | sqlalchemy.engine.Engine | ROLLBACK
2026-08-05 13:59:43,825 INFO sqlalchemy.engine.Engine BEGIN (implicit)
2026-08-05 13:59:43 | INFO     | sqlalchemy.engine.Engine | BEGIN (implicit)
2026-08-05 13:59:43,825 INFO sqlalchemy.engine.Engine SELECT resumes.id AS resumes_id, resumes.original_filename AS resumes_original_filename, resumes.file_path AS resumes_file_path, resumes.name AS resumes_name, resumes.email AS resumes_email, resumes.phone AS resumes_phone, resumes.location AS resumes_location, resumes.summary AS resumes_summary, resumes.skills AS resumes_skills, resumes.experience AS resumes_experience, resumes.education AS resumes_education, resumes.projects AS resumes_projects, resumes.certifications AS resumes_certifications, resumes.technologies AS resumes_technologies, resumes.strengths AS resumes_strengths, resumes.analysis_json AS resumes_analysis_json, resumes.raw_text AS resumes_raw_text, resumes.file_size AS resumes_file_size, resumes.parsed_at AS resumes_parsed_at 
FROM resumes ORDER BY resumes.parsed_at DESC
 LIMIT ? OFFSET ?
2026-08-05 13:59:43 | INFO     | sqlalchemy.engine.Engine | SELECT resumes.id AS resumes_id, resumes.original_filename AS resumes_original_filename, resumes.file_path AS resumes_file_path, resumes.name AS resumes_name, resumes.email AS resumes_email, resumes.phone AS resumes_phone, resumes.location AS resumes_location, resumes.summary AS resumes_summary, resumes.skills AS resumes_skills, resumes.experience AS resumes_experience, resumes.education AS resumes_education, resumes.projects AS resumes_projects, resumes.certifications AS resumes_certifications, resumes.technologies AS resumes_technologies, resumes.strengths AS resumes_strengths, resumes.analysis_json AS resumes_analysis_json, resumes.raw_text AS resumes_raw_text, resumes.file_size AS resumes_file_size, resumes.parsed_at AS resumes_parsed_at 
FROM resumes ORDER BY resumes.parsed_at DESC
 LIMIT ? OFFSET ?
2026-08-05 13:59:43,825 INFO sqlalchemy.engine.Engine [cached since 509.4s ago] (1, 0)
2026-08-05 13:59:43 | INFO     | sqlalchemy.engine.Engine | [cached since 509.4s ago] (1, 0)
INFO:     127.0.0.1:56258 - "GET /api/resume/latest HTTP/1.1" 200 OK
2026-08-05 13:59:43,833 INFO sqlalchemy.engine.Engine ROLLBACK
2026-08-05 13:59:43 | INFO     | sqlalchemy.engine.Engine | ROLLBACK
2026-08-05 13:59:43 | INFO     | fundflow | Using cached discovery (20 companies, 0.1h old)
2026-08-05 13:59:43,833 INFO sqlalchemy.engine.Engine BEGIN (implicit)
2026-08-05 13:59:43 | INFO     | sqlalchemy.engine.Engine | BEGIN (implicit)
2026-08-05 13:59:43,833 INFO sqlalchemy.engine.Engine SELECT resumes.id AS resumes_id, resumes.original_filename AS resumes_original_filename, resumes.file_path AS resumes_file_path, resumes.name AS resumes_name, resumes.email AS resumes_email, resumes.phone AS resumes_phone, resumes.location AS resumes_location, resumes.summary AS resumes_summary, resumes.skills AS resumes_skills, resumes.experience AS resumes_experience, resumes.education AS resumes_education, resumes.projects AS resumes_projects, resumes.certifications AS resumes_certifications, resumes.technologies AS resumes_technologies, resumes.strengths AS resumes_strengths, resumes.analysis_json AS resumes_analysis_json, resumes.raw_text AS resumes_raw_text, resumes.file_size AS resumes_file_size, resumes.parsed_at AS resumes_parsed_at 
FROM resumes ORDER BY resumes.parsed_at DESC
 LIMIT ? OFFSET ?
2026-08-05 13:59:43 | INFO     | sqlalchemy.engine.Engine | SELECT resumes.id AS resumes_id, resumes.original_filename AS resumes_original_filename, resumes.file_path AS resumes_file_path, resumes.name AS resumes_name, resumes.email AS resumes_email, resumes.phone AS resumes_phone, resumes.location AS resumes_location, resumes.summary AS resumes_summary, resumes.skills AS resumes_skills, resumes.experience AS resumes_experience, resumes.education AS resumes_education, resumes.projects AS resumes_projects, resumes.certifications AS resumes_certifications, resumes.technologies AS resumes_technologies, resumes.strengths AS resumes_strengths, resumes.analysis_json AS resumes_analysis_json, resumes.raw_text AS resumes_raw_text, resumes.file_size AS resumes_file_size, resumes.parsed_at AS resumes_parsed_at 
FROM resumes ORDER BY resumes.parsed_at DESC
 LIMIT ? OFFSET ?
2026-08-05 13:59:43,833 INFO sqlalchemy.engine.Engine [cached since 509.4s ago] (1, 0)
2026-08-05 13:59:43 | INFO     | sqlalchemy.engine.Engine | [cached since 509.4s ago] (1, 0)
INFO:     127.0.0.1:56260 - "GET /api/companies HTTP/1.1" 200 OK
2026-08-05 13:59:43,841 INFO sqlalchemy.engine.Engine BEGIN (implicit)
2026-08-05 13:59:43 | INFO     | sqlalchemy.engine.Engine | BEGIN (implicit)
2026-08-05 13:59:43,841 INFO sqlalchemy.engine.Engine ROLLBACK
2026-08-05 13:59:43 | INFO     | sqlalchemy.engine.Engine | ROLLBACK
2026-08-05 13:59:43,841 INFO sqlalchemy.engine.Engine SELECT resumes.id AS resumes_id, resumes.original_filename AS resumes_original_filename, resumes.file_path AS resumes_file_path, resumes.name AS resumes_name, resumes.email AS resumes_email, resumes.phone AS resumes_phone, resumes.location AS resumes_location, resumes.summary AS resumes_summary, resumes.skills AS resumes_skills, resumes.experience AS resumes_experience, resumes.education AS resumes_education, resumes.projects AS resumes_projects, resumes.certifications AS resumes_certifications, resumes.technologies AS resumes_technologies, resumes.strengths AS resumes_strengths, resumes.analysis_json AS resumes_analysis_json, resumes.raw_text AS resumes_raw_text, resumes.file_size AS resumes_file_size, resumes.parsed_at AS resumes_parsed_at 
FROM resumes ORDER BY resumes.parsed_at DESC
 LIMIT ? OFFSET ?
2026-08-05 13:59:43 | INFO     | sqlalchemy.engine.Engine | SELECT resumes.id AS resumes_id, resumes.original_filename AS resumes_original_filename, resumes.file_path AS resumes_file_path, resumes.name AS resumes_name, resumes.email AS resumes_email, resumes.phone AS resumes_phone, resumes.location AS resumes_location, resumes.summary AS resumes_summary, resumes.skills AS resumes_skills, resumes.experience AS resumes_experience, resumes.education AS resumes_education, resumes.projects AS resumes_projects, resumes.certifications AS resumes_certifications, resumes.technologies AS resumes_technologies, resumes.strengths AS resumes_strengths, resumes.analysis_json AS resumes_analysis_json, resumes.raw_text AS resumes_raw_text, resumes.file_size AS resumes_file_size, resumes.parsed_at AS resumes_parsed_at 
FROM resumes ORDER BY resumes.parsed_at DESC
 LIMIT ? OFFSET ?
2026-08-05 13:59:43,841 INFO sqlalchemy.engine.Engine [cached since 509.4s ago] (1, 0)
2026-08-05 13:59:43 | INFO     | sqlalchemy.engine.Engine | [cached since 509.4s ago] (1, 0)
INFO:     127.0.0.1:56262 - "GET /api/resume/latest HTTP/1.1" 200 OK
2026-08-05 13:59:43,850 INFO sqlalchemy.engine.Engine ROLLBACK
2026-08-05 13:59:43 | INFO     | sqlalchemy.engine.Engine | ROLLBACK
2026-08-05 13:59:44,922 INFO sqlalchemy.engine.Engine BEGIN (implicit)
2026-08-05 13:59:44 | INFO     | sqlalchemy.engine.Engine | BEGIN (implicit)
2026-08-05 13:59:44,928 INFO sqlalchemy.engine.Engine SELECT resumes.id AS resumes_id, resumes.original_filename AS resumes_original_filename, resumes.file_path AS resumes_file_path, resumes.name AS resumes_name, resumes.email AS resumes_email, resumes.phone AS resumes_phone, resumes.location AS resumes_location, resumes.summary AS resumes_summary, resumes.skills AS resumes_skills, resumes.experience AS resumes_experience, resumes.education AS resumes_education, resumes.projects AS resumes_projects, resumes.certifications AS resumes_certifications, resumes.technologies AS resumes_technologies, resumes.strengths AS resumes_strengths, resumes.analysis_json AS resumes_analysis_json, resumes.raw_text AS resumes_raw_text, resumes.file_size AS resumes_file_size, resumes.parsed_at AS resumes_parsed_at 
FROM resumes ORDER BY resumes.parsed_at DESC
 LIMIT ? OFFSET ?
2026-08-05 13:59:44 | INFO     | sqlalchemy.engine.Engine | SELECT resumes.id AS resumes_id, resumes.original_filename AS resumes_original_filename, resumes.file_path AS resumes_file_path, resumes.name AS resumes_name, resumes.email AS resumes_email, resumes.phone AS resumes_phone, resumes.location AS resumes_location, resumes.summary AS resumes_summary, resumes.skills AS resumes_skills, resumes.experience AS resumes_experience, resumes.education AS resumes_education, resumes.projects AS resumes_projects, resumes.certifications AS resumes_certifications, resumes.technologies AS resumes_technologies, resumes.strengths AS resumes_strengths, resumes.analysis_json AS resumes_analysis_json, resumes.raw_text AS resumes_raw_text, resumes.file_size AS resumes_file_size, resumes.parsed_at AS resumes_parsed_at 
FROM resumes ORDER BY resumes.parsed_at DESC
 LIMIT ? OFFSET ?
2026-08-05 13:59:44,928 INFO sqlalchemy.engine.Engine [cached since 510.5s ago] (1, 0)
2026-08-05 13:59:44 | INFO     | sqlalchemy.engine.Engine | [cached since 510.5s ago] (1, 0)
INFO:     127.0.0.1:60932 - "GET /api/resume/latest HTTP/1.1" 200 OK
2026-08-05 13:59:44,928 INFO sqlalchemy.engine.Engine ROLLBACK
2026-08-05 13:59:44 | INFO     | sqlalchemy.engine.Engine | ROLLBACK
2026-08-05 13:59:44,928 INFO sqlalchemy.engine.Engine BEGIN (implicit)
2026-08-05 13:59:44 | INFO     | sqlalchemy.engine.Engine | BEGIN (implicit)
2026-08-05 13:59:44,936 INFO sqlalchemy.engine.Engine SELECT resumes.id AS resumes_id, resumes.original_filename AS resumes_original_filename, resumes.file_path AS resumes_file_path, resumes.name AS resumes_name, resumes.email AS resumes_email, resumes.phone AS resumes_phone, resumes.location AS resumes_location, resumes.summary AS resumes_summary, resumes.skills AS resumes_skills, resumes.experience AS resumes_experience, resumes.education AS resumes_education, resumes.projects AS resumes_projects, resumes.certifications AS resumes_certifications, resumes.technologies AS resumes_technologies, resumes.strengths AS resumes_strengths, resumes.analysis_json AS resumes_analysis_json, resumes.raw_text AS resumes_raw_text, resumes.file_size AS resumes_file_size, resumes.parsed_at AS resumes_parsed_at 
FROM resumes ORDER BY resumes.parsed_at DESC
 LIMIT ? OFFSET ?
2026-08-05 13:59:44 | INFO     | sqlalchemy.engine.Engine | SELECT resumes.id AS resumes_id, resumes.original_filename AS resumes_original_filename, resumes.file_path AS resumes_file_path, resumes.name AS resumes_name, resumes.email AS resumes_email, resumes.phone AS resumes_phone, resumes.location AS resumes_location, resumes.summary AS resumes_summary, resumes.skills AS resumes_skills, resumes.experience AS resumes_experience, resumes.education AS resumes_education, resumes.projects AS resumes_projects, resumes.certifications AS resumes_certifications, resumes.technologies AS resumes_technologies, resumes.strengths AS resumes_strengths, resumes.analysis_json AS resumes_analysis_json, resumes.raw_text AS resumes_raw_text, resumes.file_size AS resumes_file_size, resumes.parsed_at AS resumes_parsed_at 
FROM resumes ORDER BY resumes.parsed_at DESC
 LIMIT ? OFFSET ?
2026-08-05 13:59:44,937 INFO sqlalchemy.engine.Engine [cached since 510.5s ago] (1, 0)
2026-08-05 13:59:44 | INFO     | sqlalchemy.engine.Engine | [cached since 510.5s ago] (1, 0)
INFO:     127.0.0.1:60934 - "GET /api/resume/latest HTTP/1.1" 200 OK
2026-08-05 13:59:44,937 INFO sqlalchemy.engine.Engine ROLLBACK
2026-08-05 13:59:44 | INFO     | sqlalchemy.engine.Engine | ROLLBACK
2026-08-05 13:59:48,015 INFO sqlalchemy.engine.Engine BEGIN (implicit)
2026-08-05 13:59:48 | INFO     | sqlalchemy.engine.Engine | BEGIN (implicit)
2026-08-05 13:59:48,015 INFO sqlalchemy.engine.Engine SELECT resumes.id AS resumes_id, resumes.original_filename AS resumes_original_filename, resumes.file_path AS resumes_file_path, resumes.name AS resumes_name, resumes.email AS resumes_email, resumes.phone AS resumes_phone, resumes.location AS resumes_location, resumes.summary AS resumes_summary, resumes.skills AS resumes_skills, resumes.experience AS resumes_experience, resumes.education AS resumes_education, resumes.projects AS resumes_projects, resumes.certifications AS resumes_certifications, resumes.technologies AS resumes_technologies, resumes.strengths AS resumes_strengths, resumes.analysis_json AS resumes_analysis_json, resumes.raw_text AS resumes_raw_text, resumes.file_size AS resumes_file_size, resumes.parsed_at AS resumes_parsed_at 
FROM resumes ORDER BY resumes.parsed_at DESC
 LIMIT ? OFFSET ?
2026-08-05 13:59:48 | INFO     | sqlalchemy.engine.Engine | SELECT resumes.id AS resumes_id, resumes.original_filename AS resumes_original_filename, resumes.file_path AS resumes_file_path, resumes.name AS resumes_name, resumes.email AS resumes_email, resumes.phone AS resumes_phone, resumes.location AS resumes_location, resumes.summary AS resumes_summary, resumes.skills AS resumes_skills, resumes.experience AS resumes_experience, resumes.education AS resumes_education, resumes.projects AS resumes_projects, resumes.certifications AS resumes_certifications, resumes.technologies AS resumes_technologies, resumes.strengths AS resumes_strengths, resumes.analysis_json AS resumes_analysis_json, resumes.raw_text AS resumes_raw_text, resumes.file_size AS resumes_file_size, resumes.parsed_at AS resumes_parsed_at 
FROM resumes ORDER BY resumes.parsed_at DESC
 LIMIT ? OFFSET ?
2026-08-05 13:59:48,018 INFO sqlalchemy.engine.Engine [cached since 513.6s ago] (1, 0)
2026-08-05 13:59:48 | INFO     | sqlalchemy.engine.Engine | [cached since 513.6s ago] (1, 0)
INFO:     127.0.0.1:53175 - "GET /api/resume/latest HTTP/1.1" 200 OK
2026-08-05 13:59:48,018 INFO sqlalchemy.engine.Engine ROLLBACK
2026-08-05 13:59:48 | INFO     | sqlalchemy.engine.Engine | ROLLBACK
2026-08-05 13:59:48,026 INFO sqlalchemy.engine.Engine BEGIN (implicit)
2026-08-05 13:59:48 | INFO     | sqlalchemy.engine.Engine | BEGIN (implicit)
2026-08-05 13:59:48,027 INFO sqlalchemy.engine.Engine SELECT resumes.id AS resumes_id, resumes.original_filename AS resumes_original_filename, resumes.file_path AS resumes_file_path, resumes.name AS resumes_name, resumes.email AS resumes_email, resumes.phone AS resumes_phone, resumes.location AS resumes_location, resumes.summary AS resumes_summary, resumes.skills AS resumes_skills, resumes.experience AS resumes_experience, resumes.education AS resumes_education, resumes.projects AS resumes_projects, resumes.certifications AS resumes_certifications, resumes.technologies AS resumes_technologies, resumes.strengths AS resumes_strengths, resumes.analysis_json AS resumes_analysis_json, resumes.raw_text AS resumes_raw_text, resumes.file_size AS resumes_file_size, resumes.parsed_at AS resumes_parsed_at 
FROM resumes ORDER BY resumes.parsed_at DESC
 LIMIT ? OFFSET ?
2026-08-05 13:59:48 | INFO     | sqlalchemy.engine.Engine | SELECT resumes.id AS resumes_id, resumes.original_filename AS resumes_original_filename, resumes.file_path AS resumes_file_path, resumes.name AS resumes_name, resumes.email AS resumes_email, resumes.phone AS resumes_phone, resumes.location AS resumes_location, resumes.summary AS resumes_summary, resumes.skills AS resumes_skills, resumes.experience AS resumes_experience, resumes.education AS resumes_education, resumes.projects AS resumes_projects, resumes.certifications AS resumes_certifications, resumes.technologies AS resumes_technologies, resumes.strengths AS resumes_strengths, resumes.analysis_json AS resumes_analysis_json, resumes.raw_text AS resumes_raw_text, resumes.file_size AS resumes_file_size, resumes.parsed_at AS resumes_parsed_at 
FROM resumes ORDER BY resumes.parsed_at DESC
 LIMIT ? OFFSET ?
2026-08-05 13:59:48,027 INFO sqlalchemy.engine.Engine [cached since 513.6s ago] (1, 0)
2026-08-05 13:59:48 | INFO     | sqlalchemy.engine.Engine | [cached since 513.6s ago] (1, 0)
INFO:     127.0.0.1:53177 - "GET /api/resume/latest HTTP/1.1" 200 OK
2026-08-05 13:59:48,028 INFO sqlalchemy.engine.Engine ROLLBACK
2026-08-05 13:59:48 | INFO     | sqlalchemy.engine.Engine | ROLLBACK
2026-08-05 14:00:54 | INFO     | fundflow | Using cached discovery (20 companies, 0.1h old)
2026-08-05 14:00:54,772 INFO sqlalchemy.engine.Engine BEGIN (implicit)
2026-08-05 14:00:54 | INFO     | sqlalchemy.engine.Engine | BEGIN (implicit)
2026-08-05 14:00:54,772 INFO sqlalchemy.engine.Engine SELECT resumes.id AS resumes_id, resumes.original_filename AS resumes_original_filename, resumes.file_path AS resumes_file_path, resumes.name AS resumes_name, resumes.email AS resumes_email, resumes.phone AS resumes_phone, resumes.location AS resumes_location, resumes.summary AS resumes_summary, resumes.skills AS resumes_skills, resumes.experience AS resumes_experience, resumes.education AS resumes_education, resumes.projects AS resumes_projects, resumes.certifications AS resumes_certifications, resumes.technologies AS resumes_technologies, resumes.strengths AS resumes_strengths, resumes.analysis_json AS resumes_analysis_json, resumes.raw_text AS resumes_raw_text, resumes.file_size AS resumes_file_size, resumes.parsed_at AS resumes_parsed_at 
FROM resumes ORDER BY resumes.parsed_at DESC
 LIMIT ? OFFSET ?
2026-08-05 14:00:54 | INFO     | sqlalchemy.engine.Engine | SELECT resumes.id AS resumes_id, resumes.original_filename AS resumes_original_filename, resumes.file_path AS resumes_file_path, resumes.name AS resumes_name, resumes.email AS resumes_email, resumes.phone AS resumes_phone, resumes.location AS resumes_location, resumes.summary AS resumes_summary, resumes.skills AS resumes_skills, resumes.experience AS resumes_experience, resumes.education AS resumes_education, resumes.projects AS resumes_projects, resumes.certifications AS resumes_certifications, resumes.technologies AS resumes_technologies, resumes.strengths AS resumes_strengths, resumes.analysis_json AS resumes_analysis_json, resumes.raw_text AS resumes_raw_text, resumes.file_size AS resumes_file_size, resumes.parsed_at AS resumes_parsed_at 
FROM resumes ORDER BY resumes.parsed_at DESC
 LIMIT ? OFFSET ?
2026-08-05 14:00:54,772 INFO sqlalchemy.engine.Engine [cached since 580.3s ago] (1, 0)
2026-08-05 14:00:54 | INFO     | sqlalchemy.engine.Engine | [cached since 580.3s ago] (1, 0)
INFO:     127.0.0.1:52172 - "GET /api/companies HTTP/1.1" 200 OK
2026-08-05 14:00:54,777 INFO sqlalchemy.engine.Engine ROLLBACK
2026-08-05 14:00:54 | INFO     | sqlalchemy.engine.Engine | ROLLBACK
2026-08-05 14:00:54 | INFO     | fundflow | Using cached discovery (20 companies, 0.1h old)
2026-08-05 14:00:54,785 INFO sqlalchemy.engine.Engine BEGIN (implicit)
2026-08-05 14:00:54 | INFO     | sqlalchemy.engine.Engine | BEGIN (implicit)
2026-08-05 14:00:54,785 INFO sqlalchemy.engine.Engine SELECT resumes.id AS resumes_id, resumes.original_filename AS resumes_original_filename, resumes.file_path AS resumes_file_path, resumes.name AS resumes_name, resumes.email AS resumes_email, resumes.phone AS resumes_phone, resumes.location AS resumes_location, resumes.summary AS resumes_summary, resumes.skills AS resumes_skills, resumes.experience AS resumes_experience, resumes.education AS resumes_education, resumes.projects AS resumes_projects, resumes.certifications AS resumes_certifications, resumes.technologies AS resumes_technologies, resumes.strengths AS resumes_strengths, resumes.analysis_json AS resumes_analysis_json, resumes.raw_text AS resumes_raw_text, resumes.file_size AS resumes_file_size, resumes.parsed_at AS resumes_parsed_at 
FROM resumes ORDER BY resumes.parsed_at DESC
 LIMIT ? OFFSET ?
2026-08-05 14:00:54 | INFO     | sqlalchemy.engine.Engine | SELECT resumes.id AS resumes_id, resumes.original_filename AS resumes_original_filename, resumes.file_path AS resumes_file_path, resumes.name AS resumes_name, resumes.email AS resumes_email, resumes.phone AS resumes_phone, resumes.location AS resumes_location, resumes.summary AS resumes_summary, resumes.skills AS resumes_skills, resumes.experience AS resumes_experience, resumes.education AS resumes_education, resumes.projects AS resumes_projects, resumes.certifications AS resumes_certifications, resumes.technologies AS resumes_technologies, resumes.strengths AS resumes_strengths, resumes.analysis_json AS resumes_analysis_json, resumes.raw_text AS resumes_raw_text, resumes.file_size AS resumes_file_size, resumes.parsed_at AS resumes_parsed_at 
FROM resumes ORDER BY resumes.parsed_at DESC
 LIMIT ? OFFSET ?
2026-08-05 14:00:54,785 INFO sqlalchemy.engine.Engine [cached since 580.3s ago] (1, 0)
2026-08-05 14:00:54 | INFO     | sqlalchemy.engine.Engine | [cached since 580.3s ago] (1, 0)
INFO:     127.0.0.1:52175 - "GET /api/companies HTTP/1.1" 200 OK
2026-08-05 14:00:54,793 INFO sqlalchemy.engine.Engine BEGIN (implicit)
2026-08-05 14:00:54 | INFO     | sqlalchemy.engine.Engine | BEGIN (implicit)
2026-08-05 14:00:54,793 INFO sqlalchemy.engine.Engine SELECT resumes.id AS resumes_id, resumes.original_filename AS resumes_original_filename, resumes.file_path AS resumes_file_path, resumes.name AS resumes_name, resumes.email AS resumes_email, resumes.phone AS resumes_phone, resumes.location AS resumes_location, resumes.summary AS resumes_summary, resumes.skills AS resumes_skills, resumes.experience AS resumes_experience, resumes.education AS resumes_education, resumes.projects AS resumes_projects, resumes.certifications AS resumes_certifications, resumes.technologies AS resumes_technologies, resumes.strengths AS resumes_strengths, resumes.analysis_json AS resumes_analysis_json, resumes.raw_text AS resumes_raw_text, resumes.file_size AS resumes_file_size, resumes.parsed_at AS resumes_parsed_at 
FROM resumes ORDER BY resumes.parsed_at DESC
 LIMIT ? OFFSET ?
2026-08-05 14:00:54 | INFO     | sqlalchemy.engine.Engine | SELECT resumes.id AS resumes_id, resumes.original_filename AS resumes_original_filename, resumes.file_path AS resumes_file_path, resumes.name AS resumes_name, resumes.email AS resumes_email, resumes.phone AS resumes_phone, resumes.location AS resumes_location, resumes.summary AS resumes_summary, resumes.skills AS resumes_skills, resumes.experience AS resumes_experience, resumes.education AS resumes_education, resumes.projects AS resumes_projects, resumes.certifications AS resumes_certifications, resumes.technologies AS resumes_technologies, resumes.strengths AS resumes_strengths, resumes.analysis_json AS resumes_analysis_json, resumes.raw_text AS resumes_raw_text, resumes.file_size AS resumes_file_size, resumes.parsed_at AS resumes_parsed_at 
FROM resumes ORDER BY resumes.parsed_at DESC
 LIMIT ? OFFSET ?
2026-08-05 14:00:54,793 INFO sqlalchemy.engine.Engine ROLLBACK
2026-08-05 14:00:54 | INFO     | sqlalchemy.engine.Engine | ROLLBACK
2026-08-05 14:00:54,794 INFO sqlalchemy.engine.Engine [cached since 580.3s ago] (1, 0)
2026-08-05 14:00:54 | INFO     | sqlalchemy.engine.Engine | [cached since 580.3s ago] (1, 0)
INFO:     127.0.0.1:52177 - "GET /api/resume/latest HTTP/1.1" 200 OK
2026-08-05 14:00:54,797 INFO sqlalchemy.engine.Engine ROLLBACK
2026-08-05 14:00:54 | INFO     | sqlalchemy.engine.Engine | ROLLBACK
2026-08-05 14:00:54,807 INFO sqlalchemy.engine.Engine BEGIN (implicit)
2026-08-05 14:00:54 | INFO     | sqlalchemy.engine.Engine | BEGIN (implicit)
2026-08-05 14:00:54,807 INFO sqlalchemy.engine.Engine SELECT resumes.id AS resumes_id, resumes.original_filename AS resumes_original_filename, resumes.file_path AS resumes_file_path, resumes.name AS resumes_name, resumes.email AS resumes_email, resumes.phone AS resumes_phone, resumes.location AS resumes_location, resumes.summary AS resumes_summary, resumes.skills AS resumes_skills, resumes.experience AS resumes_experience, resumes.education AS resumes_education, resumes.projects AS resumes_projects, resumes.certifications AS resumes_certifications, resumes.technologies AS resumes_technologies, resumes.strengths AS resumes_strengths, resumes.analysis_json AS resumes_analysis_json, resumes.raw_text AS resumes_raw_text, resumes.file_size AS resumes_file_size, resumes.parsed_at AS resumes_parsed_at 
FROM resumes ORDER BY resumes.parsed_at DESC
 LIMIT ? OFFSET ?
2026-08-05 14:00:54 | INFO     | sqlalchemy.engine.Engine | SELECT resumes.id AS resumes_id, resumes.original_filename AS resumes_original_filename, resumes.file_path AS resumes_file_path, resumes.name AS resumes_name, resumes.email AS resumes_email, resumes.phone AS resumes_phone, resumes.location AS resumes_location, resumes.summary AS resumes_summary, resumes.skills AS resumes_skills, resumes.experience AS resumes_experience, resumes.education AS resumes_education, resumes.projects AS resumes_projects, resumes.certifications AS resumes_certifications, resumes.technologies AS resumes_technologies, resumes.strengths AS resumes_strengths, resumes.analysis_json AS resumes_analysis_json, resumes.raw_text AS resumes_raw_text, resumes.file_size AS resumes_file_size, resumes.parsed_at AS resumes_parsed_at 
FROM resumes ORDER BY resumes.parsed_at DESC
 LIMIT ? OFFSET ?
2026-08-05 14:00:54,807 INFO sqlalchemy.engine.Engine [cached since 580.4s ago] (1, 0)
2026-08-05 14:00:54 | INFO     | sqlalchemy.engine.Engine | [cached since 580.4s ago] (1, 0)
INFO:     127.0.0.1:63676 - "GET /api/resume/latest HTTP/1.1" 200 OK
2026-08-05 14:00:54,809 INFO sqlalchemy.engine.Engine ROLLBACK
2026-08-05 14:00:54 | INFO     | sqlalchemy.engine.Engine | ROLLBACK
2026-08-05 14:01:05,896 INFO sqlalchemy.engine.Engine BEGIN (implicit)
2026-08-05 14:01:05 | INFO     | sqlalchemy.engine.Engine | BEGIN (implicit)
2026-08-05 14:01:05,898 INFO sqlalchemy.engine.Engine SELECT resumes.id AS resumes_id, resumes.original_filename AS resumes_original_filename, resumes.file_path AS resumes_file_path, resumes.name AS resumes_name, resumes.email AS resumes_email, resumes.phone AS resumes_phone, resumes.location AS resumes_location, resumes.summary AS resumes_summary, resumes.skills AS resumes_skills, resumes.experience AS resumes_experience, resumes.education AS resumes_education, resumes.projects AS resumes_projects, resumes.certifications AS resumes_certifications, resumes.technologies AS resumes_technologies, resumes.strengths AS resumes_strengths, resumes.analysis_json AS resumes_analysis_json, resumes.raw_text AS resumes_raw_text, resumes.file_size AS resumes_file_size, resumes.parsed_at AS resumes_parsed_at 
FROM resumes ORDER BY resumes.parsed_at DESC
 LIMIT ? OFFSET ?
2026-08-05 14:01:05 | INFO     | sqlalchemy.engine.Engine | SELECT resumes.id AS resumes_id, resumes.original_filename AS resumes_original_filename, resumes.file_path AS resumes_file_path, resumes.name AS resumes_name, resumes.email AS resumes_email, resumes.phone AS resumes_phone, resumes.location AS resumes_location, resumes.summary AS resumes_summary, resumes.skills AS resumes_skills, resumes.experience AS resumes_experience, resumes.education AS resumes_education, resumes.projects AS resumes_projects, resumes.certifications AS resumes_certifications, resumes.technologies AS resumes_technologies, resumes.strengths AS resumes_strengths, resumes.analysis_json AS resumes_analysis_json, resumes.raw_text AS resumes_raw_text, resumes.file_size AS resumes_file_size, resumes.parsed_at AS resumes_parsed_at 
FROM resumes ORDER BY resumes.parsed_at DESC
 LIMIT ? OFFSET ?
2026-08-05 14:01:05,898 INFO sqlalchemy.engine.Engine [cached since 591.4s ago] (1, 0)
2026-08-05 14:01:05 | INFO     | sqlalchemy.engine.Engine | [cached since 591.4s ago] (1, 0)
INFO:     127.0.0.1:50790 - "GET /api/resume/latest HTTP/1.1" 200 OK
2026-08-05 14:01:05,900 INFO sqlalchemy.engine.Engine ROLLBACK
2026-08-05 14:01:05 | INFO     | sqlalchemy.engine.Engine | ROLLBACK
2026-08-05 14:01:05,909 INFO sqlalchemy.engine.Engine BEGIN (implicit)
2026-08-05 14:01:05 | INFO     | sqlalchemy.engine.Engine | BEGIN (implicit)
2026-08-05 14:01:05,911 INFO sqlalchemy.engine.Engine SELECT resumes.id AS resumes_id, resumes.original_filename AS resumes_original_filename, resumes.file_path AS resumes_file_path, resumes.name AS resumes_name, resumes.email AS resumes_email, resumes.phone AS resumes_phone, resumes.location AS resumes_location, resumes.summary AS resumes_summary, resumes.skills AS resumes_skills, resumes.experience AS resumes_experience, resumes.education AS resumes_education, resumes.projects AS resumes_projects, resumes.certifications AS resumes_certifications, resumes.technologies AS resumes_technologies, resumes.strengths AS resumes_strengths, resumes.analysis_json AS resumes_analysis_json, resumes.raw_text AS resumes_raw_text, resumes.file_size AS resumes_file_size, resumes.parsed_at AS resumes_parsed_at 
FROM resumes ORDER BY resumes.parsed_at DESC
 LIMIT ? OFFSET ?
2026-08-05 14:01:05 | INFO     | sqlalchemy.engine.Engine | SELECT resumes.id AS resumes_id, resumes.original_filename AS resumes_original_filename, resumes.file_path AS resumes_file_path, resumes.name AS resumes_name, resumes.email AS resumes_email, resumes.phone AS resumes_phone, resumes.location AS resumes_location, resumes.summary AS resumes_summary, resumes.skills AS resumes_skills, resumes.experience AS resumes_experience, resumes.education AS resumes_education, resumes.projects AS resumes_projects, resumes.certifications AS resumes_certifications, resumes.technologies AS resumes_technologies, resumes.strengths AS resumes_strengths, resumes.analysis_json AS resumes_analysis_json, resumes.raw_text AS resumes_raw_text, resumes.file_size AS resumes_file_size, resumes.parsed_at AS resumes_parsed_at 
FROM resumes ORDER BY resumes.parsed_at DESC
 LIMIT ? OFFSET ?
2026-08-05 14:01:05,911 INFO sqlalchemy.engine.Engine [cached since 591.5s ago] (1, 0)
2026-08-05 14:01:05 | INFO     | sqlalchemy.engine.Engine | [cached since 591.5s ago] (1, 0)
INFO:     127.0.0.1:50792 - "GET /api/resume/latest HTTP/1.1" 200 OK
2026-08-05 14:01:05,919 INFO sqlalchemy.engine.Engine ROLLBACK
2026-08-05 14:01:05 | INFO     | sqlalchemy.engine.Engine | ROLLBACK
2026-08-05 14:01:10 | INFO     | fundflow | [Workflow] Reading Resume (0.30s)
2026-08-05 14:01:10,930 INFO sqlalchemy.engine.Engine BEGIN (implicit)
2026-08-05 14:01:10 | INFO     | sqlalchemy.engine.Engine | BEGIN (implicit)
2026-08-05 14:01:10,930 INFO sqlalchemy.engine.Engine SELECT resumes.id AS resumes_id, resumes.original_filename AS resumes_original_filename, resumes.file_path AS resumes_file_path, resumes.name AS resumes_name, resumes.email AS resumes_email, resumes.phone AS resumes_phone, resumes.location AS resumes_location, resumes.summary AS resumes_summary, resumes.skills AS resumes_skills, resumes.experience AS resumes_experience, resumes.education AS resumes_education, resumes.projects AS resumes_projects, resumes.certifications AS resumes_certifications, resumes.technologies AS resumes_technologies, resumes.strengths AS resumes_strengths, resumes.analysis_json AS resumes_analysis_json, resumes.raw_text AS resumes_raw_text, resumes.file_size AS resumes_file_size, resumes.parsed_at AS resumes_parsed_at 
FROM resumes ORDER BY resumes.parsed_at DESC
 LIMIT ? OFFSET ?
2026-08-05 14:01:10 | INFO     | sqlalchemy.engine.Engine | SELECT resumes.id AS resumes_id, resumes.original_filename AS resumes_original_filename, resumes.file_path AS resumes_file_path, resumes.name AS resumes_name, resumes.email AS resumes_email, resumes.phone AS resumes_phone, resumes.location AS resumes_location, resumes.summary AS resumes_summary, resumes.skills AS resumes_skills, resumes.experience AS resumes_experience, resumes.education AS resumes_education, resumes.projects AS resumes_projects, resumes.certifications AS resumes_certifications, resumes.technologies AS resumes_technologies, resumes.strengths AS resumes_strengths, resumes.analysis_json AS resumes_analysis_json, resumes.raw_text AS resumes_raw_text, resumes.file_size AS resumes_file_size, resumes.parsed_at AS resumes_parsed_at 
FROM resumes ORDER BY resumes.parsed_at DESC
 LIMIT ? OFFSET ?
2026-08-05 14:01:10,938 INFO sqlalchemy.engine.Engine [cached since 596.5s ago] (1, 0)
2026-08-05 14:01:10 | INFO     | sqlalchemy.engine.Engine | [cached since 596.5s ago] (1, 0)
2026-08-05 14:01:10 | INFO     | fundflow | [Workflow] Understanding Candidate Profile (0.30s)
2026-08-05 14:01:10 | INFO     | fundflow | [Workflow] Discovering High-Growth AI Companies (0.40s)
2026-08-05 14:01:10 | INFO     | fundflow | Using cached discovery (20 companies, 0.1h old)
2026-08-05 14:01:10 | INFO     | fundflow | [Workflow] Matching Skills (0.30s)
2026-08-05 14:01:10 | INFO     | fundflow | [Workflow] Ranking Opportunities (0.30s)
2026-08-05 14:01:10 | INFO     | fundflow | [Workflow] Generating Cover Letter (0.40s)
2026-08-05 14:01:16 | ERROR    | fundflow | Cover letter OpenRouter call failed: Error code: 429 - {'error': {'message': 'Rate limit exceeded: free-models-per-day. Add 10 credits to unlock 1000 free model requests per day', 'code': 429, 'metadata': {'headers': {'X-RateLimit-Limit': '50', 'X-RateLimit-Remaining': '0', 'X-RateLimit-Reset': '1785974400000'}, 'limit_source': 'openrouter_free_tier_daily', 'remedy_hint': 'Wait for the daily reset (see X-RateLimit-Reset), or purchase credits to raise your free-model daily limit.', 'provider_name': None, 'previous_errors': [{'code': 429, 'message': 'Rate limit exceeded: free-models-per-day. Add 10 credits to unlock 1000 free model requests per day'}]}}, 'user_id': 'user_3FlILifPNzaduvBLcAWo2dbMqbg'}
2026-08-05 14:01:16 | ERROR    | fundflow | Cover letter generation failed: Error code: 429 - {'error': {'message': 'Rate limit exceeded: free-models-per-day. Add 10 credits to unlock 1000 free model requests per day', 'code': 429, 'metadata': {'headers': {'X-RateLimit-Limit': '50', 'X-RateLimit-Remaining': '0', 'X-RateLimit-Reset': '1785974400000'}, 'limit_source': 'openrouter_free_tier_daily', 'remedy_hint': 'Wait for the daily reset (see X-RateLimit-Reset), or purchase credits to raise your free-model daily limit.', 'provider_name': None, 'previous_errors': [{'code': 429, 'message': 'Rate limit exceeded: free-models-per-day. Add 10 credits to unlock 1000 free model requests per day'}]}}, 'user_id': 'user_3FlILifPNzaduvBLcAWo2dbMqbg'}
2026-08-05 14:01:16 | INFO     | fundflow | [Workflow] Preparing Weekly Career Report (0.40s)
INFO:     127.0.0.1:60397 - "POST /api/workflow/weekly-report HTTP/1.1" 200 OK
2026-08-05 14:01:16,373 INFO sqlalchemy.engine.Engine ROLLBACK
2026-08-05 14:01:16 | INFO     | sqlalchemy.engine.Engine | ROLLBACK
2026-08-05 14:01:21 | INFO     | fundflow | Using cached discovery (20 companies, 0.1h old)
2026-08-05 14:01:21,278 INFO sqlalchemy.engine.Engine BEGIN (implicit)
2026-08-05 14:01:21 | INFO     | sqlalchemy.engine.Engine | BEGIN (implicit)
2026-08-05 14:01:21,280 INFO sqlalchemy.engine.Engine SELECT resumes.id AS resumes_id, resumes.original_filename AS resumes_original_filename, resumes.file_path AS resumes_file_path, resumes.name AS resumes_name, resumes.email AS resumes_email, resumes.phone AS resumes_phone, resumes.location AS resumes_location, resumes.summary AS resumes_summary, resumes.skills AS resumes_skills, resumes.experience AS resumes_experience, resumes.education AS resumes_education, resumes.projects AS resumes_projects, resumes.certifications AS resumes_certifications, resumes.technologies AS resumes_technologies, resumes.strengths AS resumes_strengths, resumes.analysis_json AS resumes_analysis_json, resumes.raw_text AS resumes_raw_text, resumes.file_size AS resumes_file_size, resumes.parsed_at AS resumes_parsed_at 
FROM resumes ORDER BY resumes.parsed_at DESC
 LIMIT ? OFFSET ?
2026-08-05 14:01:21 | INFO     | sqlalchemy.engine.Engine | SELECT resumes.id AS resumes_id, resumes.original_filename AS resumes_original_filename, resumes.file_path AS resumes_file_path, resumes.name AS resumes_name, resumes.email AS resumes_email, resumes.phone AS resumes_phone, resumes.location AS resumes_location, resumes.summary AS resumes_summary, resumes.skills AS resumes_skills, resumes.experience AS resumes_experience, resumes.education AS resumes_education, resumes.projects AS resumes_projects, resumes.certifications AS resumes_certifications, resumes.technologies AS resumes_technologies, resumes.strengths AS resumes_strengths, resumes.analysis_json AS resumes_analysis_json, resumes.raw_text AS resumes_raw_text, resumes.file_size AS resumes_file_size, resumes.parsed_at AS resumes_parsed_at 
FROM resumes ORDER BY resumes.parsed_at DESC
 LIMIT ? OFFSET ?
2026-08-05 14:01:21,282 INFO sqlalchemy.engine.Engine [cached since 606.8s ago] (1, 0)
2026-08-05 14:01:21 | INFO     | sqlalchemy.engine.Engine | [cached since 606.8s ago] (1, 0)
INFO:     127.0.0.1:56628 - "GET /api/companies HTTP/1.1" 200 OK
2026-08-05 14:01:21,310 INFO sqlalchemy.engine.Engine BEGIN (implicit)
2026-08-05 14:01:21 | INFO     | sqlalchemy.engine.Engine | BEGIN (implicit)
2026-08-05 14:01:21,310 INFO sqlalchemy.engine.Engine ROLLBACK
2026-08-05 14:01:21 | INFO     | sqlalchemy.engine.Engine | ROLLBACK
2026-08-05 14:01:21,310 INFO sqlalchemy.engine.Engine SELECT resumes.id AS resumes_id, resumes.original_filename AS resumes_original_filename, resumes.file_path AS resumes_file_path, resumes.name AS resumes_name, resumes.email AS resumes_email, resumes.phone AS resumes_phone, resumes.location AS resumes_location, resumes.summary AS resumes_summary, resumes.skills AS resumes_skills, resumes.experience AS resumes_experience, resumes.education AS resumes_education, resumes.projects AS resumes_projects, resumes.certifications AS resumes_certifications, resumes.technologies AS resumes_technologies, resumes.strengths AS resumes_strengths, resumes.analysis_json AS resumes_analysis_json, resumes.raw_text AS resumes_raw_text, resumes.file_size AS resumes_file_size, resumes.parsed_at AS resumes_parsed_at 
FROM resumes ORDER BY resumes.parsed_at DESC
 LIMIT ? OFFSET ?
2026-08-05 14:01:21 | INFO     | sqlalchemy.engine.Engine | SELECT resumes.id AS resumes_id, resumes.original_filename AS resumes_original_filename, resumes.file_path AS resumes_file_path, resumes.name AS resumes_name, resumes.email AS resumes_email, resumes.phone AS resumes_phone, resumes.location AS resumes_location, resumes.summary AS resumes_summary, resumes.skills AS resumes_skills, resumes.experience AS resumes_experience, resumes.education AS resumes_education, resumes.projects AS resumes_projects, resumes.certifications AS resumes_certifications, resumes.technologies AS resumes_technologies, resumes.strengths AS resumes_strengths, resumes.analysis_json AS resumes_analysis_json, resumes.raw_text AS resumes_raw_text, resumes.file_size AS resumes_file_size, resumes.parsed_at AS resumes_parsed_at 
FROM resumes ORDER BY resumes.parsed_at DESC
 LIMIT ? OFFSET ?
2026-08-05 14:01:21,312 INFO sqlalchemy.engine.Engine [cached since 606.9s ago] (1, 0)
2026-08-05 14:01:21 | INFO     | sqlalchemy.engine.Engine | [cached since 606.9s ago] (1, 0)
INFO:     127.0.0.1:56630 - "GET /api/resume/latest HTTP/1.1" 200 OK
2026-08-05 14:01:21 | INFO     | fundflow | Using cached discovery (20 companies, 0.1h old)
2026-08-05 14:01:21,353 INFO sqlalchemy.engine.Engine BEGIN (implicit)
2026-08-05 14:01:21 | INFO     | sqlalchemy.engine.Engine | BEGIN (implicit)
2026-08-05 14:01:21,355 INFO sqlalchemy.engine.Engine SELECT resumes.id AS resumes_id, resumes.original_filename AS resumes_original_filename, resumes.file_path AS resumes_file_path, resumes.name AS resumes_name, resumes.email AS resumes_email, resumes.phone AS resumes_phone, resumes.location AS resumes_location, resumes.summary AS resumes_summary, resumes.skills AS resumes_skills, resumes.experience AS resumes_experience, resumes.education AS resumes_education, resumes.projects AS resumes_projects, resumes.certifications AS resumes_certifications, resumes.technologies AS resumes_technologies, resumes.strengths AS resumes_strengths, resumes.analysis_json AS resumes_analysis_json, resumes.raw_text AS resumes_raw_text, resumes.file_size AS resumes_file_size, resumes.parsed_at AS resumes_parsed_at 
FROM resumes ORDER BY resumes.parsed_at DESC
 LIMIT ? OFFSET ?
2026-08-05 14:01:21 | INFO     | sqlalchemy.engine.Engine | SELECT resumes.id AS resumes_id, resumes.original_filename AS resumes_original_filename, resumes.file_path AS resumes_file_path, resumes.name AS resumes_name, resumes.email AS resumes_email, resumes.phone AS resumes_phone, resumes.location AS resumes_location, resumes.summary AS resumes_summary, resumes.skills AS resumes_skills, resumes.experience AS resumes_experience, resumes.education AS resumes_education, resumes.projects AS resumes_projects, resumes.certifications AS resumes_certifications, resumes.technologies AS resumes_technologies, resumes.strengths AS resumes_strengths, resumes.analysis_json AS resumes_analysis_json, resumes.raw_text AS resumes_raw_text, resumes.file_size AS resumes_file_size, resumes.parsed_at AS resumes_parsed_at 
FROM resumes ORDER BY resumes.parsed_at DESC
 LIMIT ? OFFSET ?
2026-08-05 14:01:21,355 INFO sqlalchemy.engine.Engine [cached since 606.9s ago] (1, 0)
2026-08-05 14:01:21 | INFO     | sqlalchemy.engine.Engine | [cached since 606.9s ago] (1, 0)
INFO:     127.0.0.1:56632 - "GET /api/companies HTTP/1.1" 200 OK
2026-08-05 14:01:21,366 INFO sqlalchemy.engine.Engine ROLLBACK
2026-08-05 14:01:21 | INFO     | sqlalchemy.engine.Engine | ROLLBACK
2026-08-05 14:01:21,370 INFO sqlalchemy.engine.Engine BEGIN (implicit)
2026-08-05 14:01:21 | INFO     | sqlalchemy.engine.Engine | BEGIN (implicit)
2026-08-05 14:01:21,376 INFO sqlalchemy.engine.Engine SELECT resumes.id AS resumes_id, resumes.original_filename AS resumes_original_filename, resumes.file_path AS resumes_file_path, resumes.name AS resumes_name, resumes.email AS resumes_email, resumes.phone AS resumes_phone, resumes.location AS resumes_location, resumes.summary AS resumes_summary, resumes.skills AS resumes_skills, resumes.experience AS resumes_experience, resumes.education AS resumes_education, resumes.projects AS resumes_projects, resumes.certifications AS resumes_certifications, resumes.technologies AS resumes_technologies, resumes.strengths AS resumes_strengths, resumes.analysis_json AS resumes_analysis_json, resumes.raw_text AS resumes_raw_text, resumes.file_size AS resumes_file_size, resumes.parsed_at AS resumes_parsed_at 
FROM resumes ORDER BY resumes.parsed_at DESC
 LIMIT ? OFFSET ?
2026-08-05 14:01:21 | INFO     | sqlalchemy.engine.Engine | SELECT resumes.id AS resumes_id, resumes.original_filename AS resumes_original_filename, resumes.file_path AS resumes_file_path, resumes.name AS resumes_name, resumes.email AS resumes_email, resumes.phone AS resumes_phone, resumes.location AS resumes_location, resumes.summary AS resumes_summary, resumes.skills AS resumes_skills, resumes.experience AS resumes_experience, resumes.education AS resumes_education, resumes.projects AS resumes_projects, resumes.certifications AS resumes_certifications, resumes.technologies AS resumes_technologies, resumes.strengths AS resumes_strengths, resumes.analysis_json AS resumes_analysis_json, resumes.raw_text AS resumes_raw_text, resumes.file_size AS resumes_file_size, resumes.parsed_at AS resumes_parsed_at 
FROM resumes ORDER BY resumes.parsed_at DESC
 LIMIT ? OFFSET ?
2026-08-05 14:01:21,376 INFO sqlalchemy.engine.Engine [cached since 606.9s ago] (1, 0)
2026-08-05 14:01:21 | INFO     | sqlalchemy.engine.Engine | [cached since 606.9s ago] (1, 0)
INFO:     127.0.0.1:56634 - "GET /api/resume/latest HTTP/1.1" 200 OK
2026-08-05 14:01:21,382 INFO sqlalchemy.engine.Engine ROLLBACK
2026-08-05 14:01:21 | INFO     | sqlalchemy.engine.Engine | ROLLBACK
2026-08-05 14:01:21,386 INFO sqlalchemy.engine.Engine ROLLBACK
2026-08-05 14:01:21 | INFO     | sqlalchemy.engine.Engine | ROLLBACK
2026-08-05 14:01:22,577 INFO sqlalchemy.engine.Engine BEGIN (implicit)
2026-08-05 14:01:22 | INFO     | sqlalchemy.engine.Engine | BEGIN (implicit)
2026-08-05 14:01:22,577 INFO sqlalchemy.engine.Engine SELECT resumes.id AS resumes_id, resumes.original_filename AS resumes_original_filename, resumes.file_path AS resumes_file_path, resumes.name AS resumes_name, resumes.email AS resumes_email, resumes.phone AS resumes_phone, resumes.location AS resumes_location, resumes.summary AS resumes_summary, resumes.skills AS resumes_skills, resumes.experience AS resumes_experience, resumes.education AS resumes_education, resumes.projects AS resumes_projects, resumes.certifications AS resumes_certifications, resumes.technologies AS resumes_technologies, resumes.strengths AS resumes_strengths, resumes.analysis_json AS resumes_analysis_json, resumes.raw_text AS resumes_raw_text, resumes.file_size AS resumes_file_size, resumes.parsed_at AS resumes_parsed_at 
FROM resumes ORDER BY resumes.parsed_at DESC
 LIMIT ? OFFSET ?
2026-08-05 14:01:22 | INFO     | sqlalchemy.engine.Engine | SELECT resumes.id AS resumes_id, resumes.original_filename AS resumes_original_filename, resumes.file_path AS resumes_file_path, resumes.name AS resumes_name, resumes.email AS resumes_email, resumes.phone AS resumes_phone, resumes.location AS resumes_location, resumes.summary AS resumes_summary, resumes.skills AS resumes_skills, resumes.experience AS resumes_experience, resumes.education AS resumes_education, resumes.projects AS resumes_projects, resumes.certifications AS resumes_certifications, resumes.technologies AS resumes_technologies, resumes.strengths AS resumes_strengths, resumes.analysis_json AS resumes_analysis_json, resumes.raw_text AS resumes_raw_text, resumes.file_size AS resumes_file_size, resumes.parsed_at AS resumes_parsed_at 
FROM resumes ORDER BY resumes.parsed_at DESC
 LIMIT ? OFFSET ?
2026-08-05 14:01:22,577 INFO sqlalchemy.engine.Engine [cached since 608.1s ago] (1, 0)
2026-08-05 14:01:22 | INFO     | sqlalchemy.engine.Engine | [cached since 608.1s ago] (1, 0)
INFO:     127.0.0.1:54677 - "GET /api/resume/latest HTTP/1.1" 200 OK
2026-08-05 14:01:22,586 INFO sqlalchemy.engine.Engine ROLLBACK
2026-08-05 14:01:22 | INFO     | sqlalchemy.engine.Engine | ROLLBACK
2026-08-05 14:01:22,608 INFO sqlalchemy.engine.Engine BEGIN (implicit)
2026-08-05 14:01:22 | INFO     | sqlalchemy.engine.Engine | BEGIN (implicit)
2026-08-05 14:01:22,608 INFO sqlalchemy.engine.Engine SELECT resumes.id AS resumes_id, resumes.original_filename AS resumes_original_filename, resumes.file_path AS resumes_file_path, resumes.name AS resumes_name, resumes.email AS resumes_email, resumes.phone AS resumes_phone, resumes.location AS resumes_location, resumes.summary AS resumes_summary, resumes.skills AS resumes_skills, resumes.experience AS resumes_experience, resumes.education AS resumes_education, resumes.projects AS resumes_projects, resumes.certifications AS resumes_certifications, resumes.technologies AS resumes_technologies, resumes.strengths AS resumes_strengths, resumes.analysis_json AS resumes_analysis_json, resumes.raw_text AS resumes_raw_text, resumes.file_size AS resumes_file_size, resumes.parsed_at AS resumes_parsed_at 
FROM resumes ORDER BY resumes.parsed_at DESC
 LIMIT ? OFFSET ?
2026-08-05 14:01:22 | INFO     | sqlalchemy.engine.Engine | SELECT resumes.id AS resumes_id, resumes.original_filename AS resumes_original_filename, resumes.file_path AS resumes_file_path, resumes.name AS resumes_name, resumes.email AS resumes_email, resumes.phone AS resumes_phone, resumes.location AS resumes_location, resumes.summary AS resumes_summary, resumes.skills AS resumes_skills, resumes.experience AS resumes_experience, resumes.education AS resumes_education, resumes.projects AS resumes_projects, resumes.certifications AS resumes_certifications, resumes.technologies AS resumes_technologies, resumes.strengths AS resumes_strengths, resumes.analysis_json AS resumes_analysis_json, resumes.raw_text AS resumes_raw_text, resumes.file_size AS resumes_file_size, resumes.parsed_at AS resumes_parsed_at 
FROM resumes ORDER BY resumes.parsed_at DESC
 LIMIT ? OFFSET ?
2026-08-05 14:01:22,610 INFO sqlalchemy.engine.Engine [cached since 608.2s ago] (1, 0)
2026-08-05 14:01:22 | INFO     | sqlalchemy.engine.Engine | [cached since 608.2s ago] (1, 0)
INFO:     127.0.0.1:54679 - "GET /api/resume/latest HTTP/1.1" 200 OK
2026-08-05 14:01:22,637 INFO sqlalchemy.engine.Engine ROLLBACK
2026-08-05 14:01:22 | INFO     | sqlalchemy.engine.Engine | ROLLBACK
2026-08-05 14:01:26,374 INFO sqlalchemy.engine.Engine BEGIN (implicit)
2026-08-05 14:01:26 | INFO     | sqlalchemy.engine.Engine | BEGIN (implicit)
2026-08-05 14:01:26,376 INFO sqlalchemy.engine.Engine SELECT resumes.id AS resumes_id, resumes.original_filename AS resumes_original_filename, resumes.file_path AS resumes_file_path, resumes.name AS resumes_name, resumes.email AS resumes_email, resumes.phone AS resumes_phone, resumes.location AS resumes_location, resumes.summary AS resumes_summary, resumes.skills AS resumes_skills, resumes.experience AS resumes_experience, resumes.education AS resumes_education, resumes.projects AS resumes_projects, resumes.certifications AS resumes_certifications, resumes.technologies AS resumes_technologies, resumes.strengths AS resumes_strengths, resumes.analysis_json AS resumes_analysis_json, resumes.raw_text AS resumes_raw_text, resumes.file_size AS resumes_file_size, resumes.parsed_at AS resumes_parsed_at 
FROM resumes ORDER BY resumes.parsed_at DESC
 LIMIT ? OFFSET ?
2026-08-05 14:01:26 | INFO     | sqlalchemy.engine.Engine | SELECT resumes.id AS resumes_id, resumes.original_filename AS resumes_original_filename, resumes.file_path AS resumes_file_path, resumes.name AS resumes_name, resumes.email AS resumes_email, resumes.phone AS resumes_phone, resumes.location AS resumes_location, resumes.summary AS resumes_summary, resumes.skills AS resumes_skills, resumes.experience AS resumes_experience, resumes.education AS resumes_education, resumes.projects AS resumes_projects, resumes.certifications AS resumes_certifications, resumes.technologies AS resumes_technologies, resumes.strengths AS resumes_strengths, resumes.analysis_json AS resumes_analysis_json, resumes.raw_text AS resumes_raw_text, resumes.file_size AS resumes_file_size, resumes.parsed_at AS resumes_parsed_at 
FROM resumes ORDER BY resumes.parsed_at DESC
 LIMIT ? OFFSET ?
2026-08-05 14:01:26,376 INFO sqlalchemy.engine.Engine [cached since 611.9s ago] (1, 0)
2026-08-05 14:01:26 | INFO     | sqlalchemy.engine.Engine | [cached since 611.9s ago] (1, 0)
INFO:     127.0.0.1:54454 - "GET /api/resume/latest HTTP/1.1" 200 OK
2026-08-05 14:01:26,376 INFO sqlalchemy.engine.Engine ROLLBACK
2026-08-05 14:01:26 | INFO     | sqlalchemy.engine.Engine | ROLLBACK
2026-08-05 14:01:26,389 INFO sqlalchemy.engine.Engine BEGIN (implicit)
2026-08-05 14:01:26 | INFO     | sqlalchemy.engine.Engine | BEGIN (implicit)
2026-08-05 14:01:26,391 INFO sqlalchemy.engine.Engine SELECT resumes.id AS resumes_id, resumes.original_filename AS resumes_original_filename, resumes.file_path AS resumes_file_path, resumes.name AS resumes_name, resumes.email AS resumes_email, resumes.phone AS resumes_phone, resumes.location AS resumes_location, resumes.summary AS resumes_summary, resumes.skills AS resumes_skills, resumes.experience AS resumes_experience, resumes.education AS resumes_education, resumes.projects AS resumes_projects, resumes.certifications AS resumes_certifications, resumes.technologies AS resumes_technologies, resumes.strengths AS resumes_strengths, resumes.analysis_json AS resumes_analysis_json, resumes.raw_text AS resumes_raw_text, resumes.file_size AS resumes_file_size, resumes.parsed_at AS resumes_parsed_at 
FROM resumes ORDER BY resumes.parsed_at DESC
 LIMIT ? OFFSET ?
2026-08-05 14:01:26 | INFO     | sqlalchemy.engine.Engine | SELECT resumes.id AS resumes_id, resumes.original_filename AS resumes_original_filename, resumes.file_path AS resumes_file_path, resumes.name AS resumes_name, resumes.email AS resumes_email, resumes.phone AS resumes_phone, resumes.location AS resumes_location, resumes.summary AS resumes_summary, resumes.skills AS resumes_skills, resumes.experience AS resumes_experience, resumes.education AS resumes_education, resumes.projects AS resumes_projects, resumes.certifications AS resumes_certifications, resumes.technologies AS resumes_technologies, resumes.strengths AS resumes_strengths, resumes.analysis_json AS resumes_analysis_json, resumes.raw_text AS resumes_raw_text, resumes.file_size AS resumes_file_size, resumes.parsed_at AS resumes_parsed_at 
FROM resumes ORDER BY resumes.parsed_at DESC
 LIMIT ? OFFSET ?
2026-08-05 14:01:26,391 INFO sqlalchemy.engine.Engine [cached since 611.9s ago] (1, 0)
2026-08-05 14:01:26 | INFO     | sqlalchemy.engine.Engine | [cached since 611.9s ago] (1, 0)
INFO:     127.0.0.1:54456 - "GET /api/resume/latest HTTP/1.1" 200 OK
2026-08-05 14:01:26,393 INFO sqlalchemy.engine.Engine ROLLBACK
2026-08-05 14:01:26 | INFO     | sqlalchemy.engine.Engine | ROLLBACK
2026-08-05 14:01:48,377 INFO sqlalchemy.engine.Engine BEGIN (implicit)
2026-08-05 14:01:48 | INFO     | sqlalchemy.engine.Engine | BEGIN (implicit)
2026-08-05 14:01:48,385 INFO sqlalchemy.engine.Engine SELECT resumes.id AS resumes_id, resumes.original_filename AS resumes_original_filename, resumes.file_path AS resumes_file_path, resumes.name AS resumes_name, resumes.email AS resumes_email, resumes.phone AS resumes_phone, resumes.location AS resumes_location, resumes.summary AS resumes_summary, resumes.skills AS resumes_skills, resumes.experience AS resumes_experience, resumes.education AS resumes_education, resumes.projects AS resumes_projects, resumes.certifications AS resumes_certifications, resumes.technologies AS resumes_technologies, resumes.strengths AS resumes_strengths, resumes.analysis_json AS resumes_analysis_json, resumes.raw_text AS resumes_raw_text, resumes.file_size AS resumes_file_size, resumes.parsed_at AS resumes_parsed_at 
FROM resumes ORDER BY resumes.parsed_at DESC
 LIMIT ? OFFSET ?
2026-08-05 14:01:48 | INFO     | sqlalchemy.engine.Engine | SELECT resumes.id AS resumes_id, resumes.original_filename AS resumes_original_filename, resumes.file_path AS resumes_file_path, resumes.name AS resumes_name, resumes.email AS resumes_email, resumes.phone AS resumes_phone, resumes.location AS resumes_location, resumes.summary AS resumes_summary, resumes.skills AS resumes_skills, resumes.experience AS resumes_experience, resumes.education AS resumes_education, resumes.projects AS resumes_projects, resumes.certifications AS resumes_certifications, resumes.technologies AS resumes_technologies, resumes.strengths AS resumes_strengths, resumes.analysis_json AS resumes_analysis_json, resumes.raw_text AS resumes_raw_text, resumes.file_size AS resumes_file_size, resumes.parsed_at AS resumes_parsed_at 
FROM resumes ORDER BY resumes.parsed_at DESC
 LIMIT ? OFFSET ?
2026-08-05 14:01:48,385 INFO sqlalchemy.engine.Engine [cached since 633.9s ago] (1, 0)
2026-08-05 14:01:48 | INFO     | sqlalchemy.engine.Engine | [cached since 633.9s ago] (1, 0)
INFO:     127.0.0.1:55722 - "GET /api/resume/latest HTTP/1.1" 200 OK
2026-08-05 14:01:48,385 INFO sqlalchemy.engine.Engine ROLLBACK
2026-08-05 14:01:48 | INFO     | sqlalchemy.engine.Engine | ROLLBACK
2026-08-05 14:01:48,385 INFO sqlalchemy.engine.Engine BEGIN (implicit)
2026-08-05 14:01:48 | INFO     | sqlalchemy.engine.Engine | BEGIN (implicit)
2026-08-05 14:01:48,385 INFO sqlalchemy.engine.Engine SELECT resumes.id AS resumes_id, resumes.original_filename AS resumes_original_filename, resumes.file_path AS resumes_file_path, resumes.name AS resumes_name, resumes.email AS resumes_email, resumes.phone AS resumes_phone, resumes.location AS resumes_location, resumes.summary AS resumes_summary, resumes.skills AS resumes_skills, resumes.experience AS resumes_experience, resumes.education AS resumes_education, resumes.projects AS resumes_projects, resumes.certifications AS resumes_certifications, resumes.technologies AS resumes_technologies, resumes.strengths AS resumes_strengths, resumes.analysis_json AS resumes_analysis_json, resumes.raw_text AS resumes_raw_text, resumes.file_size AS resumes_file_size, resumes.parsed_at AS resumes_parsed_at 
FROM resumes ORDER BY resumes.parsed_at DESC
 LIMIT ? OFFSET ?
2026-08-05 14:01:48 | INFO     | sqlalchemy.engine.Engine | SELECT resumes.id AS resumes_id, resumes.original_filename AS resumes_original_filename, resumes.file_path AS resumes_file_path, resumes.name AS resumes_name, resumes.email AS resumes_email, resumes.phone AS resumes_phone, resumes.location AS resumes_location, resumes.summary AS resumes_summary, resumes.skills AS resumes_skills, resumes.experience AS resumes_experience, resumes.education AS resumes_education, resumes.projects AS resumes_projects, resumes.certifications AS resumes_certifications, resumes.technologies AS resumes_technologies, resumes.strengths AS resumes_strengths, resumes.analysis_json AS resumes_analysis_json, resumes.raw_text AS resumes_raw_text, resumes.file_size AS resumes_file_size, resumes.parsed_at AS resumes_parsed_at 
FROM resumes ORDER BY resumes.parsed_at DESC
 LIMIT ? OFFSET ?
2026-08-05 14:01:48,385 INFO sqlalchemy.engine.Engine [cached since 633.9s ago] (1, 0)
2026-08-05 14:01:48 | INFO     | sqlalchemy.engine.Engine | [cached since 633.9s ago] (1, 0)
INFO:     127.0.0.1:55724 - "GET /api/resume/latest HTTP/1.1" 200 OK
2026-08-05 14:01:48,385 INFO sqlalchemy.engine.Engine ROLLBACK
2026-08-05 14:01:48 | INFO     | sqlalchemy.engine.Engine | ROLLBACK
2026-08-05 14:01:53 | INFO     | fundflow | [Workflow] Reading Resume (0.30s)
2026-08-05 14:01:53,192 INFO sqlalchemy.engine.Engine BEGIN (implicit)
2026-08-05 14:01:53 | INFO     | sqlalchemy.engine.Engine | BEGIN (implicit)
2026-08-05 14:01:53,192 INFO sqlalchemy.engine.Engine SELECT resumes.id AS resumes_id, resumes.original_filename AS resumes_original_filename, resumes.file_path AS resumes_file_path, resumes.name AS resumes_name, resumes.email AS resumes_email, resumes.phone AS resumes_phone, resumes.location AS resumes_location, resumes.summary AS resumes_summary, resumes.skills AS resumes_skills, resumes.experience AS resumes_experience, resumes.education AS resumes_education, resumes.projects AS resumes_projects, resumes.certifications AS resumes_certifications, resumes.technologies AS resumes_technologies, resumes.strengths AS resumes_strengths, resumes.analysis_json AS resumes_analysis_json, resumes.raw_text AS resumes_raw_text, resumes.file_size AS resumes_file_size, resumes.parsed_at AS resumes_parsed_at 
FROM resumes ORDER BY resumes.parsed_at DESC
 LIMIT ? OFFSET ?
2026-08-05 14:01:53 | INFO     | sqlalchemy.engine.Engine | SELECT resumes.id AS resumes_id, resumes.original_filename AS resumes_original_filename, resumes.file_path AS resumes_file_path, resumes.name AS resumes_name, resumes.email AS resumes_email, resumes.phone AS resumes_phone, resumes.location AS resumes_location, resumes.summary AS resumes_summary, resumes.skills AS resumes_skills, resumes.experience AS resumes_experience, resumes.education AS resumes_education, resumes.projects AS resumes_projects, resumes.certifications AS resumes_certifications, resumes.technologies AS resumes_technologies, resumes.strengths AS resumes_strengths, resumes.analysis_json AS resumes_analysis_json, resumes.raw_text AS resumes_raw_text, resumes.file_size AS resumes_file_size, resumes.parsed_at AS resumes_parsed_at 
FROM resumes ORDER BY resumes.parsed_at DESC
 LIMIT ? OFFSET ?
2026-08-05 14:01:53,192 INFO sqlalchemy.engine.Engine [cached since 638.7s ago] (1, 0)
2026-08-05 14:01:53 | INFO     | sqlalchemy.engine.Engine | [cached since 638.7s ago] (1, 0)
2026-08-05 14:01:53 | INFO     | fundflow | [Workflow] Understanding Candidate Profile (0.30s)
2026-08-05 14:01:53 | INFO     | fundflow | [Workflow] Discovering High-Growth AI Companies (0.40s)
2026-08-05 14:01:53 | INFO     | fundflow | Using cached discovery (20 companies, 0.1h old)
2026-08-05 14:01:53 | INFO     | fundflow | [Workflow] Matching Skills (0.30s)
2026-08-05 14:01:53 | INFO     | fundflow | [Workflow] Ranking Opportunities (0.30s)
2026-08-05 14:01:53 | INFO     | fundflow | [Workflow] Generating Cover Letter (0.40s)
2026-08-05 14:01:57 | ERROR    | fundflow | Cover letter OpenRouter call failed: Error code: 429 - {'error': {'message': 'Rate limit exceeded: free-models-per-day. Add 10 credits to unlock 1000 free model requests per day', 'code': 429, 'metadata': {'headers': {'X-RateLimit-Limit': '50', 'X-RateLimit-Remaining': '0', 'X-RateLimit-Reset': '1785974400000'}, 'limit_source': 'openrouter_free_tier_daily', 'remedy_hint': 'Wait for the daily reset (see X-RateLimit-Reset), or purchase credits to raise your free-model daily limit.', 'provider_name': None, 'previous_errors': [{'code': 429, 'message': 'Rate limit exceeded: free-models-per-day. Add 10 credits to unlock 1000 free model requests per day'}]}}, 'user_id': 'user_3FlILifPNzaduvBLcAWo2dbMqbg'}
2026-08-05 14:01:57 | ERROR    | fundflow | Cover letter generation failed: Error code: 429 - {'error': {'message': 'Rate limit exceeded: free-models-per-day. Add 10 credits to unlock 1000 free model requests per day', 'code': 429, 'metadata': {'headers': {'X-RateLimit-Limit': '50', 'X-RateLimit-Remaining': '0', 'X-RateLimit-Reset': '1785974400000'}, 'limit_source': 'openrouter_free_tier_daily', 'remedy_hint': 'Wait for the daily reset (see X-RateLimit-Reset), or purchase credits to raise your free-model daily limit.', 'provider_name': None, 'previous_errors': [{'code': 429, 'message': 'Rate limit exceeded: free-models-per-day. Add 10 credits to unlock 1000 free model requests per day'}]}}, 'user_id': 'user_3FlILifPNzaduvBLcAWo2dbMqbg'}
2026-08-05 14:01:57 | INFO     | fundflow | [Workflow] Preparing Weekly Career Report (0.40s)
INFO:     127.0.0.1:54809 - "POST /api/workflow/weekly-report HTTP/1.1" 200 OK
2026-08-05 14:01:57,011 INFO sqlalchemy.engine.Engine ROLLBACK
2026-08-05 14:01:57 | INFO     | sqlalchemy.engine.Engine | ROLLBACK
2026-08-05 14:01:58 | INFO     | fundflow | Using cached discovery (20 companies, 0.1h old)
2026-08-05 14:01:58,359 INFO sqlalchemy.engine.Engine BEGIN (implicit)
2026-08-05 14:01:58 | INFO     | sqlalchemy.engine.Engine | BEGIN (implicit)
2026-08-05 14:01:58,359 INFO sqlalchemy.engine.Engine SELECT resumes.id AS resumes_id, resumes.original_filename AS resumes_original_filename, resumes.file_path AS resumes_file_path, resumes.name AS resumes_name, resumes.email AS resumes_email, resumes.phone AS resumes_phone, resumes.location AS resumes_location, resumes.summary AS resumes_summary, resumes.skills AS resumes_skills, resumes.experience AS resumes_experience, resumes.education AS resumes_education, resumes.projects AS resumes_projects, resumes.certifications AS resumes_certifications, resumes.technologies AS resumes_technologies, resumes.strengths AS resumes_strengths, resumes.analysis_json AS resumes_analysis_json, resumes.raw_text AS resumes_raw_text, resumes.file_size AS resumes_file_size, resumes.parsed_at AS resumes_parsed_at 
FROM resumes ORDER BY resumes.parsed_at DESC
 LIMIT ? OFFSET ?
2026-08-05 14:01:58 | INFO     | sqlalchemy.engine.Engine | SELECT resumes.id AS resumes_id, resumes.original_filename AS resumes_original_filename, resumes.file_path AS resumes_file_path, resumes.name AS resumes_name, resumes.email AS resumes_email, resumes.phone AS resumes_phone, resumes.location AS resumes_location, resumes.summary AS resumes_summary, resumes.skills AS resumes_skills, resumes.experience AS resumes_experience, resumes.education AS resumes_education, resumes.projects AS resumes_projects, resumes.certifications AS resumes_certifications, resumes.technologies AS resumes_technologies, resumes.strengths AS resumes_strengths, resumes.analysis_json AS resumes_analysis_json, resumes.raw_text AS resumes_raw_text, resumes.file_size AS resumes_file_size, resumes.parsed_at AS resumes_parsed_at 
FROM resumes ORDER BY resumes.parsed_at DESC
 LIMIT ? OFFSET ?
2026-08-05 14:01:58,359 INFO sqlalchemy.engine.Engine [cached since 643.9s ago] (1, 0)
2026-08-05 14:01:58 | INFO     | sqlalchemy.engine.Engine | [cached since 643.9s ago] (1, 0)
INFO:     127.0.0.1:63764 - "GET /api/companies HTTP/1.1" 200 OK
2026-08-05 14:01:58,363 INFO sqlalchemy.engine.Engine BEGIN (implicit)
2026-08-05 14:01:58 | INFO     | sqlalchemy.engine.Engine | BEGIN (implicit)
2026-08-05 14:01:58,363 INFO sqlalchemy.engine.Engine ROLLBACK
2026-08-05 14:01:58 | INFO     | sqlalchemy.engine.Engine | ROLLBACK
2026-08-05 14:01:58,363 INFO sqlalchemy.engine.Engine SELECT resumes.id AS resumes_id, resumes.original_filename AS resumes_original_filename, resumes.file_path AS resumes_file_path, resumes.name AS resumes_name, resumes.email AS resumes_email, resumes.phone AS resumes_phone, resumes.location AS resumes_location, resumes.summary AS resumes_summary, resumes.skills AS resumes_skills, resumes.experience AS resumes_experience, resumes.education AS resumes_education, resumes.projects AS resumes_projects, resumes.certifications AS resumes_certifications, resumes.technologies AS resumes_technologies, resumes.strengths AS resumes_strengths, resumes.analysis_json AS resumes_analysis_json, resumes.raw_text AS resumes_raw_text, resumes.file_size AS resumes_file_size, resumes.parsed_at AS resumes_parsed_at 
FROM resumes ORDER BY resumes.parsed_at DESC
 LIMIT ? OFFSET ?
2026-08-05 14:01:58 | INFO     | sqlalchemy.engine.Engine | SELECT resumes.id AS resumes_id, resumes.original_filename AS resumes_original_filename, resumes.file_path AS resumes_file_path, resumes.name AS resumes_name, resumes.email AS resumes_email, resumes.phone AS resumes_phone, resumes.location AS resumes_location, resumes.summary AS resumes_summary, resumes.skills AS resumes_skills, resumes.experience AS resumes_experience, resumes.education AS resumes_education, resumes.projects AS resumes_projects, resumes.certifications AS resumes_certifications, resumes.technologies AS resumes_technologies, resumes.strengths AS resumes_strengths, resumes.analysis_json AS resumes_analysis_json, resumes.raw_text AS resumes_raw_text, resumes.file_size AS resumes_file_size, resumes.parsed_at AS resumes_parsed_at 
FROM resumes ORDER BY resumes.parsed_at DESC
 LIMIT ? OFFSET ?
2026-08-05 14:01:58,363 INFO sqlalchemy.engine.Engine [cached since 643.9s ago] (1, 0)
2026-08-05 14:01:58 | INFO     | sqlalchemy.engine.Engine | [cached since 643.9s ago] (1, 0)
INFO:     127.0.0.1:63766 - "GET /api/resume/latest HTTP/1.1" 200 OK
2026-08-05 14:01:58,363 INFO sqlalchemy.engine.Engine ROLLBACK
2026-08-05 14:01:58 | INFO     | sqlalchemy.engine.Engine | ROLLBACK
2026-08-05 14:01:58 | INFO     | fundflow | Using cached discovery (20 companies, 0.1h old)
2026-08-05 14:01:58,373 INFO sqlalchemy.engine.Engine BEGIN (implicit)
2026-08-05 14:01:58 | INFO     | sqlalchemy.engine.Engine | BEGIN (implicit)
2026-08-05 14:01:58,375 INFO sqlalchemy.engine.Engine SELECT resumes.id AS resumes_id, resumes.original_filename AS resumes_original_filename, resumes.file_path AS resumes_file_path, resumes.name AS resumes_name, resumes.email AS resumes_email, resumes.phone AS resumes_phone, resumes.location AS resumes_location, resumes.summary AS resumes_summary, resumes.skills AS resumes_skills, resumes.experience AS resumes_experience, resumes.education AS resumes_education, resumes.projects AS resumes_projects, resumes.certifications AS resumes_certifications, resumes.technologies AS resumes_technologies, resumes.strengths AS resumes_strengths, resumes.analysis_json AS resumes_analysis_json, resumes.raw_text AS resumes_raw_text, resumes.file_size AS resumes_file_size, resumes.parsed_at AS resumes_parsed_at 
FROM resumes ORDER BY resumes.parsed_at DESC
 LIMIT ? OFFSET ?
2026-08-05 14:01:58 | INFO     | sqlalchemy.engine.Engine | SELECT resumes.id AS resumes_id, resumes.original_filename AS resumes_original_filename, resumes.file_path AS resumes_file_path, resumes.name AS resumes_name, resumes.email AS resumes_email, resumes.phone AS resumes_phone, resumes.location AS resumes_location, resumes.summary AS resumes_summary, resumes.skills AS resumes_skills, resumes.experience AS resumes_experience, resumes.education AS resumes_education, resumes.projects AS resumes_projects, resumes.certifications AS resumes_certifications, resumes.technologies AS resumes_technologies, resumes.strengths AS resumes_strengths, resumes.analysis_json AS resumes_analysis_json, resumes.raw_text AS resumes_raw_text, resumes.file_size AS resumes_file_size, resumes.parsed_at AS resumes_parsed_at 
FROM resumes ORDER BY resumes.parsed_at DESC
 LIMIT ? OFFSET ?
2026-08-05 14:01:58,375 INFO sqlalchemy.engine.Engine [cached since 643.9s ago] (1, 0)
2026-08-05 14:01:58 | INFO     | sqlalchemy.engine.Engine | [cached since 643.9s ago] (1, 0)
INFO:     127.0.0.1:63768 - "GET /api/companies HTTP/1.1" 200 OK
2026-08-05 14:01:58,377 INFO sqlalchemy.engine.Engine BEGIN (implicit)
2026-08-05 14:01:58 | INFO     | sqlalchemy.engine.Engine | BEGIN (implicit)
2026-08-05 14:01:58,377 INFO sqlalchemy.engine.Engine ROLLBACK
2026-08-05 14:01:58 | INFO     | sqlalchemy.engine.Engine | ROLLBACK
2026-08-05 14:01:58,377 INFO sqlalchemy.engine.Engine SELECT resumes.id AS resumes_id, resumes.original_filename AS resumes_original_filename, resumes.file_path AS resumes_file_path, resumes.name AS resumes_name, resumes.email AS resumes_email, resumes.phone AS resumes_phone, resumes.location AS resumes_location, resumes.summary AS resumes_summary, resumes.skills AS resumes_skills, resumes.experience AS resumes_experience, resumes.education AS resumes_education, resumes.projects AS resumes_projects, resumes.certifications AS resumes_certifications, resumes.technologies AS resumes_technologies, resumes.strengths AS resumes_strengths, resumes.analysis_json AS resumes_analysis_json, resumes.raw_text AS resumes_raw_text, resumes.file_size AS resumes_file_size, resumes.parsed_at AS resumes_parsed_at 
FROM resumes ORDER BY resumes.parsed_at DESC
 LIMIT ? OFFSET ?
2026-08-05 14:01:58 | INFO     | sqlalchemy.engine.Engine | SELECT resumes.id AS resumes_id, resumes.original_filename AS resumes_original_filename, resumes.file_path AS resumes_file_path, resumes.name AS resumes_name, resumes.email AS resumes_email, resumes.phone AS resumes_phone, resumes.location AS resumes_location, resumes.summary AS resumes_summary, resumes.skills AS resumes_skills, resumes.experience AS resumes_experience, resumes.education AS resumes_education, resumes.projects AS resumes_projects, resumes.certifications AS resumes_certifications, resumes.technologies AS resumes_technologies, resumes.strengths AS resumes_strengths, resumes.analysis_json AS resumes_analysis_json, resumes.raw_text AS resumes_raw_text, resumes.file_size AS resumes_file_size, resumes.parsed_at AS resumes_parsed_at 
FROM resumes ORDER BY resumes.parsed_at DESC
 LIMIT ? OFFSET ?
2026-08-05 14:01:58,377 INFO sqlalchemy.engine.Engine [cached since 643.9s ago] (1, 0)
2026-08-05 14:01:58 | INFO     | sqlalchemy.engine.Engine | [cached since 643.9s ago] (1, 0)
INFO:     127.0.0.1:63770 - "GET /api/resume/latest HTTP/1.1" 200 OK
2026-08-05 14:01:58,383 INFO sqlalchemy.engine.Engine ROLLBACK
2026-08-05 14:01:58 | INFO     | sqlalchemy.engine.Engine | ROLLBACK
2026-08-05 14:02:01,437 INFO sqlalchemy.engine.Engine BEGIN (implicit)
2026-08-05 14:02:01 | INFO     | sqlalchemy.engine.Engine | BEGIN (implicit)
2026-08-05 14:02:01,437 INFO sqlalchemy.engine.Engine SELECT resumes.id AS resumes_id, resumes.original_filename AS resumes_original_filename, resumes.file_path AS resumes_file_path, resumes.name AS resumes_name, resumes.email AS resumes_email, resumes.phone AS resumes_phone, resumes.location AS resumes_location, resumes.summary AS resumes_summary, resumes.skills AS resumes_skills, resumes.experience AS resumes_experience, resumes.education AS resumes_education, resumes.projects AS resumes_projects, resumes.certifications AS resumes_certifications, resumes.technologies AS resumes_technologies, resumes.strengths AS resumes_strengths, resumes.analysis_json AS resumes_analysis_json, resumes.raw_text AS resumes_raw_text, resumes.file_size AS resumes_file_size, resumes.parsed_at AS resumes_parsed_at 
FROM resumes ORDER BY resumes.parsed_at DESC
 LIMIT ? OFFSET ?
2026-08-05 14:02:01 | INFO     | sqlalchemy.engine.Engine | SELECT resumes.id AS resumes_id, resumes.original_filename AS resumes_original_filename, resumes.file_path AS resumes_file_path, resumes.name AS resumes_name, resumes.email AS resumes_email, resumes.phone AS resumes_phone, resumes.location AS resumes_location, resumes.summary AS resumes_summary, resumes.skills AS resumes_skills, resumes.experience AS resumes_experience, resumes.education AS resumes_education, resumes.projects AS resumes_projects, resumes.certifications AS resumes_certifications, resumes.technologies AS resumes_technologies, resumes.strengths AS resumes_strengths, resumes.analysis_json AS resumes_analysis_json, resumes.raw_text AS resumes_raw_text, resumes.file_size AS resumes_file_size, resumes.parsed_at AS resumes_parsed_at 
FROM resumes ORDER BY resumes.parsed_at DESC
 LIMIT ? OFFSET ?
2026-08-05 14:02:01,437 INFO sqlalchemy.engine.Engine [cached since 647s ago] (1, 0)
2026-08-05 14:02:01 | INFO     | sqlalchemy.engine.Engine | [cached since 647s ago] (1, 0)
INFO:     127.0.0.1:51301 - "GET /api/resume/latest HTTP/1.1" 200 OK
2026-08-05 14:02:01,440 INFO sqlalchemy.engine.Engine ROLLBACK
2026-08-05 14:02:01 | INFO     | sqlalchemy.engine.Engine | ROLLBACK
2026-08-05 14:02:01,441 INFO sqlalchemy.engine.Engine BEGIN (implicit)
2026-08-05 14:02:01 | INFO     | sqlalchemy.engine.Engine | BEGIN (implicit)
2026-08-05 14:02:01,441 INFO sqlalchemy.engine.Engine SELECT resumes.id AS resumes_id, resumes.original_filename AS resumes_original_filename, resumes.file_path AS resumes_file_path, resumes.name AS resumes_name, resumes.email AS resumes_email, resumes.phone AS resumes_phone, resumes.location AS resumes_location, resumes.summary AS resumes_summary, resumes.skills AS resumes_skills, resumes.experience AS resumes_experience, resumes.education AS resumes_education, resumes.projects AS resumes_projects, resumes.certifications AS resumes_certifications, resumes.technologies AS resumes_technologies, resumes.strengths AS resumes_strengths, resumes.analysis_json AS resumes_analysis_json, resumes.raw_text AS resumes_raw_text, resumes.file_size AS resumes_file_size, resumes.parsed_at AS resumes_parsed_at 
FROM resumes ORDER BY resumes.parsed_at DESC
 LIMIT ? OFFSET ?
2026-08-05 14:02:01 | INFO     | sqlalchemy.engine.Engine | SELECT resumes.id AS resumes_id, resumes.original_filename AS resumes_original_filename, resumes.file_path AS resumes_file_path, resumes.name AS resumes_name, resumes.email AS resumes_email, resumes.phone AS resumes_phone, resumes.location AS resumes_location, resumes.summary AS resumes_summary, resumes.skills AS resumes_skills, resumes.experience AS resumes_experience, resumes.education AS resumes_education, resumes.projects AS resumes_projects, resumes.certifications AS resumes_certifications, resumes.technologies AS resumes_technologies, resumes.strengths AS resumes_strengths, resumes.analysis_json AS resumes_analysis_json, resumes.raw_text AS resumes_raw_text, resumes.file_size AS resumes_file_size, resumes.parsed_at AS resumes_parsed_at 
FROM resumes ORDER BY resumes.parsed_at DESC
 LIMIT ? OFFSET ?
2026-08-05 14:02:01,441 INFO sqlalchemy.engine.Engine [cached since 647s ago] (1, 0)
2026-08-05 14:02:01 | INFO     | sqlalchemy.engine.Engine | [cached since 647s ago] (1, 0)
INFO:     127.0.0.1:51303 - "GET /api/resume/latest HTTP/1.1" 200 OK
2026-08-05 14:02:01,441 INFO sqlalchemy.engine.Engine ROLLBACK
2026-08-05 14:02:01 | INFO     | sqlalchemy.engine.Engine | ROLLBACK
2026-08-05 14:02:04,537 INFO sqlalchemy.engine.Engine BEGIN (implicit)
2026-08-05 14:02:04 | INFO     | sqlalchemy.engine.Engine | BEGIN (implicit)
2026-08-05 14:02:04,545 INFO sqlalchemy.engine.Engine SELECT resumes.id AS resumes_id, resumes.original_filename AS resumes_original_filename, resumes.file_path AS resumes_file_path, resumes.name AS resumes_name, resumes.email AS resumes_email, resumes.phone AS resumes_phone, resumes.location AS resumes_location, resumes.summary AS resumes_summary, resumes.skills AS resumes_skills, resumes.experience AS resumes_experience, resumes.education AS resumes_education, resumes.projects AS resumes_projects, resumes.certifications AS resumes_certifications, resumes.technologies AS resumes_technologies, resumes.strengths AS resumes_strengths, resumes.analysis_json AS resumes_analysis_json, resumes.raw_text AS resumes_raw_text, resumes.file_size AS resumes_file_size, resumes.parsed_at AS resumes_parsed_at 
FROM resumes ORDER BY resumes.parsed_at DESC
 LIMIT ? OFFSET ?
2026-08-05 14:02:04 | INFO     | sqlalchemy.engine.Engine | SELECT resumes.id AS resumes_id, resumes.original_filename AS resumes_original_filename, resumes.file_path AS resumes_file_path, resumes.name AS resumes_name, resumes.email AS resumes_email, resumes.phone AS resumes_phone, resumes.location AS resumes_location, resumes.summary AS resumes_summary, resumes.skills AS resumes_skills, resumes.experience AS resumes_experience, resumes.education AS resumes_education, resumes.projects AS resumes_projects, resumes.certifications AS resumes_certifications, resumes.technologies AS resumes_technologies, resumes.strengths AS resumes_strengths, resumes.analysis_json AS resumes_analysis_json, resumes.raw_text AS resumes_raw_text, resumes.file_size AS resumes_file_size, resumes.parsed_at AS resumes_parsed_at 
FROM resumes ORDER BY resumes.parsed_at DESC
 LIMIT ? OFFSET ?
2026-08-05 14:02:04,545 INFO sqlalchemy.engine.Engine [cached since 650.1s ago] (1, 0)
2026-08-05 14:02:04 | INFO     | sqlalchemy.engine.Engine | [cached since 650.1s ago] (1, 0)
INFO:     127.0.0.1:54296 - "GET /api/resume/latest HTTP/1.1" 200 OK
2026-08-05 14:02:04,545 INFO sqlalchemy.engine.Engine ROLLBACK
2026-08-05 14:02:04 | INFO     | sqlalchemy.engine.Engine | ROLLBACK
2026-08-05 14:02:04,556 INFO sqlalchemy.engine.Engine BEGIN (implicit)
2026-08-05 14:02:04 | INFO     | sqlalchemy.engine.Engine | BEGIN (implicit)
2026-08-05 14:02:04,556 INFO sqlalchemy.engine.Engine SELECT resumes.id AS resumes_id, resumes.original_filename AS resumes_original_filename, resumes.file_path AS resumes_file_path, resumes.name AS resumes_name, resumes.email AS resumes_email, resumes.phone AS resumes_phone, resumes.location AS resumes_location, resumes.summary AS resumes_summary, resumes.skills AS resumes_skills, resumes.experience AS resumes_experience, resumes.education AS resumes_education, resumes.projects AS resumes_projects, resumes.certifications AS resumes_certifications, resumes.technologies AS resumes_technologies, resumes.strengths AS resumes_strengths, resumes.analysis_json AS resumes_analysis_json, resumes.raw_text AS resumes_raw_text, resumes.file_size AS resumes_file_size, resumes.parsed_at AS resumes_parsed_at 
FROM resumes ORDER BY resumes.parsed_at DESC
 LIMIT ? OFFSET ?
2026-08-05 14:02:04 | INFO     | sqlalchemy.engine.Engine | SELECT resumes.id AS resumes_id, resumes.original_filename AS resumes_original_filename, resumes.file_path AS resumes_file_path, resumes.name AS resumes_name, resumes.email AS resumes_email, resumes.phone AS resumes_phone, resumes.location AS resumes_location, resumes.summary AS resumes_summary, resumes.skills AS resumes_skills, resumes.experience AS resumes_experience, resumes.education AS resumes_education, resumes.projects AS resumes_projects, resumes.certifications AS resumes_certifications, resumes.technologies AS resumes_technologies, resumes.strengths AS resumes_strengths, resumes.analysis_json AS resumes_analysis_json, resumes.raw_text AS resumes_raw_text, resumes.file_size AS resumes_file_size, resumes.parsed_at AS resumes_parsed_at 
FROM resumes ORDER BY resumes.parsed_at DESC
 LIMIT ? OFFSET ?
2026-08-05 14:02:04,557 INFO sqlalchemy.engine.Engine [cached since 650.1s ago] (1, 0)
2026-08-05 14:02:04 | INFO     | sqlalchemy.engine.Engine | [cached since 650.1s ago] (1, 0)
INFO:     127.0.0.1:54298 - "GET /api/resume/latest HTTP/1.1" 200 OK
2026-08-05 14:02:04,557 INFO sqlalchemy.engine.Engine ROLLBACK
2026-08-05 14:02:04 | INFO     | sqlalchemy.engine.Engine | ROLLBACK
2026-08-05 14:02:23,837 INFO sqlalchemy.engine.Engine BEGIN (implicit)
2026-08-05 14:02:23 | INFO     | sqlalchemy.engine.Engine | BEGIN (implicit)
2026-08-05 14:02:23,837 INFO sqlalchemy.engine.Engine SELECT resumes.id AS resumes_id, resumes.original_filename AS resumes_original_filename, resumes.file_path AS resumes_file_path, resumes.name AS resumes_name, resumes.email AS resumes_email, resumes.phone AS resumes_phone, resumes.location AS resumes_location, resumes.summary AS resumes_summary, resumes.skills AS resumes_skills, resumes.experience AS resumes_experience, resumes.education AS resumes_education, resumes.projects AS resumes_projects, resumes.certifications AS resumes_certifications, resumes.technologies AS resumes_technologies, resumes.strengths AS resumes_strengths, resumes.analysis_json AS resumes_analysis_json, resumes.raw_text AS resumes_raw_text, resumes.file_size AS resumes_file_size, resumes.parsed_at AS resumes_parsed_at 
FROM resumes ORDER BY resumes.parsed_at DESC
 LIMIT ? OFFSET ?
2026-08-05 14:02:23 | INFO     | sqlalchemy.engine.Engine | SELECT resumes.id AS resumes_id, resumes.original_filename AS resumes_original_filename, resumes.file_path AS resumes_file_path, resumes.name AS resumes_name, resumes.email AS resumes_email, resumes.phone AS resumes_phone, resumes.location AS resumes_location, resumes.summary AS resumes_summary, resumes.skills AS resumes_skills, resumes.experience AS resumes_experience, resumes.education AS resumes_education, resumes.projects AS resumes_projects, resumes.certifications AS resumes_certifications, resumes.technologies AS resumes_technologies, resumes.strengths AS resumes_strengths, resumes.analysis_json AS resumes_analysis_json, resumes.raw_text AS resumes_raw_text, resumes.file_size AS resumes_file_size, resumes.parsed_at AS resumes_parsed_at 
FROM resumes ORDER BY resumes.parsed_at DESC
 LIMIT ? OFFSET ?
2026-08-05 14:02:23,837 INFO sqlalchemy.engine.Engine [cached since 669.4s ago] (1, 0)
2026-08-05 14:02:23 | INFO     | sqlalchemy.engine.Engine | [cached since 669.4s ago] (1, 0)
INFO:     127.0.0.1:65322 - "GET /api/resume/latest HTTP/1.1" 200 OK
2026-08-05 14:02:23,837 INFO sqlalchemy.engine.Engine ROLLBACK
2026-08-05 14:02:23 | INFO     | sqlalchemy.engine.Engine | ROLLBACK
2026-08-05 14:02:23,845 INFO sqlalchemy.engine.Engine BEGIN (implicit)
2026-08-05 14:02:23 | INFO     | sqlalchemy.engine.Engine | BEGIN (implicit)
2026-08-05 14:02:23,845 INFO sqlalchemy.engine.Engine SELECT resumes.id AS resumes_id, resumes.original_filename AS resumes_original_filename, resumes.file_path AS resumes_file_path, resumes.name AS resumes_name, resumes.email AS resumes_email, resumes.phone AS resumes_phone, resumes.location AS resumes_location, resumes.summary AS resumes_summary, resumes.skills AS resumes_skills, resumes.experience AS resumes_experience, resumes.education AS resumes_education, resumes.projects AS resumes_projects, resumes.certifications AS resumes_certifications, resumes.technologies AS resumes_technologies, resumes.strengths AS resumes_strengths, resumes.analysis_json AS resumes_analysis_json, resumes.raw_text AS resumes_raw_text, resumes.file_size AS resumes_file_size, resumes.parsed_at AS resumes_parsed_at 
FROM resumes ORDER BY resumes.parsed_at DESC
 LIMIT ? OFFSET ?
2026-08-05 14:02:23 | INFO     | sqlalchemy.engine.Engine | SELECT resumes.id AS resumes_id, resumes.original_filename AS resumes_original_filename, resumes.file_path AS resumes_file_path, resumes.name AS resumes_name, resumes.email AS resumes_email, resumes.phone AS resumes_phone, resumes.location AS resumes_location, resumes.summary AS resumes_summary, resumes.skills AS resumes_skills, resumes.experience AS resumes_experience, resumes.education AS resumes_education, resumes.projects AS resumes_projects, resumes.certifications AS resumes_certifications, resumes.technologies AS resumes_technologies, resumes.strengths AS resumes_strengths, resumes.analysis_json AS resumes_analysis_json, resumes.raw_text AS resumes_raw_text, resumes.file_size AS resumes_file_size, resumes.parsed_at AS resumes_parsed_at 
FROM resumes ORDER BY resumes.parsed_at DESC
 LIMIT ? OFFSET ?
2026-08-05 14:02:23,845 INFO sqlalchemy.engine.Engine [cached since 669.4s ago] (1, 0)
2026-08-05 14:02:23 | INFO     | sqlalchemy.engine.Engine | [cached since 669.4s ago] (1, 0)
INFO:     127.0.0.1:59259 - "GET /api/resume/latest HTTP/1.1" 200 OK
2026-08-05 14:02:23,850 INFO sqlalchemy.engine.Engine ROLLBACK
2026-08-05 14:02:23 | INFO     | sqlalchemy.engine.Engine | ROLLBACK
2026-08-05 14:02:25,855 INFO sqlalchemy.engine.Engine BEGIN (implicit)
2026-08-05 14:02:25 | INFO     | sqlalchemy.engine.Engine | BEGIN (implicit)
2026-08-05 14:02:25,855 INFO sqlalchemy.engine.Engine SELECT resumes.id AS resumes_id, resumes.original_filename AS resumes_original_filename, resumes.file_path AS resumes_file_path, resumes.name AS resumes_name, resumes.email AS resumes_email, resumes.phone AS resumes_phone, resumes.location AS resumes_location, resumes.summary AS resumes_summary, resumes.skills AS resumes_skills, resumes.experience AS resumes_experience, resumes.education AS resumes_education, resumes.projects AS resumes_projects, resumes.certifications AS resumes_certifications, resumes.technologies AS resumes_technologies, resumes.strengths AS resumes_strengths, resumes.analysis_json AS resumes_analysis_json, resumes.raw_text AS resumes_raw_text, resumes.file_size AS resumes_file_size, resumes.parsed_at AS resumes_parsed_at 
FROM resumes ORDER BY resumes.parsed_at DESC
 LIMIT ? OFFSET ?
2026-08-05 14:02:25 | INFO     | sqlalchemy.engine.Engine | SELECT resumes.id AS resumes_id, resumes.original_filename AS resumes_original_filename, resumes.file_path AS resumes_file_path, resumes.name AS resumes_name, resumes.email AS resumes_email, resumes.phone AS resumes_phone, resumes.location AS resumes_location, resumes.summary AS resumes_summary, resumes.skills AS resumes_skills, resumes.experience AS resumes_experience, resumes.education AS resumes_education, resumes.projects AS resumes_projects, resumes.certifications AS resumes_certifications, resumes.technologies AS resumes_technologies, resumes.strengths AS resumes_strengths, resumes.analysis_json AS resumes_analysis_json, resumes.raw_text AS resumes_raw_text, resumes.file_size AS resumes_file_size, resumes.parsed_at AS resumes_parsed_at 
FROM resumes ORDER BY resumes.parsed_at DESC
 LIMIT ? OFFSET ?
2026-08-05 14:02:25,855 INFO sqlalchemy.engine.Engine [cached since 671.4s ago] (1, 0)
2026-08-05 14:02:25 | INFO     | sqlalchemy.engine.Engine | [cached since 671.4s ago] (1, 0)
INFO:     127.0.0.1:64352 - "GET /api/resume/latest HTTP/1.1" 200 OK
2026-08-05 14:02:25,855 INFO sqlalchemy.engine.Engine ROLLBACK
2026-08-05 14:02:25 | INFO     | sqlalchemy.engine.Engine | ROLLBACK
2026-08-05 14:02:25,863 INFO sqlalchemy.engine.Engine BEGIN (implicit)
2026-08-05 14:02:25 | INFO     | sqlalchemy.engine.Engine | BEGIN (implicit)
2026-08-05 14:02:25,863 INFO sqlalchemy.engine.Engine SELECT resumes.id AS resumes_id, resumes.original_filename AS resumes_original_filename, resumes.file_path AS resumes_file_path, resumes.name AS resumes_name, resumes.email AS resumes_email, resumes.phone AS resumes_phone, resumes.location AS resumes_location, resumes.summary AS resumes_summary, resumes.skills AS resumes_skills, resumes.experience AS resumes_experience, resumes.education AS resumes_education, resumes.projects AS resumes_projects, resumes.certifications AS resumes_certifications, resumes.technologies AS resumes_technologies, resumes.strengths AS resumes_strengths, resumes.analysis_json AS resumes_analysis_json, resumes.raw_text AS resumes_raw_text, resumes.file_size AS resumes_file_size, resumes.parsed_at AS resumes_parsed_at 
FROM resumes ORDER BY resumes.parsed_at DESC
 LIMIT ? OFFSET ?
2026-08-05 14:02:25 | INFO     | sqlalchemy.engine.Engine | SELECT resumes.id AS resumes_id, resumes.original_filename AS resumes_original_filename, resumes.file_path AS resumes_file_path, resumes.name AS resumes_name, resumes.email AS resumes_email, resumes.phone AS resumes_phone, resumes.location AS resumes_location, resumes.summary AS resumes_summary, resumes.skills AS resumes_skills, resumes.experience AS resumes_experience, resumes.education AS resumes_education, resumes.projects AS resumes_projects, resumes.certifications AS resumes_certifications, resumes.technologies AS resumes_technologies, resumes.strengths AS resumes_strengths, resumes.analysis_json AS resumes_analysis_json, resumes.raw_text AS resumes_raw_text, resumes.file_size AS resumes_file_size, resumes.parsed_at AS resumes_parsed_at 
FROM resumes ORDER BY resumes.parsed_at DESC
 LIMIT ? OFFSET ?
2026-08-05 14:02:25,863 INFO sqlalchemy.engine.Engine [cached since 671.4s ago] (1, 0)
2026-08-05 14:02:25 | INFO     | sqlalchemy.engine.Engine | [cached since 671.4s ago] (1, 0)
INFO:     127.0.0.1:64354 - "GET /api/resume/latest HTTP/1.1" 200 OK
2026-08-05 14:02:25,870 INFO sqlalchemy.engine.Engine ROLLBACK
2026-08-05 14:02:25 | INFO     | sqlalchemy.engine.Engine | ROLLBACK
2026-08-05 14:02:29 | DEBUG    | multipart.multipart | Calling on_part_begin with no data
2026-08-05 14:02:29 | DEBUG    | multipart.multipart | Calling on_header_field with data[42:61]
2026-08-05 14:02:29 | DEBUG    | multipart.multipart | Calling on_header_value with data[63:106]
2026-08-05 14:02:29 | DEBUG    | multipart.multipart | Calling on_header_end with no data
2026-08-05 14:02:29 | DEBUG    | multipart.multipart | Calling on_header_field with data[108:120]
2026-08-05 14:02:29 | DEBUG    | multipart.multipart | Calling on_header_value with data[122:137]
2026-08-05 14:02:29 | DEBUG    | multipart.multipart | Calling on_header_end with no data
2026-08-05 14:02:29 | DEBUG    | multipart.multipart | Calling on_headers_finished with no data
2026-08-05 14:02:29 | DEBUG    | multipart.multipart | Calling on_part_data with data[141:779]
2026-08-05 14:02:29 | DEBUG    | multipart.multipart | Calling on_part_end with no data
2026-08-05 14:02:29 | DEBUG    | multipart.multipart | Calling on_end with no data
2026-08-05 14:02:29 | INFO     | fundflow | Successfully extracted text using PyMuPDF
2026-08-05 14:02:33 | WARNING  | fundflow | AI resume extraction unavailable (Error code: 429 - {'error': {'message': 'Rate limit exceeded: free-models-per-day. Add 10 credits to unlock 1000 free model requests per day', 'code': 429, 'metadata': {'headers': {'X-RateLimit-Limit': '50', 'X-RateLimit-Remaining': '0', 'X-RateLimit-Reset': '1785974400000'}, 'limit_source': 'openrouter_free_tier_daily', 'remedy_hint': 'Wait for the daily reset (see X-RateLimit-Reset), or purchase credits to raise your free-model daily limit.', 'provider_name': None, 'previous_errors': [{'code': 429, 'message': 'Rate limit exceeded: free-models-per-day. Add 10 credits to unlock 1000 free model requests per day'}]}}, 'user_id': 'user_3FlILifPNzaduvBLcAWo2dbMqbg'}); using local parser
2026-08-05 14:02:33 | INFO     | fundflow.performance | PERF: resume_processing completed in 3619.80ms
2026-08-05 14:02:33,062 INFO sqlalchemy.engine.Engine BEGIN (implicit)
2026-08-05 14:02:33 | INFO     | sqlalchemy.engine.Engine | BEGIN (implicit)
2026-08-05 14:02:33,062 INFO sqlalchemy.engine.Engine INSERT INTO resumes (original_filename, file_path, name, email, phone, location, summary, skills, experience, education, projects, technologies, strengths, analysis_json, raw_text, file_size) VALUES (?, ?, ?, ?, ?, ?, ?, ?, ?, ?, ?, ?, ?, ?, ?, ?) RETURNING id, parsed_at
2026-08-05 14:02:33 | INFO     | sqlalchemy.engine.Engine | INSERT INTO resumes (original_filename, file_path, name, email, phone, location, summary, skills, experience, education, projects, technologies, strengths, analysis_json, raw_text, file_size) VALUES (?, ?, ?, ?, ?, ?, ?, ?, ?, ?, ?, ?, ?, ?, ?, ?) RETURNING id, parsed_at
2026-08-05 14:02:33,062 INFO sqlalchemy.engine.Engine [cached since 444.5s ago] ('test.pdf', None, 'John Doe', 'john@example.com', '', 'John Doe', 'Resume profile extracted successfully from a 7-word resume. Detected skills: Python, Typescript, React, Fastapi.', '["Python", "Typescript", "React", "Fastapi"]', '[]', '[]', '[]', '["Python", "Typescript", "React", "Fastapi"]', '["Python", "Typescript", "React", "Fastapi"]', '{"name": "John Doe", "email": "john@example.com", "phone": "", "location": "John Doe", "professional_summary": "Resume profile extracted successfully ... (298 characters truncated) ... , "tools": [], "projects": [], "experience": [], "education": [], "strengths": ["Python", "Typescript", "React", "Fastapi"], "recommended_roles": []}', 'John Doe\njohn@example.com\nPython TypeScript React FastAPI', 638)
2026-08-05 14:02:33 | INFO     | sqlalchemy.engine.Engine | [cached since 444.5s ago] ('test.pdf', None, 'John Doe', 'john@example.com', '', 'John Doe', 'Resume profile extracted successfully from a 7-word resume. Detected skills: Python, Typescript, React, Fastapi.', '["Python", "Typescript", "React", "Fastapi"]', '[]', '[]', '[]', '["Python", "Typescript", "React", "Fastapi"]', '["Python", "Typescript", "React", "Fastapi"]', '{"name": "John Doe", "email": "john@example.com", "phone": "", "location": "John Doe", "professional_summary": "Resume profile extracted successfully ... (298 characters truncated) ... , "tools": [], "projects": [], "experience": [], "education": [], "strengths": ["Python", "Typescript", "React", "Fastapi"], "recommended_roles": []}', 'John Doe\njohn@example.com\nPython TypeScript React FastAPI', 638)
2026-08-05 14:02:33,062 INFO sqlalchemy.engine.Engine COMMIT
2026-08-05 14:02:33 | INFO     | sqlalchemy.engine.Engine | COMMIT
2026-08-05 14:02:33,062 INFO sqlalchemy.engine.Engine BEGIN (implicit)
2026-08-05 14:02:33 | INFO     | sqlalchemy.engine.Engine | BEGIN (implicit)
2026-08-05 14:02:33,062 INFO sqlalchemy.engine.Engine SELECT resumes.id, resumes.original_filename, resumes.file_path, resumes.name, resumes.email, resumes.phone, resumes.location, resumes.summary, resumes.skills, resumes.experience, resumes.education, resumes.projects, resumes.certifications, resumes.technologies, resumes.strengths, resumes.analysis_json, resumes.raw_text, resumes.file_size, resumes.parsed_at 
FROM resumes 
WHERE resumes.id = ?
2026-08-05 14:02:33 | INFO     | sqlalchemy.engine.Engine | SELECT resumes.id, resumes.original_filename, resumes.file_path, resumes.name, resumes.email, resumes.phone, resumes.location, resumes.summary, resumes.skills, resumes.experience, resumes.education, resumes.projects, resumes.certifications, resumes.technologies, resumes.strengths, resumes.analysis_json, resumes.raw_text, resumes.file_size, resumes.parsed_at 
FROM resumes 
WHERE resumes.id = ?
2026-08-05 14:02:33,062 INFO sqlalchemy.engine.Engine [cached since 444.5s ago] (2,)
2026-08-05 14:02:33 | INFO     | sqlalchemy.engine.Engine | [cached since 444.5s ago] (2,)
2026-08-05 14:02:33 | INFO     | fundflow | Resume stored in database with ID: 2
2026-08-05 14:02:33 | INFO     | fundflow.performance | PERF: resume_upload_total completed in 3631.63ms
INFO:     127.0.0.1:50651 - "POST /api/resume/upload HTTP/1.1" 200 OK
INFO:     127.0.0.1:63276 - "GET /api/resume/upload-status/job_1785918749428_xuvyt5i HTTP/1.1" 200 OK
2026-08-05 14:02:33,073 INFO sqlalchemy.engine.Engine ROLLBACK
2026-08-05 14:02:33 | INFO     | sqlalchemy.engine.Engine | ROLLBACK
INFO:     127.0.0.1:57542 - "GET /api/resume/upload-status/job_1785918749428_xuvyt5i HTTP/1.1" 200 OK
2026-08-05 14:02:33,081 INFO sqlalchemy.engine.Engine BEGIN (implicit)
2026-08-05 14:02:33 | INFO     | sqlalchemy.engine.Engine | BEGIN (implicit)
2026-08-05 14:02:33,081 INFO sqlalchemy.engine.Engine SELECT resumes.id AS resumes_id, resumes.original_filename AS resumes_original_filename, resumes.file_path AS resumes_file_path, resumes.name AS resumes_name, resumes.email AS resumes_email, resumes.phone AS resumes_phone, resumes.location AS resumes_location, resumes.summary AS resumes_summary, resumes.skills AS resumes_skills, resumes.experience AS resumes_experience, resumes.education AS resumes_education, resumes.projects AS resumes_projects, resumes.certifications AS resumes_certifications, resumes.technologies AS resumes_technologies, resumes.strengths AS resumes_strengths, resumes.analysis_json AS resumes_analysis_json, resumes.raw_text AS resumes_raw_text, resumes.file_size AS resumes_file_size, resumes.parsed_at AS resumes_parsed_at 
FROM resumes ORDER BY resumes.parsed_at DESC
 LIMIT ? OFFSET ?
2026-08-05 14:02:33 | INFO     | sqlalchemy.engine.Engine | SELECT resumes.id AS resumes_id, resumes.original_filename AS resumes_original_filename, resumes.file_path AS resumes_file_path, resumes.name AS resumes_name, resumes.email AS resumes_email, resumes.phone AS resumes_phone, resumes.location AS resumes_location, resumes.summary AS resumes_summary, resumes.skills AS resumes_skills, resumes.experience AS resumes_experience, resumes.education AS resumes_education, resumes.projects AS resumes_projects, resumes.certifications AS resumes_certifications, resumes.technologies AS resumes_technologies, resumes.strengths AS resumes_strengths, resumes.analysis_json AS resumes_analysis_json, resumes.raw_text AS resumes_raw_text, resumes.file_size AS resumes_file_size, resumes.parsed_at AS resumes_parsed_at 
FROM resumes ORDER BY resumes.parsed_at DESC
 LIMIT ? OFFSET ?
2026-08-05 14:02:33,081 INFO sqlalchemy.engine.Engine [cached since 678.6s ago] (1, 0)
2026-08-05 14:02:33 | INFO     | sqlalchemy.engine.Engine | [cached since 678.6s ago] (1, 0)
INFO:     127.0.0.1:57544 - "GET /api/resume/latest HTTP/1.1" 200 OK
2026-08-05 14:02:33,089 INFO sqlalchemy.engine.Engine ROLLBACK
2026-08-05 14:02:33 | INFO     | sqlalchemy.engine.Engine | ROLLBACK
2026-08-05 14:02:33,096 INFO sqlalchemy.engine.Engine BEGIN (implicit)
2026-08-05 14:02:33 | INFO     | sqlalchemy.engine.Engine | BEGIN (implicit)
2026-08-05 14:02:33,096 INFO sqlalchemy.engine.Engine SELECT resumes.id AS resumes_id, resumes.original_filename AS resumes_original_filename, resumes.file_path AS resumes_file_path, resumes.name AS resumes_name, resumes.email AS resumes_email, resumes.phone AS resumes_phone, resumes.location AS resumes_location, resumes.summary AS resumes_summary, resumes.skills AS resumes_skills, resumes.experience AS resumes_experience, resumes.education AS resumes_education, resumes.projects AS resumes_projects, resumes.certifications AS resumes_certifications, resumes.technologies AS resumes_technologies, resumes.strengths AS resumes_strengths, resumes.analysis_json AS resumes_analysis_json, resumes.raw_text AS resumes_raw_text, resumes.file_size AS resumes_file_size, resumes.parsed_at AS resumes_parsed_at 
FROM resumes ORDER BY resumes.parsed_at DESC
 LIMIT ? OFFSET ?
2026-08-05 14:02:33 | INFO     | sqlalchemy.engine.Engine | SELECT resumes.id AS resumes_id, resumes.original_filename AS resumes_original_filename, resumes.file_path AS resumes_file_path, resumes.name AS resumes_name, resumes.email AS resumes_email, resumes.phone AS resumes_phone, resumes.location AS resumes_location, resumes.summary AS resumes_summary, resumes.skills AS resumes_skills, resumes.experience AS resumes_experience, resumes.education AS resumes_education, resumes.projects AS resumes_projects, resumes.certifications AS resumes_certifications, resumes.technologies AS resumes_technologies, resumes.strengths AS resumes_strengths, resumes.analysis_json AS resumes_analysis_json, resumes.raw_text AS resumes_raw_text, resumes.file_size AS resumes_file_size, resumes.parsed_at AS resumes_parsed_at 
FROM resumes ORDER BY resumes.parsed_at DESC
 LIMIT ? OFFSET ?
2026-08-05 14:02:33,096 INFO sqlalchemy.engine.Engine [cached since 678.7s ago] (1, 0)
2026-08-05 14:02:33 | INFO     | sqlalchemy.engine.Engine | [cached since 678.7s ago] (1, 0)
INFO:     127.0.0.1:58859 - "GET /api/resume/latest HTTP/1.1" 200 OK
2026-08-05 14:02:33,097 INFO sqlalchemy.engine.Engine ROLLBACK
2026-08-05 14:02:33 | INFO     | sqlalchemy.engine.Engine | ROLLBACK
2026-08-05 14:02:33,099 INFO sqlalchemy.engine.Engine BEGIN (implicit)
2026-08-05 14:02:33 | INFO     | sqlalchemy.engine.Engine | BEGIN (implicit)
2026-08-05 14:02:33,099 INFO sqlalchemy.engine.Engine SELECT resumes.id AS resumes_id, resumes.original_filename AS resumes_original_filename, resumes.file_path AS resumes_file_path, resumes.name AS resumes_name, resumes.email AS resumes_email, resumes.phone AS resumes_phone, resumes.location AS resumes_location, resumes.summary AS resumes_summary, resumes.skills AS resumes_skills, resumes.experience AS resumes_experience, resumes.education AS resumes_education, resumes.projects AS resumes_projects, resumes.certifications AS resumes_certifications, resumes.technologies AS resumes_technologies, resumes.strengths AS resumes_strengths, resumes.analysis_json AS resumes_analysis_json, resumes.raw_text AS resumes_raw_text, resumes.file_size AS resumes_file_size, resumes.parsed_at AS resumes_parsed_at 
FROM resumes ORDER BY resumes.parsed_at DESC
 LIMIT ? OFFSET ?
2026-08-05 14:02:33 | INFO     | sqlalchemy.engine.Engine | SELECT resumes.id AS resumes_id, resumes.original_filename AS resumes_original_filename, resumes.file_path AS resumes_file_path, resumes.name AS resumes_name, resumes.email AS resumes_email, resumes.phone AS resumes_phone, resumes.location AS resumes_location, resumes.summary AS resumes_summary, resumes.skills AS resumes_skills, resumes.experience AS resumes_experience, resumes.education AS resumes_education, resumes.projects AS resumes_projects, resumes.certifications AS resumes_certifications, resumes.technologies AS resumes_technologies, resumes.strengths AS resumes_strengths, resumes.analysis_json AS resumes_analysis_json, resumes.raw_text AS resumes_raw_text, resumes.file_size AS resumes_file_size, resumes.parsed_at AS resumes_parsed_at 
FROM resumes ORDER BY resumes.parsed_at DESC
 LIMIT ? OFFSET ?
2026-08-05 14:02:33,099 INFO sqlalchemy.engine.Engine [cached since 678.7s ago] (1, 0)
2026-08-05 14:02:33 | INFO     | sqlalchemy.engine.Engine | [cached since 678.7s ago] (1, 0)
INFO:     127.0.0.1:50063 - "GET /api/resume/latest HTTP/1.1" 200 OK
2026-08-05 14:02:33,099 INFO sqlalchemy.engine.Engine ROLLBACK
2026-08-05 14:02:33 | INFO     | sqlalchemy.engine.Engine | ROLLBACK
2026-08-05 14:03:29 | INFO     | fundflow | Using cached discovery (20 companies, 0.2h old)
2026-08-05 14:03:29,825 INFO sqlalchemy.engine.Engine BEGIN (implicit)
2026-08-05 14:03:29 | INFO     | sqlalchemy.engine.Engine | BEGIN (implicit)
2026-08-05 14:03:29,825 INFO sqlalchemy.engine.Engine SELECT resumes.id AS resumes_id, resumes.original_filename AS resumes_original_filename, resumes.file_path AS resumes_file_path, resumes.name AS resumes_name, resumes.email AS resumes_email, resumes.phone AS resumes_phone, resumes.location AS resumes_location, resumes.summary AS resumes_summary, resumes.skills AS resumes_skills, resumes.experience AS resumes_experience, resumes.education AS resumes_education, resumes.projects AS resumes_projects, resumes.certifications AS resumes_certifications, resumes.technologies AS resumes_technologies, resumes.strengths AS resumes_strengths, resumes.analysis_json AS resumes_analysis_json, resumes.raw_text AS resumes_raw_text, resumes.file_size AS resumes_file_size, resumes.parsed_at AS resumes_parsed_at 
FROM resumes ORDER BY resumes.parsed_at DESC
 LIMIT ? OFFSET ?
2026-08-05 14:03:29 | INFO     | sqlalchemy.engine.Engine | SELECT resumes.id AS resumes_id, resumes.original_filename AS resumes_original_filename, resumes.file_path AS resumes_file_path, resumes.name AS resumes_name, resumes.email AS resumes_email, resumes.phone AS resumes_phone, resumes.location AS resumes_location, resumes.summary AS resumes_summary, resumes.skills AS resumes_skills, resumes.experience AS resumes_experience, resumes.education AS resumes_education, resumes.projects AS resumes_projects, resumes.certifications AS resumes_certifications, resumes.technologies AS resumes_technologies, resumes.strengths AS resumes_strengths, resumes.analysis_json AS resumes_analysis_json, resumes.raw_text AS resumes_raw_text, resumes.file_size AS resumes_file_size, resumes.parsed_at AS resumes_parsed_at 
FROM resumes ORDER BY resumes.parsed_at DESC
 LIMIT ? OFFSET ?
2026-08-05 14:03:29,825 INFO sqlalchemy.engine.Engine [cached since 735.4s ago] (1, 0)
2026-08-05 14:03:29 | INFO     | sqlalchemy.engine.Engine | [cached since 735.4s ago] (1, 0)
INFO:     127.0.0.1:64827 - "GET /api/companies HTTP/1.1" 200 OK
2026-08-05 14:03:29,834 INFO sqlalchemy.engine.Engine ROLLBACK
2026-08-05 14:03:29 | INFO     | sqlalchemy.engine.Engine | ROLLBACK
2026-08-05 14:03:29,834 INFO sqlalchemy.engine.Engine BEGIN (implicit)
2026-08-05 14:03:29 | INFO     | sqlalchemy.engine.Engine | BEGIN (implicit)
2026-08-05 14:03:29,834 INFO sqlalchemy.engine.Engine SELECT resumes.id AS resumes_id, resumes.original_filename AS resumes_original_filename, resumes.file_path AS resumes_file_path, resumes.name AS resumes_name, resumes.email AS resumes_email, resumes.phone AS resumes_phone, resumes.location AS resumes_location, resumes.summary AS resumes_summary, resumes.skills AS resumes_skills, resumes.experience AS resumes_experience, resumes.education AS resumes_education, resumes.projects AS resumes_projects, resumes.certifications AS resumes_certifications, resumes.technologies AS resumes_technologies, resumes.strengths AS resumes_strengths, resumes.analysis_json AS resumes_analysis_json, resumes.raw_text AS resumes_raw_text, resumes.file_size AS resumes_file_size, resumes.parsed_at AS resumes_parsed_at 
FROM resumes ORDER BY resumes.parsed_at DESC
 LIMIT ? OFFSET ?
2026-08-05 14:03:29 | INFO     | sqlalchemy.engine.Engine | SELECT resumes.id AS resumes_id, resumes.original_filename AS resumes_original_filename, resumes.file_path AS resumes_file_path, resumes.name AS resumes_name, resumes.email AS resumes_email, resumes.phone AS resumes_phone, resumes.location AS resumes_location, resumes.summary AS resumes_summary, resumes.skills AS resumes_skills, resumes.experience AS resumes_experience, resumes.education AS resumes_education, resumes.projects AS resumes_projects, resumes.certifications AS resumes_certifications, resumes.technologies AS resumes_technologies, resumes.strengths AS resumes_strengths, resumes.analysis_json AS resumes_analysis_json, resumes.raw_text AS resumes_raw_text, resumes.file_size AS resumes_file_size, resumes.parsed_at AS resumes_parsed_at 
FROM resumes ORDER BY resumes.parsed_at DESC
 LIMIT ? OFFSET ?
2026-08-05 14:03:29,834 INFO sqlalchemy.engine.Engine [cached since 735.4s ago] (1, 0)
2026-08-05 14:03:29 | INFO     | sqlalchemy.engine.Engine | [cached since 735.4s ago] (1, 0)
INFO:     127.0.0.1:64829 - "GET /api/resume/latest HTTP/1.1" 200 OK
2026-08-05 14:03:29,834 INFO sqlalchemy.engine.Engine ROLLBACK
2026-08-05 14:03:29 | INFO     | sqlalchemy.engine.Engine | ROLLBACK
2026-08-05 14:03:29 | INFO     | fundflow | Using cached discovery (20 companies, 0.2h old)
2026-08-05 14:03:29,834 INFO sqlalchemy.engine.Engine BEGIN (implicit)
2026-08-05 14:03:29 | INFO     | sqlalchemy.engine.Engine | BEGIN (implicit)
2026-08-05 14:03:29,834 INFO sqlalchemy.engine.Engine SELECT resumes.id AS resumes_id, resumes.original_filename AS resumes_original_filename, resumes.file_path AS resumes_file_path, resumes.name AS resumes_name, resumes.email AS resumes_email, resumes.phone AS resumes_phone, resumes.location AS resumes_location, resumes.summary AS resumes_summary, resumes.skills AS resumes_skills, resumes.experience AS resumes_experience, resumes.education AS resumes_education, resumes.projects AS resumes_projects, resumes.certifications AS resumes_certifications, resumes.technologies AS resumes_technologies, resumes.strengths AS resumes_strengths, resumes.analysis_json AS resumes_analysis_json, resumes.raw_text AS resumes_raw_text, resumes.file_size AS resumes_file_size, resumes.parsed_at AS resumes_parsed_at 
FROM resumes ORDER BY resumes.parsed_at DESC
 LIMIT ? OFFSET ?
2026-08-05 14:03:29 | INFO     | sqlalchemy.engine.Engine | SELECT resumes.id AS resumes_id, resumes.original_filename AS resumes_original_filename, resumes.file_path AS resumes_file_path, resumes.name AS resumes_name, resumes.email AS resumes_email, resumes.phone AS resumes_phone, resumes.location AS resumes_location, resumes.summary AS resumes_summary, resumes.skills AS resumes_skills, resumes.experience AS resumes_experience, resumes.education AS resumes_education, resumes.projects AS resumes_projects, resumes.certifications AS resumes_certifications, resumes.technologies AS resumes_technologies, resumes.strengths AS resumes_strengths, resumes.analysis_json AS resumes_analysis_json, resumes.raw_text AS resumes_raw_text, resumes.file_size AS resumes_file_size, resumes.parsed_at AS resumes_parsed_at 
FROM resumes ORDER BY resumes.parsed_at DESC
 LIMIT ? OFFSET ?
2026-08-05 14:03:29,834 INFO sqlalchemy.engine.Engine [cached since 735.4s ago] (1, 0)
2026-08-05 14:03:29 | INFO     | sqlalchemy.engine.Engine | [cached since 735.4s ago] (1, 0)
INFO:     127.0.0.1:64831 - "GET /api/companies HTTP/1.1" 200 OK
2026-08-05 14:03:29,848 INFO sqlalchemy.engine.Engine ROLLBACK
2026-08-05 14:03:29 | INFO     | sqlalchemy.engine.Engine | ROLLBACK
2026-08-05 14:03:29,848 INFO sqlalchemy.engine.Engine BEGIN (implicit)
2026-08-05 14:03:29 | INFO     | sqlalchemy.engine.Engine | BEGIN (implicit)
2026-08-05 14:03:29,848 INFO sqlalchemy.engine.Engine SELECT resumes.id AS resumes_id, resumes.original_filename AS resumes_original_filename, resumes.file_path AS resumes_file_path, resumes.name AS resumes_name, resumes.email AS resumes_email, resumes.phone AS resumes_phone, resumes.location AS resumes_location, resumes.summary AS resumes_summary, resumes.skills AS resumes_skills, resumes.experience AS resumes_experience, resumes.education AS resumes_education, resumes.projects AS resumes_projects, resumes.certifications AS resumes_certifications, resumes.technologies AS resumes_technologies, resumes.strengths AS resumes_strengths, resumes.analysis_json AS resumes_analysis_json, resumes.raw_text AS resumes_raw_text, resumes.file_size AS resumes_file_size, resumes.parsed_at AS resumes_parsed_at 
FROM resumes ORDER BY resumes.parsed_at DESC
 LIMIT ? OFFSET ?
2026-08-05 14:03:29 | INFO     | sqlalchemy.engine.Engine | SELECT resumes.id AS resumes_id, resumes.original_filename AS resumes_original_filename, resumes.file_path AS resumes_file_path, resumes.name AS resumes_name, resumes.email AS resumes_email, resumes.phone AS resumes_phone, resumes.location AS resumes_location, resumes.summary AS resumes_summary, resumes.skills AS resumes_skills, resumes.experience AS resumes_experience, resumes.education AS resumes_education, resumes.projects AS resumes_projects, resumes.certifications AS resumes_certifications, resumes.technologies AS resumes_technologies, resumes.strengths AS resumes_strengths, resumes.analysis_json AS resumes_analysis_json, resumes.raw_text AS resumes_raw_text, resumes.file_size AS resumes_file_size, resumes.parsed_at AS resumes_parsed_at 
FROM resumes ORDER BY resumes.parsed_at DESC
 LIMIT ? OFFSET ?
2026-08-05 14:03:29,848 INFO sqlalchemy.engine.Engine [cached since 735.4s ago] (1, 0)
2026-08-05 14:03:29 | INFO     | sqlalchemy.engine.Engine | [cached since 735.4s ago] (1, 0)
INFO:     127.0.0.1:64833 - "GET /api/resume/latest HTTP/1.1" 200 OK
2026-08-05 14:03:29,848 INFO sqlalchemy.engine.Engine ROLLBACK
2026-08-05 14:03:29 | INFO     | sqlalchemy.engine.Engine | ROLLBACK
2026-08-05 14:03:32 | INFO     | fundflow | Using cached discovery (20 companies, 0.2h old)
2026-08-05 14:03:32,953 INFO sqlalchemy.engine.Engine BEGIN (implicit)
2026-08-05 14:03:32 | INFO     | sqlalchemy.engine.Engine | BEGIN (implicit)
2026-08-05 14:03:32,953 INFO sqlalchemy.engine.Engine SELECT resumes.id AS resumes_id, resumes.original_filename AS resumes_original_filename, resumes.file_path AS resumes_file_path, resumes.name AS resumes_name, resumes.email AS resumes_email, resumes.phone AS resumes_phone, resumes.location AS resumes_location, resumes.summary AS resumes_summary, resumes.skills AS resumes_skills, resumes.experience AS resumes_experience, resumes.education AS resumes_education, resumes.projects AS resumes_projects, resumes.certifications AS resumes_certifications, resumes.technologies AS resumes_technologies, resumes.strengths AS resumes_strengths, resumes.analysis_json AS resumes_analysis_json, resumes.raw_text AS resumes_raw_text, resumes.file_size AS resumes_file_size, resumes.parsed_at AS resumes_parsed_at 
FROM resumes ORDER BY resumes.parsed_at DESC
 LIMIT ? OFFSET ?
2026-08-05 14:03:32 | INFO     | sqlalchemy.engine.Engine | SELECT resumes.id AS resumes_id, resumes.original_filename AS resumes_original_filename, resumes.file_path AS resumes_file_path, resumes.name AS resumes_name, resumes.email AS resumes_email, resumes.phone AS resumes_phone, resumes.location AS resumes_location, resumes.summary AS resumes_summary, resumes.skills AS resumes_skills, resumes.experience AS resumes_experience, resumes.education AS resumes_education, resumes.projects AS resumes_projects, resumes.certifications AS resumes_certifications, resumes.technologies AS resumes_technologies, resumes.strengths AS resumes_strengths, resumes.analysis_json AS resumes_analysis_json, resumes.raw_text AS resumes_raw_text, resumes.file_size AS resumes_file_size, resumes.parsed_at AS resumes_parsed_at 
FROM resumes ORDER BY resumes.parsed_at DESC
 LIMIT ? OFFSET ?
2026-08-05 14:03:32,953 INFO sqlalchemy.engine.Engine [cached since 738.5s ago] (1, 0)
2026-08-05 14:03:32 | INFO     | sqlalchemy.engine.Engine | [cached since 738.5s ago] (1, 0)
INFO:     127.0.0.1:64979 - "GET /api/companies/Anthropic HTTP/1.1" 200 OK
2026-08-05 14:03:32,953 INFO sqlalchemy.engine.Engine BEGIN (implicit)
2026-08-05 14:03:32 | INFO     | sqlalchemy.engine.Engine | BEGIN (implicit)
2026-08-05 14:03:32,953 INFO sqlalchemy.engine.Engine SELECT resumes.id AS resumes_id, resumes.original_filename AS resumes_original_filename, resumes.file_path AS resumes_file_path, resumes.name AS resumes_name, resumes.email AS resumes_email, resumes.phone AS resumes_phone, resumes.location AS resumes_location, resumes.summary AS resumes_summary, resumes.skills AS resumes_skills, resumes.experience AS resumes_experience, resumes.education AS resumes_education, resumes.projects AS resumes_projects, resumes.certifications AS resumes_certifications, resumes.technologies AS resumes_technologies, resumes.strengths AS resumes_strengths, resumes.analysis_json AS resumes_analysis_json, resumes.raw_text AS resumes_raw_text, resumes.file_size AS resumes_file_size, resumes.parsed_at AS resumes_parsed_at 
FROM resumes ORDER BY resumes.parsed_at DESC
 LIMIT ? OFFSET ?
2026-08-05 14:03:32 | INFO     | sqlalchemy.engine.Engine | SELECT resumes.id AS resumes_id, resumes.original_filename AS resumes_original_filename, resumes.file_path AS resumes_file_path, resumes.name AS resumes_name, resumes.email AS resumes_email, resumes.phone AS resumes_phone, resumes.location AS resumes_location, resumes.summary AS resumes_summary, resumes.skills AS resumes_skills, resumes.experience AS resumes_experience, resumes.education AS resumes_education, resumes.projects AS resumes_projects, resumes.certifications AS resumes_certifications, resumes.technologies AS resumes_technologies, resumes.strengths AS resumes_strengths, resumes.analysis_json AS resumes_analysis_json, resumes.raw_text AS resumes_raw_text, resumes.file_size AS resumes_file_size, resumes.parsed_at AS resumes_parsed_at 
FROM resumes ORDER BY resumes.parsed_at DESC
 LIMIT ? OFFSET ?
2026-08-05 14:03:32,953 INFO sqlalchemy.engine.Engine [cached since 738.5s ago] (1, 0)
2026-08-05 14:03:32 | INFO     | sqlalchemy.engine.Engine | [cached since 738.5s ago] (1, 0)
INFO:     127.0.0.1:64981 - "GET /api/resume/latest HTTP/1.1" 200 OK
2026-08-05 14:03:32,960 INFO sqlalchemy.engine.Engine ROLLBACK
2026-08-05 14:03:32 | INFO     | sqlalchemy.engine.Engine | ROLLBACK
2026-08-05 14:03:32,960 INFO sqlalchemy.engine.Engine ROLLBACK
2026-08-05 14:03:32 | INFO     | sqlalchemy.engine.Engine | ROLLBACK
2026-08-05 14:03:32 | INFO     | fundflow | Using cached discovery (20 companies, 0.2h old)
2026-08-05 14:03:32,965 INFO sqlalchemy.engine.Engine BEGIN (implicit)
2026-08-05 14:03:32 | INFO     | sqlalchemy.engine.Engine | BEGIN (implicit)
2026-08-05 14:03:32,965 INFO sqlalchemy.engine.Engine SELECT resumes.id AS resumes_id, resumes.original_filename AS resumes_original_filename, resumes.file_path AS resumes_file_path, resumes.name AS resumes_name, resumes.email AS resumes_email, resumes.phone AS resumes_phone, resumes.location AS resumes_location, resumes.summary AS resumes_summary, resumes.skills AS resumes_skills, resumes.experience AS resumes_experience, resumes.education AS resumes_education, resumes.projects AS resumes_projects, resumes.certifications AS resumes_certifications, resumes.technologies AS resumes_technologies, resumes.strengths AS resumes_strengths, resumes.analysis_json AS resumes_analysis_json, resumes.raw_text AS resumes_raw_text, resumes.file_size AS resumes_file_size, resumes.parsed_at AS resumes_parsed_at 
FROM resumes ORDER BY resumes.parsed_at DESC
 LIMIT ? OFFSET ?
2026-08-05 14:03:32 | INFO     | sqlalchemy.engine.Engine | SELECT resumes.id AS resumes_id, resumes.original_filename AS resumes_original_filename, resumes.file_path AS resumes_file_path, resumes.name AS resumes_name, resumes.email AS resumes_email, resumes.phone AS resumes_phone, resumes.location AS resumes_location, resumes.summary AS resumes_summary, resumes.skills AS resumes_skills, resumes.experience AS resumes_experience, resumes.education AS resumes_education, resumes.projects AS resumes_projects, resumes.certifications AS resumes_certifications, resumes.technologies AS resumes_technologies, resumes.strengths AS resumes_strengths, resumes.analysis_json AS resumes_analysis_json, resumes.raw_text AS resumes_raw_text, resumes.file_size AS resumes_file_size, resumes.parsed_at AS resumes_parsed_at 
FROM resumes ORDER BY resumes.parsed_at DESC
 LIMIT ? OFFSET ?
2026-08-05 14:03:32,965 INFO sqlalchemy.engine.Engine [cached since 738.5s ago] (1, 0)
2026-08-05 14:03:32 | INFO     | sqlalchemy.engine.Engine | [cached since 738.5s ago] (1, 0)
INFO:     127.0.0.1:64983 - "GET /api/companies/Anthropic HTTP/1.1" 200 OK
2026-08-05 14:03:32,965 INFO sqlalchemy.engine.Engine ROLLBACK
2026-08-05 14:03:32 | INFO     | sqlalchemy.engine.Engine | ROLLBACK
2026-08-05 14:03:32,965 INFO sqlalchemy.engine.Engine BEGIN (implicit)
2026-08-05 14:03:32 | INFO     | sqlalchemy.engine.Engine | BEGIN (implicit)
2026-08-05 14:03:32,965 INFO sqlalchemy.engine.Engine SELECT resumes.id AS resumes_id, resumes.original_filename AS resumes_original_filename, resumes.file_path AS resumes_file_path, resumes.name AS resumes_name, resumes.email AS resumes_email, resumes.phone AS resumes_phone, resumes.location AS resumes_location, resumes.summary AS resumes_summary, resumes.skills AS resumes_skills, resumes.experience AS resumes_experience, resumes.education AS resumes_education, resumes.projects AS resumes_projects, resumes.certifications AS resumes_certifications, resumes.technologies AS resumes_technologies, resumes.strengths AS resumes_strengths, resumes.analysis_json AS resumes_analysis_json, resumes.raw_text AS resumes_raw_text, resumes.file_size AS resumes_file_size, resumes.parsed_at AS resumes_parsed_at 
FROM resumes ORDER BY resumes.parsed_at DESC
 LIMIT ? OFFSET ?
2026-08-05 14:03:32 | INFO     | sqlalchemy.engine.Engine | SELECT resumes.id AS resumes_id, resumes.original_filename AS resumes_original_filename, resumes.file_path AS resumes_file_path, resumes.name AS resumes_name, resumes.email AS resumes_email, resumes.phone AS resumes_phone, resumes.location AS resumes_location, resumes.summary AS resumes_summary, resumes.skills AS resumes_skills, resumes.experience AS resumes_experience, resumes.education AS resumes_education, resumes.projects AS resumes_projects, resumes.certifications AS resumes_certifications, resumes.technologies AS resumes_technologies, resumes.strengths AS resumes_strengths, resumes.analysis_json AS resumes_analysis_json, resumes.raw_text AS resumes_raw_text, resumes.file_size AS resumes_file_size, resumes.parsed_at AS resumes_parsed_at 
FROM resumes ORDER BY resumes.parsed_at DESC
 LIMIT ? OFFSET ?
2026-08-05 14:03:32,965 INFO sqlalchemy.engine.Engine [cached since 738.5s ago] (1, 0)
2026-08-05 14:03:32 | INFO     | sqlalchemy.engine.Engine | [cached since 738.5s ago] (1, 0)
INFO:     127.0.0.1:64985 - "GET /api/resume/latest HTTP/1.1" 200 OK
2026-08-05 14:03:32,965 INFO sqlalchemy.engine.Engine ROLLBACK
2026-08-05 14:03:32 | INFO     | sqlalchemy.engine.Engine | ROLLBACK
2026-08-05 14:03:35 | INFO     | fundflow | Using cached discovery (20 companies, 0.2h old)
2026-08-05 14:03:35,958 INFO sqlalchemy.engine.Engine BEGIN (implicit)
2026-08-05 14:03:35 | INFO     | sqlalchemy.engine.Engine | BEGIN (implicit)
2026-08-05 14:03:35,958 INFO sqlalchemy.engine.Engine SELECT resumes.id AS resumes_id, resumes.original_filename AS resumes_original_filename, resumes.file_path AS resumes_file_path, resumes.name AS resumes_name, resumes.email AS resumes_email, resumes.phone AS resumes_phone, resumes.location AS resumes_location, resumes.summary AS resumes_summary, resumes.skills AS resumes_skills, resumes.experience AS resumes_experience, resumes.education AS resumes_education, resumes.projects AS resumes_projects, resumes.certifications AS resumes_certifications, resumes.technologies AS resumes_technologies, resumes.strengths AS resumes_strengths, resumes.analysis_json AS resumes_analysis_json, resumes.raw_text AS resumes_raw_text, resumes.file_size AS resumes_file_size, resumes.parsed_at AS resumes_parsed_at 
FROM resumes ORDER BY resumes.parsed_at DESC
 LIMIT ? OFFSET ?
2026-08-05 14:03:35 | INFO     | sqlalchemy.engine.Engine | SELECT resumes.id AS resumes_id, resumes.original_filename AS resumes_original_filename, resumes.file_path AS resumes_file_path, resumes.name AS resumes_name, resumes.email AS resumes_email, resumes.phone AS resumes_phone, resumes.location AS resumes_location, resumes.summary AS resumes_summary, resumes.skills AS resumes_skills, resumes.experience AS resumes_experience, resumes.education AS resumes_education, resumes.projects AS resumes_projects, resumes.certifications AS resumes_certifications, resumes.technologies AS resumes_technologies, resumes.strengths AS resumes_strengths, resumes.analysis_json AS resumes_analysis_json, resumes.raw_text AS resumes_raw_text, resumes.file_size AS resumes_file_size, resumes.parsed_at AS resumes_parsed_at 
FROM resumes ORDER BY resumes.parsed_at DESC
 LIMIT ? OFFSET ?
2026-08-05 14:03:35,958 INFO sqlalchemy.engine.Engine [cached since 741.5s ago] (1, 0)
2026-08-05 14:03:35 | INFO     | sqlalchemy.engine.Engine | [cached since 741.5s ago] (1, 0)
2026-08-05 14:03:39 | ERROR    | fundflow | Cover letter OpenRouter call failed: Error code: 429 - {'error': {'message': 'Rate limit exceeded: free-models-per-day. Add 10 credits to unlock 1000 free model requests per day', 'code': 429, 'metadata': {'headers': {'X-RateLimit-Limit': '50', 'X-RateLimit-Remaining': '0', 'X-RateLimit-Reset': '1785974400000'}, 'limit_source': 'openrouter_free_tier_daily', 'remedy_hint': 'Wait for the daily reset (see X-RateLimit-Reset), or purchase credits to raise your free-model daily limit.', 'provider_name': None, 'previous_errors': [{'code': 429, 'message': 'Rate limit exceeded: free-models-per-day. Add 10 credits to unlock 1000 free model requests per day'}]}}, 'user_id': 'user_3FlILifPNzaduvBLcAWo2dbMqbg'}
2026-08-05 14:03:39 | ERROR    | fundflow | Cover letter generation failed: Error code: 429 - {'error': {'message': 'Rate limit exceeded: free-models-per-day. Add 10 credits to unlock 1000 free model requests per day', 'code': 429, 'metadata': {'headers': {'X-RateLimit-Limit': '50', 'X-RateLimit-Remaining': '0', 'X-RateLimit-Reset': '1785974400000'}, 'limit_source': 'openrouter_free_tier_daily', 'remedy_hint': 'Wait for the daily reset (see X-RateLimit-Reset), or purchase credits to raise your free-model daily limit.', 'provider_name': None, 'previous_errors': [{'code': 429, 'message': 'Rate limit exceeded: free-models-per-day. Add 10 credits to unlock 1000 free model requests per day'}]}}, 'user_id': 'user_3FlILifPNzaduvBLcAWo2dbMqbg'}
2026-08-05 14:03:39,914 INFO sqlalchemy.engine.Engine ROLLBACK
2026-08-05 14:03:39 | INFO     | sqlalchemy.engine.Engine | ROLLBACK
2026-08-05 14:03:39 | WARNING  | fundflow | HTTP error (request_id=26ed902b-901c-4dfb-9fc0-ca88a5e85a39): 503 - Cover letter generation is temporarily unavailable. Please try again.
INFO:     127.0.0.1:64987 - "POST /api/documents/generate HTTP/1.1" 503 Service Unavailable
2026-08-05 14:05:06,320 INFO sqlalchemy.engine.Engine BEGIN (implicit)
2026-08-05 14:05:06 | INFO     | sqlalchemy.engine.Engine | BEGIN (implicit)
2026-08-05 14:05:06,320 INFO sqlalchemy.engine.Engine SELECT resumes.id AS resumes_id, resumes.original_filename AS resumes_original_filename, resumes.file_path AS resumes_file_path, resumes.name AS resumes_name, resumes.email AS resumes_email, resumes.phone AS resumes_phone, resumes.location AS resumes_location, resumes.summary AS resumes_summary, resumes.skills AS resumes_skills, resumes.experience AS resumes_experience, resumes.education AS resumes_education, resumes.projects AS resumes_projects, resumes.certifications AS resumes_certifications, resumes.technologies AS resumes_technologies, resumes.strengths AS resumes_strengths, resumes.analysis_json AS resumes_analysis_json, resumes.raw_text AS resumes_raw_text, resumes.file_size AS resumes_file_size, resumes.parsed_at AS resumes_parsed_at 
FROM resumes ORDER BY resumes.parsed_at DESC
 LIMIT ? OFFSET ?
2026-08-05 14:05:06 | INFO     | sqlalchemy.engine.Engine | SELECT resumes.id AS resumes_id, resumes.original_filename AS resumes_original_filename, resumes.file_path AS resumes_file_path, resumes.name AS resumes_name, resumes.email AS resumes_email, resumes.phone AS resumes_phone, resumes.location AS resumes_location, resumes.summary AS resumes_summary, resumes.skills AS resumes_skills, resumes.experience AS resumes_experience, resumes.education AS resumes_education, resumes.projects AS resumes_projects, resumes.certifications AS resumes_certifications, resumes.technologies AS resumes_technologies, resumes.strengths AS resumes_strengths, resumes.analysis_json AS resumes_analysis_json, resumes.raw_text AS resumes_raw_text, resumes.file_size AS resumes_file_size, resumes.parsed_at AS resumes_parsed_at 
FROM resumes ORDER BY resumes.parsed_at DESC
 LIMIT ? OFFSET ?
2026-08-05 14:05:06,320 INFO sqlalchemy.engine.Engine [cached since 831.9s ago] (1, 0)
2026-08-05 14:05:06 | INFO     | sqlalchemy.engine.Engine | [cached since 831.9s ago] (1, 0)
INFO:     127.0.0.1:63865 - "GET /api/resume/latest HTTP/1.1" 200 OK
2026-08-05 14:05:06,322 INFO sqlalchemy.engine.Engine ROLLBACK
2026-08-05 14:05:06 | INFO     | sqlalchemy.engine.Engine | ROLLBACK
2026-08-05 14:05:06,329 INFO sqlalchemy.engine.Engine BEGIN (implicit)
2026-08-05 14:05:06 | INFO     | sqlalchemy.engine.Engine | BEGIN (implicit)
2026-08-05 14:05:06,330 INFO sqlalchemy.engine.Engine SELECT resumes.id AS resumes_id, resumes.original_filename AS resumes_original_filename, resumes.file_path AS resumes_file_path, resumes.name AS resumes_name, resumes.email AS resumes_email, resumes.phone AS resumes_phone, resumes.location AS resumes_location, resumes.summary AS resumes_summary, resumes.skills AS resumes_skills, resumes.experience AS resumes_experience, resumes.education AS resumes_education, resumes.projects AS resumes_projects, resumes.certifications AS resumes_certifications, resumes.technologies AS resumes_technologies, resumes.strengths AS resumes_strengths, resumes.analysis_json AS resumes_analysis_json, resumes.raw_text AS resumes_raw_text, resumes.file_size AS resumes_file_size, resumes.parsed_at AS resumes_parsed_at 
FROM resumes ORDER BY resumes.parsed_at DESC
 LIMIT ? OFFSET ?
2026-08-05 14:05:06 | INFO     | sqlalchemy.engine.Engine | SELECT resumes.id AS resumes_id, resumes.original_filename AS resumes_original_filename, resumes.file_path AS resumes_file_path, resumes.name AS resumes_name, resumes.email AS resumes_email, resumes.phone AS resumes_phone, resumes.location AS resumes_location, resumes.summary AS resumes_summary, resumes.skills AS resumes_skills, resumes.experience AS resumes_experience, resumes.education AS resumes_education, resumes.projects AS resumes_projects, resumes.certifications AS resumes_certifications, resumes.technologies AS resumes_technologies, resumes.strengths AS resumes_strengths, resumes.analysis_json AS resumes_analysis_json, resumes.raw_text AS resumes_raw_text, resumes.file_size AS resumes_file_size, resumes.parsed_at AS resumes_parsed_at 
FROM resumes ORDER BY resumes.parsed_at DESC
 LIMIT ? OFFSET ?
2026-08-05 14:05:06,330 INFO sqlalchemy.engine.Engine [cached since 831.9s ago] (1, 0)
2026-08-05 14:05:06 | INFO     | sqlalchemy.engine.Engine | [cached since 831.9s ago] (1, 0)
INFO:     127.0.0.1:63867 - "GET /api/resume/latest HTTP/1.1" 200 OK
2026-08-05 14:05:06,331 INFO sqlalchemy.engine.Engine ROLLBACK
2026-08-05 14:05:06 | INFO     | sqlalchemy.engine.Engine | ROLLBACK
2026-08-05 14:05:32 | INFO     | fundflow | Using cached discovery (20 companies, 0.2h old)
2026-08-05 14:05:32,058 INFO sqlalchemy.engine.Engine BEGIN (implicit)
2026-08-05 14:05:32 | INFO     | sqlalchemy.engine.Engine | BEGIN (implicit)
2026-08-05 14:05:32,058 INFO sqlalchemy.engine.Engine SELECT resumes.id AS resumes_id, resumes.original_filename AS resumes_original_filename, resumes.file_path AS resumes_file_path, resumes.name AS resumes_name, resumes.email AS resumes_email, resumes.phone AS resumes_phone, resumes.location AS resumes_location, resumes.summary AS resumes_summary, resumes.skills AS resumes_skills, resumes.experience AS resumes_experience, resumes.education AS resumes_education, resumes.projects AS resumes_projects, resumes.certifications AS resumes_certifications, resumes.technologies AS resumes_technologies, resumes.strengths AS resumes_strengths, resumes.analysis_json AS resumes_analysis_json, resumes.raw_text AS resumes_raw_text, resumes.file_size AS resumes_file_size, resumes.parsed_at AS resumes_parsed_at 
FROM resumes ORDER BY resumes.parsed_at DESC
 LIMIT ? OFFSET ?
2026-08-05 14:05:32 | INFO     | sqlalchemy.engine.Engine | SELECT resumes.id AS resumes_id, resumes.original_filename AS resumes_original_filename, resumes.file_path AS resumes_file_path, resumes.name AS resumes_name, resumes.email AS resumes_email, resumes.phone AS resumes_phone, resumes.location AS resumes_location, resumes.summary AS resumes_summary, resumes.skills AS resumes_skills, resumes.experience AS resumes_experience, resumes.education AS resumes_education, resumes.projects AS resumes_projects, resumes.certifications AS resumes_certifications, resumes.technologies AS resumes_technologies, resumes.strengths AS resumes_strengths, resumes.analysis_json AS resumes_analysis_json, resumes.raw_text AS resumes_raw_text, resumes.file_size AS resumes_file_size, resumes.parsed_at AS resumes_parsed_at 
FROM resumes ORDER BY resumes.parsed_at DESC
 LIMIT ? OFFSET ?
2026-08-05 14:05:32,058 INFO sqlalchemy.engine.Engine [cached since 857.6s ago] (1, 0)
2026-08-05 14:05:32 | INFO     | sqlalchemy.engine.Engine | [cached since 857.6s ago] (1, 0)
2026-08-05 14:05:36 | ERROR    | fundflow | Cover letter OpenRouter call failed: Error code: 429 - {'error': {'message': 'Rate limit exceeded: free-models-per-day. Add 10 credits to unlock 1000 free model requests per day', 'code': 429, 'metadata': {'headers': {'X-RateLimit-Limit': '50', 'X-RateLimit-Remaining': '0', 'X-RateLimit-Reset': '1785974400000'}, 'limit_source': 'openrouter_free_tier_daily', 'remedy_hint': 'Wait for the daily reset (see X-RateLimit-Reset), or purchase credits to raise your free-model daily limit.', 'provider_name': None, 'previous_errors': [{'code': 429, 'message': 'Rate limit exceeded: free-models-per-day. Add 10 credits to unlock 1000 free model requests per day'}]}}, 'user_id': 'user_3FlILifPNzaduvBLcAWo2dbMqbg'}
2026-08-05 14:05:36 | ERROR    | fundflow | Cover letter generation failed: Error code: 429 - {'error': {'message': 'Rate limit exceeded: free-models-per-day. Add 10 credits to unlock 1000 free model requests per day', 'code': 429, 'metadata': {'headers': {'X-RateLimit-Limit': '50', 'X-RateLimit-Remaining': '0', 'X-RateLimit-Reset': '1785974400000'}, 'limit_source': 'openrouter_free_tier_daily', 'remedy_hint': 'Wait for the daily reset (see X-RateLimit-Reset), or purchase credits to raise your free-model daily limit.', 'provider_name': None, 'previous_errors': [{'code': 429, 'message': 'Rate limit exceeded: free-models-per-day. Add 10 credits to unlock 1000 free model requests per day'}]}}, 'user_id': 'user_3FlILifPNzaduvBLcAWo2dbMqbg'}
2026-08-05 14:05:36,036 INFO sqlalchemy.engine.Engine ROLLBACK
2026-08-05 14:05:36 | INFO     | sqlalchemy.engine.Engine | ROLLBACK
2026-08-05 14:05:36 | WARNING  | fundflow | HTTP error (request_id=9b399b52-4239-4544-979f-d3dd0f810e4c): 503 - Cover letter generation is temporarily unavailable. Please try again.
INFO:     127.0.0.1:63870 - "POST /api/documents/generate HTTP/1.1" 503 Service Unavailable
INFO:     127.0.0.1:63876 - "GET /api/health HTTP/1.1" 200 OK
INFO:     127.0.0.1:63878 - "OPTIONS /api/workflow/weekly-report HTTP/1.1" 200 OK
2026-08-05 14:06:34 | INFO     | fundflow | Using cached discovery (20 companies, 0.2h old)
2026-08-05 14:06:34,870 INFO sqlalchemy.engine.Engine BEGIN (implicit)
2026-08-05 14:06:34 | INFO     | sqlalchemy.engine.Engine | BEGIN (implicit)
2026-08-05 14:06:34,870 INFO sqlalchemy.engine.Engine SELECT resumes.id AS resumes_id, resumes.original_filename AS resumes_original_filename, resumes.file_path AS resumes_file_path, resumes.name AS resumes_name, resumes.email AS resumes_email, resumes.phone AS resumes_phone, resumes.location AS resumes_location, resumes.summary AS resumes_summary, resumes.skills AS resumes_skills, resumes.experience AS resumes_experience, resumes.education AS resumes_education, resumes.projects AS resumes_projects, resumes.certifications AS resumes_certifications, resumes.technologies AS resumes_technologies, resumes.strengths AS resumes_strengths, resumes.analysis_json AS resumes_analysis_json, resumes.raw_text AS resumes_raw_text, resumes.file_size AS resumes_file_size, resumes.parsed_at AS resumes_parsed_at 
FROM resumes ORDER BY resumes.parsed_at DESC
 LIMIT ? OFFSET ?
2026-08-05 14:06:34 | INFO     | sqlalchemy.engine.Engine | SELECT resumes.id AS resumes_id, resumes.original_filename AS resumes_original_filename, resumes.file_path AS resumes_file_path, resumes.name AS resumes_name, resumes.email AS resumes_email, resumes.phone AS resumes_phone, resumes.location AS resumes_location, resumes.summary AS resumes_summary, resumes.skills AS resumes_skills, resumes.experience AS resumes_experience, resumes.education AS resumes_education, resumes.projects AS resumes_projects, resumes.certifications AS resumes_certifications, resumes.technologies AS resumes_technologies, resumes.strengths AS resumes_strengths, resumes.analysis_json AS resumes_analysis_json, resumes.raw_text AS resumes_raw_text, resumes.file_size AS resumes_file_size, resumes.parsed_at AS resumes_parsed_at 
FROM resumes ORDER BY resumes.parsed_at DESC
 LIMIT ? OFFSET ?
2026-08-05 14:06:34,870 INFO sqlalchemy.engine.Engine [cached since 920.4s ago] (1, 0)
2026-08-05 14:06:34 | INFO     | sqlalchemy.engine.Engine | [cached since 920.4s ago] (1, 0)
INFO:     127.0.0.1:63880 - "GET /api/companies?limit=2 HTTP/1.1" 200 OK
2026-08-05 14:06:34,870 INFO sqlalchemy.engine.Engine ROLLBACK
2026-08-05 14:06:34 | INFO     | sqlalchemy.engine.Engine | ROLLBACK
2026-08-05 14:06:35,194 INFO sqlalchemy.engine.Engine BEGIN (implicit)
2026-08-05 14:06:35 | INFO     | sqlalchemy.engine.Engine | BEGIN (implicit)
2026-08-05 14:06:35,194 INFO sqlalchemy.engine.Engine SELECT resumes.id AS resumes_id, resumes.original_filename AS resumes_original_filename, resumes.file_path AS resumes_file_path, resumes.name AS resumes_name, resumes.email AS resumes_email, resumes.phone AS resumes_phone, resumes.location AS resumes_location, resumes.summary AS resumes_summary, resumes.skills AS resumes_skills, resumes.experience AS resumes_experience, resumes.education AS resumes_education, resumes.projects AS resumes_projects, resumes.certifications AS resumes_certifications, resumes.technologies AS resumes_technologies, resumes.strengths AS resumes_strengths, resumes.analysis_json AS resumes_analysis_json, resumes.raw_text AS resumes_raw_text, resumes.file_size AS resumes_file_size, resumes.parsed_at AS resumes_parsed_at 
FROM resumes ORDER BY resumes.parsed_at DESC
 LIMIT ? OFFSET ?
2026-08-05 14:06:35 | INFO     | sqlalchemy.engine.Engine | SELECT resumes.id AS resumes_id, resumes.original_filename AS resumes_original_filename, resumes.file_path AS resumes_file_path, resumes.name AS resumes_name, resumes.email AS resumes_email, resumes.phone AS resumes_phone, resumes.location AS resumes_location, resumes.summary AS resumes_summary, resumes.skills AS resumes_skills, resumes.experience AS resumes_experience, resumes.education AS resumes_education, resumes.projects AS resumes_projects, resumes.certifications AS resumes_certifications, resumes.technologies AS resumes_technologies, resumes.strengths AS resumes_strengths, resumes.analysis_json AS resumes_analysis_json, resumes.raw_text AS resumes_raw_text, resumes.file_size AS resumes_file_size, resumes.parsed_at AS resumes_parsed_at 
FROM resumes ORDER BY resumes.parsed_at DESC
 LIMIT ? OFFSET ?
2026-08-05 14:06:35,194 INFO sqlalchemy.engine.Engine [cached since 920.8s ago] (1, 0)
2026-08-05 14:06:35 | INFO     | sqlalchemy.engine.Engine | [cached since 920.8s ago] (1, 0)
INFO:     127.0.0.1:63882 - "GET /api/resume/latest HTTP/1.1" 200 OK
2026-08-05 14:06:35,194 INFO sqlalchemy.engine.Engine ROLLBACK
2026-08-05 14:06:35 | INFO     | sqlalchemy.engine.Engine | ROLLBACK
2026-08-05 14:06:35 | INFO     | fundflow | [Workflow] Reading Resume (0.30s)
2026-08-05 14:06:35,531 INFO sqlalchemy.engine.Engine BEGIN (implicit)
2026-08-05 14:06:35 | INFO     | sqlalchemy.engine.Engine | BEGIN (implicit)
2026-08-05 14:06:35,531 INFO sqlalchemy.engine.Engine SELECT resumes.id AS resumes_id, resumes.original_filename AS resumes_original_filename, resumes.file_path AS resumes_file_path, resumes.name AS resumes_name, resumes.email AS resumes_email, resumes.phone AS resumes_phone, resumes.location AS resumes_location, resumes.summary AS resumes_summary, resumes.skills AS resumes_skills, resumes.experience AS resumes_experience, resumes.education AS resumes_education, resumes.projects AS resumes_projects, resumes.certifications AS resumes_certifications, resumes.technologies AS resumes_technologies, resumes.strengths AS resumes_strengths, resumes.analysis_json AS resumes_analysis_json, resumes.raw_text AS resumes_raw_text, resumes.file_size AS resumes_file_size, resumes.parsed_at AS resumes_parsed_at 
FROM resumes ORDER BY resumes.parsed_at DESC
 LIMIT ? OFFSET ?
2026-08-05 14:06:35 | INFO     | sqlalchemy.engine.Engine | SELECT resumes.id AS resumes_id, resumes.original_filename AS resumes_original_filename, resumes.file_path AS resumes_file_path, resumes.name AS resumes_name, resumes.email AS resumes_email, resumes.phone AS resumes_phone, resumes.location AS resumes_location, resumes.summary AS resumes_summary, resumes.skills AS resumes_skills, resumes.experience AS resumes_experience, resumes.education AS resumes_education, resumes.projects AS resumes_projects, resumes.certifications AS resumes_certifications, resumes.technologies AS resumes_technologies, resumes.strengths AS resumes_strengths, resumes.analysis_json AS resumes_analysis_json, resumes.raw_text AS resumes_raw_text, resumes.file_size AS resumes_file_size, resumes.parsed_at AS resumes_parsed_at 
FROM resumes ORDER BY resumes.parsed_at DESC
 LIMIT ? OFFSET ?
2026-08-05 14:06:35,531 INFO sqlalchemy.engine.Engine [cached since 921.1s ago] (1, 0)
2026-08-05 14:06:35 | INFO     | sqlalchemy.engine.Engine | [cached since 921.1s ago] (1, 0)
2026-08-05 14:06:35 | INFO     | fundflow | [Workflow] Understanding Candidate Profile (0.30s)
2026-08-05 14:06:35 | INFO     | fundflow | [Workflow] Discovering High-Growth AI Companies (0.40s)
2026-08-05 14:06:35 | INFO     | fundflow | Using cached discovery (20 companies, 0.2h old)
2026-08-05 14:06:35 | INFO     | fundflow | [Workflow] Matching Skills (0.30s)
2026-08-05 14:06:35 | INFO     | fundflow | [Workflow] Ranking Opportunities (0.30s)
2026-08-05 14:06:35 | INFO     | fundflow | [Workflow] Generating Cover Letter (0.40s)
2026-08-05 14:06:39 | ERROR    | fundflow | Cover letter OpenRouter call failed: Error code: 429 - {'error': {'message': 'Rate limit exceeded: free-models-per-day. Add 10 credits to unlock 1000 free model requests per day', 'code': 429, 'metadata': {'headers': {'X-RateLimit-Limit': '50', 'X-RateLimit-Remaining': '0', 'X-RateLimit-Reset': '1785974400000'}, 'limit_source': 'openrouter_free_tier_daily', 'remedy_hint': 'Wait for the daily reset (see X-RateLimit-Reset), or purchase credits to raise your free-model daily limit.', 'provider_name': None, 'previous_errors': [{'code': 429, 'message': 'Rate limit exceeded: free-models-per-day. Add 10 credits to unlock 1000 free model requests per day'}]}}, 'user_id': 'user_3FlILifPNzaduvBLcAWo2dbMqbg'}
2026-08-05 14:06:39 | ERROR    | fundflow | Cover letter generation failed: Error code: 429 - {'error': {'message': 'Rate limit exceeded: free-models-per-day. Add 10 credits to unlock 1000 free model requests per day', 'code': 429, 'metadata': {'headers': {'X-RateLimit-Limit': '50', 'X-RateLimit-Remaining': '0', 'X-RateLimit-Reset': '1785974400000'}, 'limit_source': 'openrouter_free_tier_daily', 'remedy_hint': 'Wait for the daily reset (see X-RateLimit-Reset), or purchase credits to raise your free-model daily limit.', 'provider_name': None, 'previous_errors': [{'code': 429, 'message': 'Rate limit exceeded: free-models-per-day. Add 10 credits to unlock 1000 free model requests per day'}]}}, 'user_id': 'user_3FlILifPNzaduvBLcAWo2dbMqbg'}
2026-08-05 14:06:39 | INFO     | fundflow | [Workflow] Preparing Weekly Career Report (0.40s)
INFO:     127.0.0.1:63884 - "POST /api/workflow/weekly-report HTTP/1.1" 200 OK
2026-08-05 14:06:39,932 INFO sqlalchemy.engine.Engine ROLLBACK
2026-08-05 14:06:39 | INFO     | sqlalchemy.engine.Engine | ROLLBACK
2026-08-05 14:09:47 | INFO     | fundflow | Using cached discovery (20 companies, 0.3h old)
2026-08-05 14:09:47,038 INFO sqlalchemy.engine.Engine BEGIN (implicit)
2026-08-05 14:09:47 | INFO     | sqlalchemy.engine.Engine | BEGIN (implicit)
2026-08-05 14:09:47,038 INFO sqlalchemy.engine.Engine SELECT resumes.id AS resumes_id, resumes.original_filename AS resumes_original_filename, resumes.file_path AS resumes_file_path, resumes.name AS resumes_name, resumes.email AS resumes_email, resumes.phone AS resumes_phone, resumes.location AS resumes_location, resumes.summary AS resumes_summary, resumes.skills AS resumes_skills, resumes.experience AS resumes_experience, resumes.education AS resumes_education, resumes.projects AS resumes_projects, resumes.certifications AS resumes_certifications, resumes.technologies AS resumes_technologies, resumes.strengths AS resumes_strengths, resumes.analysis_json AS resumes_analysis_json, resumes.raw_text AS resumes_raw_text, resumes.file_size AS resumes_file_size, resumes.parsed_at AS resumes_parsed_at 
FROM resumes ORDER BY resumes.parsed_at DESC
 LIMIT ? OFFSET ?
2026-08-05 14:09:47 | INFO     | sqlalchemy.engine.Engine | SELECT resumes.id AS resumes_id, resumes.original_filename AS resumes_original_filename, resumes.file_path AS resumes_file_path, resumes.name AS resumes_name, resumes.email AS resumes_email, resumes.phone AS resumes_phone, resumes.location AS resumes_location, resumes.summary AS resumes_summary, resumes.skills AS resumes_skills, resumes.experience AS resumes_experience, resumes.education AS resumes_education, resumes.projects AS resumes_projects, resumes.certifications AS resumes_certifications, resumes.technologies AS resumes_technologies, resumes.strengths AS resumes_strengths, resumes.analysis_json AS resumes_analysis_json, resumes.raw_text AS resumes_raw_text, resumes.file_size AS resumes_file_size, resumes.parsed_at AS resumes_parsed_at 
FROM resumes ORDER BY resumes.parsed_at DESC
 LIMIT ? OFFSET ?
2026-08-05 14:09:47,038 INFO sqlalchemy.engine.Engine [cached since 1113s ago] (1, 0)
2026-08-05 14:09:47 | INFO     | sqlalchemy.engine.Engine | [cached since 1113s ago] (1, 0)
INFO:     127.0.0.1:57394 - "GET /api/companies HTTP/1.1" 200 OK
2026-08-05 14:09:47,052 INFO sqlalchemy.engine.Engine ROLLBACK
2026-08-05 14:09:47 | INFO     | sqlalchemy.engine.Engine | ROLLBACK
2026-08-05 14:09:47 | INFO     | fundflow | Using cached discovery (20 companies, 0.3h old)
2026-08-05 14:09:47,069 INFO sqlalchemy.engine.Engine BEGIN (implicit)
2026-08-05 14:09:47 | INFO     | sqlalchemy.engine.Engine | BEGIN (implicit)
2026-08-05 14:09:47,069 INFO sqlalchemy.engine.Engine SELECT resumes.id AS resumes_id, resumes.original_filename AS resumes_original_filename, resumes.file_path AS resumes_file_path, resumes.name AS resumes_name, resumes.email AS resumes_email, resumes.phone AS resumes_phone, resumes.location AS resumes_location, resumes.summary AS resumes_summary, resumes.skills AS resumes_skills, resumes.experience AS resumes_experience, resumes.education AS resumes_education, resumes.projects AS resumes_projects, resumes.certifications AS resumes_certifications, resumes.technologies AS resumes_technologies, resumes.strengths AS resumes_strengths, resumes.analysis_json AS resumes_analysis_json, resumes.raw_text AS resumes_raw_text, resumes.file_size AS resumes_file_size, resumes.parsed_at AS resumes_parsed_at 
FROM resumes ORDER BY resumes.parsed_at DESC
 LIMIT ? OFFSET ?
2026-08-05 14:09:47 | INFO     | sqlalchemy.engine.Engine | SELECT resumes.id AS resumes_id, resumes.original_filename AS resumes_original_filename, resumes.file_path AS resumes_file_path, resumes.name AS resumes_name, resumes.email AS resumes_email, resumes.phone AS resumes_phone, resumes.location AS resumes_location, resumes.summary AS resumes_summary, resumes.skills AS resumes_skills, resumes.experience AS resumes_experience, resumes.education AS resumes_education, resumes.projects AS resumes_projects, resumes.certifications AS resumes_certifications, resumes.technologies AS resumes_technologies, resumes.strengths AS resumes_strengths, resumes.analysis_json AS resumes_analysis_json, resumes.raw_text AS resumes_raw_text, resumes.file_size AS resumes_file_size, resumes.parsed_at AS resumes_parsed_at 
FROM resumes ORDER BY resumes.parsed_at DESC
 LIMIT ? OFFSET ?
2026-08-05 14:09:47,069 INFO sqlalchemy.engine.Engine [cached since 1113s ago] (1, 0)
2026-08-05 14:09:47 | INFO     | sqlalchemy.engine.Engine | [cached since 1113s ago] (1, 0)
INFO:     127.0.0.1:57396 - "GET /api/companies HTTP/1.1" 200 OK
2026-08-05 14:09:47,085 INFO sqlalchemy.engine.Engine ROLLBACK
2026-08-05 14:09:47 | INFO     | sqlalchemy.engine.Engine | ROLLBACK
2026-08-05 14:13:02,598 INFO sqlalchemy.engine.Engine BEGIN (implicit)
2026-08-05 14:13:02 | INFO     | sqlalchemy.engine.Engine | BEGIN (implicit)
2026-08-05 14:13:02,598 INFO sqlalchemy.engine.Engine SELECT resumes.id AS resumes_id, resumes.original_filename AS resumes_original_filename, resumes.file_path AS resumes_file_path, resumes.name AS resumes_name, resumes.email AS resumes_email, resumes.phone AS resumes_phone, resumes.location AS resumes_location, resumes.summary AS resumes_summary, resumes.skills AS resumes_skills, resumes.experience AS resumes_experience, resumes.education AS resumes_education, resumes.projects AS resumes_projects, resumes.certifications AS resumes_certifications, resumes.technologies AS resumes_technologies, resumes.strengths AS resumes_strengths, resumes.analysis_json AS resumes_analysis_json, resumes.raw_text AS resumes_raw_text, resumes.file_size AS resumes_file_size, resumes.parsed_at AS resumes_parsed_at 
FROM resumes ORDER BY resumes.parsed_at DESC
 LIMIT ? OFFSET ?
2026-08-05 14:13:02 | INFO     | sqlalchemy.engine.Engine | SELECT resumes.id AS resumes_id, resumes.original_filename AS resumes_original_filename, resumes.file_path AS resumes_file_path, resumes.name AS resumes_name, resumes.email AS resumes_email, resumes.phone AS resumes_phone, resumes.location AS resumes_location, resumes.summary AS resumes_summary, resumes.skills AS resumes_skills, resumes.experience AS resumes_experience, resumes.education AS resumes_education, resumes.projects AS resumes_projects, resumes.certifications AS resumes_certifications, resumes.technologies AS resumes_technologies, resumes.strengths AS resumes_strengths, resumes.analysis_json AS resumes_analysis_json, resumes.raw_text AS resumes_raw_text, resumes.file_size AS resumes_file_size, resumes.parsed_at AS resumes_parsed_at 
FROM resumes ORDER BY resumes.parsed_at DESC
 LIMIT ? OFFSET ?
2026-08-05 14:13:02,598 INFO sqlalchemy.engine.Engine [cached since 1308s ago] (1, 0)
2026-08-05 14:13:02 | INFO     | sqlalchemy.engine.Engine | [cached since 1308s ago] (1, 0)
INFO:     127.0.0.1:55153 - "GET /api/resume/latest HTTP/1.1" 200 OK
2026-08-05 14:13:02,602 INFO sqlalchemy.engine.Engine ROLLBACK
2026-08-05 14:13:02 | INFO     | sqlalchemy.engine.Engine | ROLLBACK
2026-08-05 14:13:02,604 INFO sqlalchemy.engine.Engine BEGIN (implicit)
2026-08-05 14:13:02 | INFO     | sqlalchemy.engine.Engine | BEGIN (implicit)
2026-08-05 14:13:02,608 INFO sqlalchemy.engine.Engine SELECT resumes.id AS resumes_id, resumes.original_filename AS resumes_original_filename, resumes.file_path AS resumes_file_path, resumes.name AS resumes_name, resumes.email AS resumes_email, resumes.phone AS resumes_phone, resumes.location AS resumes_location, resumes.summary AS resumes_summary, resumes.skills AS resumes_skills, resumes.experience AS resumes_experience, resumes.education AS resumes_education, resumes.projects AS resumes_projects, resumes.certifications AS resumes_certifications, resumes.technologies AS resumes_technologies, resumes.strengths AS resumes_strengths, resumes.analysis_json AS resumes_analysis_json, resumes.raw_text AS resumes_raw_text, resumes.file_size AS resumes_file_size, resumes.parsed_at AS resumes_parsed_at 
FROM resumes ORDER BY resumes.parsed_at DESC
 LIMIT ? OFFSET ?
2026-08-05 14:13:02 | INFO     | sqlalchemy.engine.Engine | SELECT resumes.id AS resumes_id, resumes.original_filename AS resumes_original_filename, resumes.file_path AS resumes_file_path, resumes.name AS resumes_name, resumes.email AS resumes_email, resumes.phone AS resumes_phone, resumes.location AS resumes_location, resumes.summary AS resumes_summary, resumes.skills AS resumes_skills, resumes.experience AS resumes_experience, resumes.education AS resumes_education, resumes.projects AS resumes_projects, resumes.certifications AS resumes_certifications, resumes.technologies AS resumes_technologies, resumes.strengths AS resumes_strengths, resumes.analysis_json AS resumes_analysis_json, resumes.raw_text AS resumes_raw_text, resumes.file_size AS resumes_file_size, resumes.parsed_at AS resumes_parsed_at 
FROM resumes ORDER BY resumes.parsed_at DESC
 LIMIT ? OFFSET ?
2026-08-05 14:13:02,608 INFO sqlalchemy.engine.Engine [cached since 1308s ago] (1, 0)
2026-08-05 14:13:02 | INFO     | sqlalchemy.engine.Engine | [cached since 1308s ago] (1, 0)
INFO:     127.0.0.1:55155 - "GET /api/resume/latest HTTP/1.1" 200 OK
2026-08-05 14:13:02,610 INFO sqlalchemy.engine.Engine ROLLBACK
2026-08-05 14:13:02 | INFO     | sqlalchemy.engine.Engine | ROLLBACK
2026-08-05 14:13:02,700 INFO sqlalchemy.engine.Engine BEGIN (implicit)
2026-08-05 14:13:02 | INFO     | sqlalchemy.engine.Engine | BEGIN (implicit)
2026-08-05 14:13:02,700 INFO sqlalchemy.engine.Engine SELECT resumes.id AS resumes_id, resumes.original_filename AS resumes_original_filename, resumes.file_path AS resumes_file_path, resumes.name AS resumes_name, resumes.email AS resumes_email, resumes.phone AS resumes_phone, resumes.location AS resumes_location, resumes.summary AS resumes_summary, resumes.skills AS resumes_skills, resumes.experience AS resumes_experience, resumes.education AS resumes_education, resumes.projects AS resumes_projects, resumes.certifications AS resumes_certifications, resumes.technologies AS resumes_technologies, resumes.strengths AS resumes_strengths, resumes.analysis_json AS resumes_analysis_json, resumes.raw_text AS resumes_raw_text, resumes.file_size AS resumes_file_size, resumes.parsed_at AS resumes_parsed_at 
FROM resumes ORDER BY resumes.parsed_at DESC
 LIMIT ? OFFSET ?
2026-08-05 14:13:02 | INFO     | sqlalchemy.engine.Engine | SELECT resumes.id AS resumes_id, resumes.original_filename AS resumes_original_filename, resumes.file_path AS resumes_file_path, resumes.name AS resumes_name, resumes.email AS resumes_email, resumes.phone AS resumes_phone, resumes.location AS resumes_location, resumes.summary AS resumes_summary, resumes.skills AS resumes_skills, resumes.experience AS resumes_experience, resumes.education AS resumes_education, resumes.projects AS resumes_projects, resumes.certifications AS resumes_certifications, resumes.technologies AS resumes_technologies, resumes.strengths AS resumes_strengths, resumes.analysis_json AS resumes_analysis_json, resumes.raw_text AS resumes_raw_text, resumes.file_size AS resumes_file_size, resumes.parsed_at AS resumes_parsed_at 
FROM resumes ORDER BY resumes.parsed_at DESC
 LIMIT ? OFFSET ?
2026-08-05 14:13:02,700 INFO sqlalchemy.engine.Engine [cached since 1308s ago] (1, 0)
2026-08-05 14:13:02 | INFO     | sqlalchemy.engine.Engine | [cached since 1308s ago] (1, 0)
INFO:     127.0.0.1:64076 - "GET /api/resume/latest HTTP/1.1" 200 OK
2026-08-05 14:13:02,707 INFO sqlalchemy.engine.Engine ROLLBACK
2026-08-05 14:13:02 | INFO     | sqlalchemy.engine.Engine | ROLLBACK
2026-08-05 14:13:02,719 INFO sqlalchemy.engine.Engine BEGIN (implicit)
2026-08-05 14:13:02 | INFO     | sqlalchemy.engine.Engine | BEGIN (implicit)
2026-08-05 14:13:02,719 INFO sqlalchemy.engine.Engine SELECT resumes.id AS resumes_id, resumes.original_filename AS resumes_original_filename, resumes.file_path AS resumes_file_path, resumes.name AS resumes_name, resumes.email AS resumes_email, resumes.phone AS resumes_phone, resumes.location AS resumes_location, resumes.summary AS resumes_summary, resumes.skills AS resumes_skills, resumes.experience AS resumes_experience, resumes.education AS resumes_education, resumes.projects AS resumes_projects, resumes.certifications AS resumes_certifications, resumes.technologies AS resumes_technologies, resumes.strengths AS resumes_strengths, resumes.analysis_json AS resumes_analysis_json, resumes.raw_text AS resumes_raw_text, resumes.file_size AS resumes_file_size, resumes.parsed_at AS resumes_parsed_at 
FROM resumes ORDER BY resumes.parsed_at DESC
 LIMIT ? OFFSET ?
2026-08-05 14:13:02 | INFO     | sqlalchemy.engine.Engine | SELECT resumes.id AS resumes_id, resumes.original_filename AS resumes_original_filename, resumes.file_path AS resumes_file_path, resumes.name AS resumes_name, resumes.email AS resumes_email, resumes.phone AS resumes_phone, resumes.location AS resumes_location, resumes.summary AS resumes_summary, resumes.skills AS resumes_skills, resumes.experience AS resumes_experience, resumes.education AS resumes_education, resumes.projects AS resumes_projects, resumes.certifications AS resumes_certifications, resumes.technologies AS resumes_technologies, resumes.strengths AS resumes_strengths, resumes.analysis_json AS resumes_analysis_json, resumes.raw_text AS resumes_raw_text, resumes.file_size AS resumes_file_size, resumes.parsed_at AS resumes_parsed_at 
FROM resumes ORDER BY resumes.parsed_at DESC
 LIMIT ? OFFSET ?
2026-08-05 14:13:02,719 INFO sqlalchemy.engine.Engine [cached since 1308s ago] (1, 0)
2026-08-05 14:13:02 | INFO     | sqlalchemy.engine.Engine | [cached since 1308s ago] (1, 0)
INFO:     127.0.0.1:64078 - "GET /api/resume/latest HTTP/1.1" 200 OK
2026-08-05 14:13:02,724 INFO sqlalchemy.engine.Engine ROLLBACK
2026-08-05 14:13:02 | INFO     | sqlalchemy.engine.Engine | ROLLBACK
2026-08-05 14:13:02,861 INFO sqlalchemy.engine.Engine BEGIN (implicit)
2026-08-05 14:13:02 | INFO     | sqlalchemy.engine.Engine | BEGIN (implicit)
2026-08-05 14:13:02,861 INFO sqlalchemy.engine.Engine SELECT resumes.id AS resumes_id, resumes.original_filename AS resumes_original_filename, resumes.file_path AS resumes_file_path, resumes.name AS resumes_name, resumes.email AS resumes_email, resumes.phone AS resumes_phone, resumes.location AS resumes_location, resumes.summary AS resumes_summary, resumes.skills AS resumes_skills, resumes.experience AS resumes_experience, resumes.education AS resumes_education, resumes.projects AS resumes_projects, resumes.certifications AS resumes_certifications, resumes.technologies AS resumes_technologies, resumes.strengths AS resumes_strengths, resumes.analysis_json AS resumes_analysis_json, resumes.raw_text AS resumes_raw_text, resumes.file_size AS resumes_file_size, resumes.parsed_at AS resumes_parsed_at 
FROM resumes ORDER BY resumes.parsed_at DESC
 LIMIT ? OFFSET ?
2026-08-05 14:13:02 | INFO     | sqlalchemy.engine.Engine | SELECT resumes.id AS resumes_id, resumes.original_filename AS resumes_original_filename, resumes.file_path AS resumes_file_path, resumes.name AS resumes_name, resumes.email AS resumes_email, resumes.phone AS resumes_phone, resumes.location AS resumes_location, resumes.summary AS resumes_summary, resumes.skills AS resumes_skills, resumes.experience AS resumes_experience, resumes.education AS resumes_education, resumes.projects AS resumes_projects, resumes.certifications AS resumes_certifications, resumes.technologies AS resumes_technologies, resumes.strengths AS resumes_strengths, resumes.analysis_json AS resumes_analysis_json, resumes.raw_text AS resumes_raw_text, resumes.file_size AS resumes_file_size, resumes.parsed_at AS resumes_parsed_at 
FROM resumes ORDER BY resumes.parsed_at DESC
 LIMIT ? OFFSET ?
2026-08-05 14:13:02,861 INFO sqlalchemy.engine.Engine [cached since 1308s ago] (1, 0)
2026-08-05 14:13:02 | INFO     | sqlalchemy.engine.Engine | [cached since 1308s ago] (1, 0)
INFO:     127.0.0.1:63151 - "GET /api/resume/latest HTTP/1.1" 200 OK
2026-08-05 14:13:02,865 INFO sqlalchemy.engine.Engine ROLLBACK
2026-08-05 14:13:02 | INFO     | sqlalchemy.engine.Engine | ROLLBACK
2026-08-05 14:13:02,878 INFO sqlalchemy.engine.Engine BEGIN (implicit)
2026-08-05 14:13:02 | INFO     | sqlalchemy.engine.Engine | BEGIN (implicit)
2026-08-05 14:13:02,878 INFO sqlalchemy.engine.Engine SELECT resumes.id AS resumes_id, resumes.original_filename AS resumes_original_filename, resumes.file_path AS resumes_file_path, resumes.name AS resumes_name, resumes.email AS resumes_email, resumes.phone AS resumes_phone, resumes.location AS resumes_location, resumes.summary AS resumes_summary, resumes.skills AS resumes_skills, resumes.experience AS resumes_experience, resumes.education AS resumes_education, resumes.projects AS resumes_projects, resumes.certifications AS resumes_certifications, resumes.technologies AS resumes_technologies, resumes.strengths AS resumes_strengths, resumes.analysis_json AS resumes_analysis_json, resumes.raw_text AS resumes_raw_text, resumes.file_size AS resumes_file_size, resumes.parsed_at AS resumes_parsed_at 
FROM resumes ORDER BY resumes.parsed_at DESC
 LIMIT ? OFFSET ?
2026-08-05 14:13:02 | INFO     | sqlalchemy.engine.Engine | SELECT resumes.id AS resumes_id, resumes.original_filename AS resumes_original_filename, resumes.file_path AS resumes_file_path, resumes.name AS resumes_name, resumes.email AS resumes_email, resumes.phone AS resumes_phone, resumes.location AS resumes_location, resumes.summary AS resumes_summary, resumes.skills AS resumes_skills, resumes.experience AS resumes_experience, resumes.education AS resumes_education, resumes.projects AS resumes_projects, resumes.certifications AS resumes_certifications, resumes.technologies AS resumes_technologies, resumes.strengths AS resumes_strengths, resumes.analysis_json AS resumes_analysis_json, resumes.raw_text AS resumes_raw_text, resumes.file_size AS resumes_file_size, resumes.parsed_at AS resumes_parsed_at 
FROM resumes ORDER BY resumes.parsed_at DESC
 LIMIT ? OFFSET ?
2026-08-05 14:13:02,881 INFO sqlalchemy.engine.Engine [cached since 1308s ago] (1, 0)
2026-08-05 14:13:02 | INFO     | sqlalchemy.engine.Engine | [cached since 1308s ago] (1, 0)
INFO:     127.0.0.1:63153 - "GET /api/resume/latest HTTP/1.1" 200 OK
2026-08-05 14:13:02,884 INFO sqlalchemy.engine.Engine ROLLBACK
2026-08-05 14:13:02 | INFO     | sqlalchemy.engine.Engine | ROLLBACK
2026-08-05 14:13:03,009 INFO sqlalchemy.engine.Engine BEGIN (implicit)
2026-08-05 14:13:03 | INFO     | sqlalchemy.engine.Engine | BEGIN (implicit)
2026-08-05 14:13:03,010 INFO sqlalchemy.engine.Engine SELECT resumes.id AS resumes_id, resumes.original_filename AS resumes_original_filename, resumes.file_path AS resumes_file_path, resumes.name AS resumes_name, resumes.email AS resumes_email, resumes.phone AS resumes_phone, resumes.location AS resumes_location, resumes.summary AS resumes_summary, resumes.skills AS resumes_skills, resumes.experience AS resumes_experience, resumes.education AS resumes_education, resumes.projects AS resumes_projects, resumes.certifications AS resumes_certifications, resumes.technologies AS resumes_technologies, resumes.strengths AS resumes_strengths, resumes.analysis_json AS resumes_analysis_json, resumes.raw_text AS resumes_raw_text, resumes.file_size AS resumes_file_size, resumes.parsed_at AS resumes_parsed_at 
FROM resumes ORDER BY resumes.parsed_at DESC
 LIMIT ? OFFSET ?
2026-08-05 14:13:03 | INFO     | sqlalchemy.engine.Engine | SELECT resumes.id AS resumes_id, resumes.original_filename AS resumes_original_filename, resumes.file_path AS resumes_file_path, resumes.name AS resumes_name, resumes.email AS resumes_email, resumes.phone AS resumes_phone, resumes.location AS resumes_location, resumes.summary AS resumes_summary, resumes.skills AS resumes_skills, resumes.experience AS resumes_experience, resumes.education AS resumes_education, resumes.projects AS resumes_projects, resumes.certifications AS resumes_certifications, resumes.technologies AS resumes_technologies, resumes.strengths AS resumes_strengths, resumes.analysis_json AS resumes_analysis_json, resumes.raw_text AS resumes_raw_text, resumes.file_size AS resumes_file_size, resumes.parsed_at AS resumes_parsed_at 
FROM resumes ORDER BY resumes.parsed_at DESC
 LIMIT ? OFFSET ?
2026-08-05 14:13:03,010 INFO sqlalchemy.engine.Engine [cached since 1309s ago] (1, 0)
2026-08-05 14:13:03 | INFO     | sqlalchemy.engine.Engine | [cached since 1309s ago] (1, 0)
INFO:     127.0.0.1:58124 - "GET /api/resume/latest HTTP/1.1" 200 OK
2026-08-05 14:13:03,012 INFO sqlalchemy.engine.Engine ROLLBACK
2026-08-05 14:13:03 | INFO     | sqlalchemy.engine.Engine | ROLLBACK
2026-08-05 14:13:03,024 INFO sqlalchemy.engine.Engine BEGIN (implicit)
2026-08-05 14:13:03 | INFO     | sqlalchemy.engine.Engine | BEGIN (implicit)
2026-08-05 14:13:03,025 INFO sqlalchemy.engine.Engine SELECT resumes.id AS resumes_id, resumes.original_filename AS resumes_original_filename, resumes.file_path AS resumes_file_path, resumes.name AS resumes_name, resumes.email AS resumes_email, resumes.phone AS resumes_phone, resumes.location AS resumes_location, resumes.summary AS resumes_summary, resumes.skills AS resumes_skills, resumes.experience AS resumes_experience, resumes.education AS resumes_education, resumes.projects AS resumes_projects, resumes.certifications AS resumes_certifications, resumes.technologies AS resumes_technologies, resumes.strengths AS resumes_strengths, resumes.analysis_json AS resumes_analysis_json, resumes.raw_text AS resumes_raw_text, resumes.file_size AS resumes_file_size, resumes.parsed_at AS resumes_parsed_at 
FROM resumes ORDER BY resumes.parsed_at DESC
 LIMIT ? OFFSET ?
2026-08-05 14:13:03 | INFO     | sqlalchemy.engine.Engine | SELECT resumes.id AS resumes_id, resumes.original_filename AS resumes_original_filename, resumes.file_path AS resumes_file_path, resumes.name AS resumes_name, resumes.email AS resumes_email, resumes.phone AS resumes_phone, resumes.location AS resumes_location, resumes.summary AS resumes_summary, resumes.skills AS resumes_skills, resumes.experience AS resumes_experience, resumes.education AS resumes_education, resumes.projects AS resumes_projects, resumes.certifications AS resumes_certifications, resumes.technologies AS resumes_technologies, resumes.strengths AS resumes_strengths, resumes.analysis_json AS resumes_analysis_json, resumes.raw_text AS resumes_raw_text, resumes.file_size AS resumes_file_size, resumes.parsed_at AS resumes_parsed_at 
FROM resumes ORDER BY resumes.parsed_at DESC
 LIMIT ? OFFSET ?
2026-08-05 14:13:03,025 INFO sqlalchemy.engine.Engine [cached since 1309s ago] (1, 0)
2026-08-05 14:13:03 | INFO     | sqlalchemy.engine.Engine | [cached since 1309s ago] (1, 0)
INFO:     127.0.0.1:58126 - "GET /api/resume/latest HTTP/1.1" 200 OK
2026-08-05 14:13:03,029 INFO sqlalchemy.engine.Engine ROLLBACK
2026-08-05 14:13:03 | INFO     | sqlalchemy.engine.Engine | ROLLBACK
2026-08-05 14:13:03,174 INFO sqlalchemy.engine.Engine BEGIN (implicit)
2026-08-05 14:13:03 | INFO     | sqlalchemy.engine.Engine | BEGIN (implicit)
2026-08-05 14:13:03,174 INFO sqlalchemy.engine.Engine SELECT resumes.id AS resumes_id, resumes.original_filename AS resumes_original_filename, resumes.file_path AS resumes_file_path, resumes.name AS resumes_name, resumes.email AS resumes_email, resumes.phone AS resumes_phone, resumes.location AS resumes_location, resumes.summary AS resumes_summary, resumes.skills AS resumes_skills, resumes.experience AS resumes_experience, resumes.education AS resumes_education, resumes.projects AS resumes_projects, resumes.certifications AS resumes_certifications, resumes.technologies AS resumes_technologies, resumes.strengths AS resumes_strengths, resumes.analysis_json AS resumes_analysis_json, resumes.raw_text AS resumes_raw_text, resumes.file_size AS resumes_file_size, resumes.parsed_at AS resumes_parsed_at 
FROM resumes ORDER BY resumes.parsed_at DESC
 LIMIT ? OFFSET ?
2026-08-05 14:13:03 | INFO     | sqlalchemy.engine.Engine | SELECT resumes.id AS resumes_id, resumes.original_filename AS resumes_original_filename, resumes.file_path AS resumes_file_path, resumes.name AS resumes_name, resumes.email AS resumes_email, resumes.phone AS resumes_phone, resumes.location AS resumes_location, resumes.summary AS resumes_summary, resumes.skills AS resumes_skills, resumes.experience AS resumes_experience, resumes.education AS resumes_education, resumes.projects AS resumes_projects, resumes.certifications AS resumes_certifications, resumes.technologies AS resumes_technologies, resumes.strengths AS resumes_strengths, resumes.analysis_json AS resumes_analysis_json, resumes.raw_text AS resumes_raw_text, resumes.file_size AS resumes_file_size, resumes.parsed_at AS resumes_parsed_at 
FROM resumes ORDER BY resumes.parsed_at DESC
 LIMIT ? OFFSET ?
2026-08-05 14:13:03,174 INFO sqlalchemy.engine.Engine [cached since 1309s ago] (1, 0)
2026-08-05 14:13:03 | INFO     | sqlalchemy.engine.Engine | [cached since 1309s ago] (1, 0)
INFO:     127.0.0.1:59327 - "GET /api/resume/latest HTTP/1.1" 200 OK
2026-08-05 14:13:03,179 INFO sqlalchemy.engine.Engine ROLLBACK
2026-08-05 14:13:03 | INFO     | sqlalchemy.engine.Engine | ROLLBACK
2026-08-05 14:13:03,187 INFO sqlalchemy.engine.Engine BEGIN (implicit)
2026-08-05 14:13:03 | INFO     | sqlalchemy.engine.Engine | BEGIN (implicit)
2026-08-05 14:13:03,189 INFO sqlalchemy.engine.Engine SELECT resumes.id AS resumes_id, resumes.original_filename AS resumes_original_filename, resumes.file_path AS resumes_file_path, resumes.name AS resumes_name, resumes.email AS resumes_email, resumes.phone AS resumes_phone, resumes.location AS resumes_location, resumes.summary AS resumes_summary, resumes.skills AS resumes_skills, resumes.experience AS resumes_experience, resumes.education AS resumes_education, resumes.projects AS resumes_projects, resumes.certifications AS resumes_certifications, resumes.technologies AS resumes_technologies, resumes.strengths AS resumes_strengths, resumes.analysis_json AS resumes_analysis_json, resumes.raw_text AS resumes_raw_text, resumes.file_size AS resumes_file_size, resumes.parsed_at AS resumes_parsed_at 
FROM resumes ORDER BY resumes.parsed_at DESC
 LIMIT ? OFFSET ?
2026-08-05 14:13:03 | INFO     | sqlalchemy.engine.Engine | SELECT resumes.id AS resumes_id, resumes.original_filename AS resumes_original_filename, resumes.file_path AS resumes_file_path, resumes.name AS resumes_name, resumes.email AS resumes_email, resumes.phone AS resumes_phone, resumes.location AS resumes_location, resumes.summary AS resumes_summary, resumes.skills AS resumes_skills, resumes.experience AS resumes_experience, resumes.education AS resumes_education, resumes.projects AS resumes_projects, resumes.certifications AS resumes_certifications, resumes.technologies AS resumes_technologies, resumes.strengths AS resumes_strengths, resumes.analysis_json AS resumes_analysis_json, resumes.raw_text AS resumes_raw_text, resumes.file_size AS resumes_file_size, resumes.parsed_at AS resumes_parsed_at 
FROM resumes ORDER BY resumes.parsed_at DESC
 LIMIT ? OFFSET ?
2026-08-05 14:13:03,189 INFO sqlalchemy.engine.Engine [cached since 1309s ago] (1, 0)
2026-08-05 14:13:03 | INFO     | sqlalchemy.engine.Engine | [cached since 1309s ago] (1, 0)
INFO:     127.0.0.1:59329 - "GET /api/resume/latest HTTP/1.1" 200 OK
2026-08-05 14:13:03,189 INFO sqlalchemy.engine.Engine ROLLBACK
2026-08-05 14:13:03 | INFO     | sqlalchemy.engine.Engine | ROLLBACK
2026-08-05 14:13:03,405 INFO sqlalchemy.engine.Engine BEGIN (implicit)
2026-08-05 14:13:03 | INFO     | sqlalchemy.engine.Engine | BEGIN (implicit)
2026-08-05 14:13:03,405 INFO sqlalchemy.engine.Engine SELECT resumes.id AS resumes_id, resumes.original_filename AS resumes_original_filename, resumes.file_path AS resumes_file_path, resumes.name AS resumes_name, resumes.email AS resumes_email, resumes.phone AS resumes_phone, resumes.location AS resumes_location, resumes.summary AS resumes_summary, resumes.skills AS resumes_skills, resumes.experience AS resumes_experience, resumes.education AS resumes_education, resumes.projects AS resumes_projects, resumes.certifications AS resumes_certifications, resumes.technologies AS resumes_technologies, resumes.strengths AS resumes_strengths, resumes.analysis_json AS resumes_analysis_json, resumes.raw_text AS resumes_raw_text, resumes.file_size AS resumes_file_size, resumes.parsed_at AS resumes_parsed_at 
FROM resumes ORDER BY resumes.parsed_at DESC
 LIMIT ? OFFSET ?
2026-08-05 14:13:03 | INFO     | sqlalchemy.engine.Engine | SELECT resumes.id AS resumes_id, resumes.original_filename AS resumes_original_filename, resumes.file_path AS resumes_file_path, resumes.name AS resumes_name, resumes.email AS resumes_email, resumes.phone AS resumes_phone, resumes.location AS resumes_location, resumes.summary AS resumes_summary, resumes.skills AS resumes_skills, resumes.experience AS resumes_experience, resumes.education AS resumes_education, resumes.projects AS resumes_projects, resumes.certifications AS resumes_certifications, resumes.technologies AS resumes_technologies, resumes.strengths AS resumes_strengths, resumes.analysis_json AS resumes_analysis_json, resumes.raw_text AS resumes_raw_text, resumes.file_size AS resumes_file_size, resumes.parsed_at AS resumes_parsed_at 
FROM resumes ORDER BY resumes.parsed_at DESC
 LIMIT ? OFFSET ?
2026-08-05 14:13:03,405 INFO sqlalchemy.engine.Engine [cached since 1309s ago] (1, 0)
2026-08-05 14:13:03 | INFO     | sqlalchemy.engine.Engine | [cached since 1309s ago] (1, 0)
INFO:     127.0.0.1:57009 - "GET /api/resume/latest HTTP/1.1" 200 OK
2026-08-05 14:13:03,407 INFO sqlalchemy.engine.Engine ROLLBACK
2026-08-05 14:13:03 | INFO     | sqlalchemy.engine.Engine | ROLLBACK
2026-08-05 14:13:03,575 INFO sqlalchemy.engine.Engine BEGIN (implicit)
2026-08-05 14:13:03 | INFO     | sqlalchemy.engine.Engine | BEGIN (implicit)
2026-08-05 14:13:03,575 INFO sqlalchemy.engine.Engine SELECT resumes.id AS resumes_id, resumes.original_filename AS resumes_original_filename, resumes.file_path AS resumes_file_path, resumes.name AS resumes_name, resumes.email AS resumes_email, resumes.phone AS resumes_phone, resumes.location AS resumes_location, resumes.summary AS resumes_summary, resumes.skills AS resumes_skills, resumes.experience AS resumes_experience, resumes.education AS resumes_education, resumes.projects AS resumes_projects, resumes.certifications AS resumes_certifications, resumes.technologies AS resumes_technologies, resumes.strengths AS resumes_strengths, resumes.analysis_json AS resumes_analysis_json, resumes.raw_text AS resumes_raw_text, resumes.file_size AS resumes_file_size, resumes.parsed_at AS resumes_parsed_at 
FROM resumes ORDER BY resumes.parsed_at DESC
 LIMIT ? OFFSET ?
2026-08-05 14:13:03 | INFO     | sqlalchemy.engine.Engine | SELECT resumes.id AS resumes_id, resumes.original_filename AS resumes_original_filename, resumes.file_path AS resumes_file_path, resumes.name AS resumes_name, resumes.email AS resumes_email, resumes.phone AS resumes_phone, resumes.location AS resumes_location, resumes.summary AS resumes_summary, resumes.skills AS resumes_skills, resumes.experience AS resumes_experience, resumes.education AS resumes_education, resumes.projects AS resumes_projects, resumes.certifications AS resumes_certifications, resumes.technologies AS resumes_technologies, resumes.strengths AS resumes_strengths, resumes.analysis_json AS resumes_analysis_json, resumes.raw_text AS resumes_raw_text, resumes.file_size AS resumes_file_size, resumes.parsed_at AS resumes_parsed_at 
FROM resumes ORDER BY resumes.parsed_at DESC
 LIMIT ? OFFSET ?
2026-08-05 14:13:03,575 INFO sqlalchemy.engine.Engine [cached since 1309s ago] (1, 0)
2026-08-05 14:13:03 | INFO     | sqlalchemy.engine.Engine | [cached since 1309s ago] (1, 0)
INFO:     127.0.0.1:54452 - "GET /api/resume/latest HTTP/1.1" 200 OK
2026-08-05 14:13:03,577 INFO sqlalchemy.engine.Engine ROLLBACK
2026-08-05 14:13:03 | INFO     | sqlalchemy.engine.Engine | ROLLBACK
2026-08-05 14:13:03,587 INFO sqlalchemy.engine.Engine BEGIN (implicit)
2026-08-05 14:13:03 | INFO     | sqlalchemy.engine.Engine | BEGIN (implicit)
2026-08-05 14:13:03,587 INFO sqlalchemy.engine.Engine SELECT resumes.id AS resumes_id, resumes.original_filename AS resumes_original_filename, resumes.file_path AS resumes_file_path, resumes.name AS resumes_name, resumes.email AS resumes_email, resumes.phone AS resumes_phone, resumes.location AS resumes_location, resumes.summary AS resumes_summary, resumes.skills AS resumes_skills, resumes.experience AS resumes_experience, resumes.education AS resumes_education, resumes.projects AS resumes_projects, resumes.certifications AS resumes_certifications, resumes.technologies AS resumes_technologies, resumes.strengths AS resumes_strengths, resumes.analysis_json AS resumes_analysis_json, resumes.raw_text AS resumes_raw_text, resumes.file_size AS resumes_file_size, resumes.parsed_at AS resumes_parsed_at 
FROM resumes ORDER BY resumes.parsed_at DESC
 LIMIT ? OFFSET ?
2026-08-05 14:13:03 | INFO     | sqlalchemy.engine.Engine | SELECT resumes.id AS resumes_id, resumes.original_filename AS resumes_original_filename, resumes.file_path AS resumes_file_path, resumes.name AS resumes_name, resumes.email AS resumes_email, resumes.phone AS resumes_phone, resumes.location AS resumes_location, resumes.summary AS resumes_summary, resumes.skills AS resumes_skills, resumes.experience AS resumes_experience, resumes.education AS resumes_education, resumes.projects AS resumes_projects, resumes.certifications AS resumes_certifications, resumes.technologies AS resumes_technologies, resumes.strengths AS resumes_strengths, resumes.analysis_json AS resumes_analysis_json, resumes.raw_text AS resumes_raw_text, resumes.file_size AS resumes_file_size, resumes.parsed_at AS resumes_parsed_at 
FROM resumes ORDER BY resumes.parsed_at DESC
 LIMIT ? OFFSET ?
2026-08-05 14:13:03,587 INFO sqlalchemy.engine.Engine [cached since 1309s ago] (1, 0)
2026-08-05 14:13:03 | INFO     | sqlalchemy.engine.Engine | [cached since 1309s ago] (1, 0)
INFO:     127.0.0.1:54454 - "GET /api/resume/latest HTTP/1.1" 200 OK
2026-08-05 14:13:03,587 INFO sqlalchemy.engine.Engine ROLLBACK
2026-08-05 14:13:03 | INFO     | sqlalchemy.engine.Engine | ROLLBACK
2026-08-05 14:13:03,687 INFO sqlalchemy.engine.Engine BEGIN (implicit)
2026-08-05 14:13:03 | INFO     | sqlalchemy.engine.Engine | BEGIN (implicit)
2026-08-05 14:13:03,691 INFO sqlalchemy.engine.Engine SELECT resumes.id AS resumes_id, resumes.original_filename AS resumes_original_filename, resumes.file_path AS resumes_file_path, resumes.name AS resumes_name, resumes.email AS resumes_email, resumes.phone AS resumes_phone, resumes.location AS resumes_location, resumes.summary AS resumes_summary, resumes.skills AS resumes_skills, resumes.experience AS resumes_experience, resumes.education AS resumes_education, resumes.projects AS resumes_projects, resumes.certifications AS resumes_certifications, resumes.technologies AS resumes_technologies, resumes.strengths AS resumes_strengths, resumes.analysis_json AS resumes_analysis_json, resumes.raw_text AS resumes_raw_text, resumes.file_size AS resumes_file_size, resumes.parsed_at AS resumes_parsed_at 
FROM resumes ORDER BY resumes.parsed_at DESC
 LIMIT ? OFFSET ?
2026-08-05 14:13:03 | INFO     | sqlalchemy.engine.Engine | SELECT resumes.id AS resumes_id, resumes.original_filename AS resumes_original_filename, resumes.file_path AS resumes_file_path, resumes.name AS resumes_name, resumes.email AS resumes_email, resumes.phone AS resumes_phone, resumes.location AS resumes_location, resumes.summary AS resumes_summary, resumes.skills AS resumes_skills, resumes.experience AS resumes_experience, resumes.education AS resumes_education, resumes.projects AS resumes_projects, resumes.certifications AS resumes_certifications, resumes.technologies AS resumes_technologies, resumes.strengths AS resumes_strengths, resumes.analysis_json AS resumes_analysis_json, resumes.raw_text AS resumes_raw_text, resumes.file_size AS resumes_file_size, resumes.parsed_at AS resumes_parsed_at 
FROM resumes ORDER BY resumes.parsed_at DESC
 LIMIT ? OFFSET ?
2026-08-05 14:13:03,691 INFO sqlalchemy.engine.Engine [cached since 1309s ago] (1, 0)
2026-08-05 14:13:03 | INFO     | sqlalchemy.engine.Engine | [cached since 1309s ago] (1, 0)
INFO:     127.0.0.1:49276 - "GET /api/resume/latest HTTP/1.1" 200 OK
2026-08-05 14:13:03,696 INFO sqlalchemy.engine.Engine ROLLBACK
2026-08-05 14:13:03 | INFO     | sqlalchemy.engine.Engine | ROLLBACK
2026-08-05 14:13:03,710 INFO sqlalchemy.engine.Engine BEGIN (implicit)
2026-08-05 14:13:03 | INFO     | sqlalchemy.engine.Engine | BEGIN (implicit)
2026-08-05 14:13:03,711 INFO sqlalchemy.engine.Engine SELECT resumes.id AS resumes_id, resumes.original_filename AS resumes_original_filename, resumes.file_path AS resumes_file_path, resumes.name AS resumes_name, resumes.email AS resumes_email, resumes.phone AS resumes_phone, resumes.location AS resumes_location, resumes.summary AS resumes_summary, resumes.skills AS resumes_skills, resumes.experience AS resumes_experience, resumes.education AS resumes_education, resumes.projects AS resumes_projects, resumes.certifications AS resumes_certifications, resumes.technologies AS resumes_technologies, resumes.strengths AS resumes_strengths, resumes.analysis_json AS resumes_analysis_json, resumes.raw_text AS resumes_raw_text, resumes.file_size AS resumes_file_size, resumes.parsed_at AS resumes_parsed_at 
FROM resumes ORDER BY resumes.parsed_at DESC
 LIMIT ? OFFSET ?
2026-08-05 14:13:03 | INFO     | sqlalchemy.engine.Engine | SELECT resumes.id AS resumes_id, resumes.original_filename AS resumes_original_filename, resumes.file_path AS resumes_file_path, resumes.name AS resumes_name, resumes.email AS resumes_email, resumes.phone AS resumes_phone, resumes.location AS resumes_location, resumes.summary AS resumes_summary, resumes.skills AS resumes_skills, resumes.experience AS resumes_experience, resumes.education AS resumes_education, resumes.projects AS resumes_projects, resumes.certifications AS resumes_certifications, resumes.technologies AS resumes_technologies, resumes.strengths AS resumes_strengths, resumes.analysis_json AS resumes_analysis_json, resumes.raw_text AS resumes_raw_text, resumes.file_size AS resumes_file_size, resumes.parsed_at AS resumes_parsed_at 
FROM resumes ORDER BY resumes.parsed_at DESC
 LIMIT ? OFFSET ?
2026-08-05 14:13:03,711 INFO sqlalchemy.engine.Engine [cached since 1309s ago] (1, 0)
2026-08-05 14:13:03 | INFO     | sqlalchemy.engine.Engine | [cached since 1309s ago] (1, 0)
INFO:     127.0.0.1:49278 - "GET /api/resume/latest HTTP/1.1" 200 OK
2026-08-05 14:13:03,715 INFO sqlalchemy.engine.Engine ROLLBACK
2026-08-05 14:13:03 | INFO     | sqlalchemy.engine.Engine | ROLLBACK
2026-08-05 14:13:03,839 INFO sqlalchemy.engine.Engine BEGIN (implicit)
2026-08-05 14:13:03 | INFO     | sqlalchemy.engine.Engine | BEGIN (implicit)
2026-08-05 14:13:03,841 INFO sqlalchemy.engine.Engine SELECT resumes.id AS resumes_id, resumes.original_filename AS resumes_original_filename, resumes.file_path AS resumes_file_path, resumes.name AS resumes_name, resumes.email AS resumes_email, resumes.phone AS resumes_phone, resumes.location AS resumes_location, resumes.summary AS resumes_summary, resumes.skills AS resumes_skills, resumes.experience AS resumes_experience, resumes.education AS resumes_education, resumes.projects AS resumes_projects, resumes.certifications AS resumes_certifications, resumes.technologies AS resumes_technologies, resumes.strengths AS resumes_strengths, resumes.analysis_json AS resumes_analysis_json, resumes.raw_text AS resumes_raw_text, resumes.file_size AS resumes_file_size, resumes.parsed_at AS resumes_parsed_at 
FROM resumes ORDER BY resumes.parsed_at DESC
 LIMIT ? OFFSET ?
2026-08-05 14:13:03 | INFO     | sqlalchemy.engine.Engine | SELECT resumes.id AS resumes_id, resumes.original_filename AS resumes_original_filename, resumes.file_path AS resumes_file_path, resumes.name AS resumes_name, resumes.email AS resumes_email, resumes.phone AS resumes_phone, resumes.location AS resumes_location, resumes.summary AS resumes_summary, resumes.skills AS resumes_skills, resumes.experience AS resumes_experience, resumes.education AS resumes_education, resumes.projects AS resumes_projects, resumes.certifications AS resumes_certifications, resumes.technologies AS resumes_technologies, resumes.strengths AS resumes_strengths, resumes.analysis_json AS resumes_analysis_json, resumes.raw_text AS resumes_raw_text, resumes.file_size AS resumes_file_size, resumes.parsed_at AS resumes_parsed_at 
FROM resumes ORDER BY resumes.parsed_at DESC
 LIMIT ? OFFSET ?
2026-08-05 14:13:03,841 INFO sqlalchemy.engine.Engine [cached since 1309s ago] (1, 0)
2026-08-05 14:13:03 | INFO     | sqlalchemy.engine.Engine | [cached since 1309s ago] (1, 0)
INFO:     127.0.0.1:56786 - "GET /api/resume/latest HTTP/1.1" 200 OK
2026-08-05 14:13:03,845 INFO sqlalchemy.engine.Engine ROLLBACK
2026-08-05 14:13:03 | INFO     | sqlalchemy.engine.Engine | ROLLBACK
2026-08-05 14:13:03,860 INFO sqlalchemy.engine.Engine BEGIN (implicit)
2026-08-05 14:13:03 | INFO     | sqlalchemy.engine.Engine | BEGIN (implicit)
2026-08-05 14:13:03,860 INFO sqlalchemy.engine.Engine SELECT resumes.id AS resumes_id, resumes.original_filename AS resumes_original_filename, resumes.file_path AS resumes_file_path, resumes.name AS resumes_name, resumes.email AS resumes_email, resumes.phone AS resumes_phone, resumes.location AS resumes_location, resumes.summary AS resumes_summary, resumes.skills AS resumes_skills, resumes.experience AS resumes_experience, resumes.education AS resumes_education, resumes.projects AS resumes_projects, resumes.certifications AS resumes_certifications, resumes.technologies AS resumes_technologies, resumes.strengths AS resumes_strengths, resumes.analysis_json AS resumes_analysis_json, resumes.raw_text AS resumes_raw_text, resumes.file_size AS resumes_file_size, resumes.parsed_at AS resumes_parsed_at 
FROM resumes ORDER BY resumes.parsed_at DESC
 LIMIT ? OFFSET ?
2026-08-05 14:13:03 | INFO     | sqlalchemy.engine.Engine | SELECT resumes.id AS resumes_id, resumes.original_filename AS resumes_original_filename, resumes.file_path AS resumes_file_path, resumes.name AS resumes_name, resumes.email AS resumes_email, resumes.phone AS resumes_phone, resumes.location AS resumes_location, resumes.summary AS resumes_summary, resumes.skills AS resumes_skills, resumes.experience AS resumes_experience, resumes.education AS resumes_education, resumes.projects AS resumes_projects, resumes.certifications AS resumes_certifications, resumes.technologies AS resumes_technologies, resumes.strengths AS resumes_strengths, resumes.analysis_json AS resumes_analysis_json, resumes.raw_text AS resumes_raw_text, resumes.file_size AS resumes_file_size, resumes.parsed_at AS resumes_parsed_at 
FROM resumes ORDER BY resumes.parsed_at DESC
 LIMIT ? OFFSET ?
2026-08-05 14:13:03,860 INFO sqlalchemy.engine.Engine [cached since 1309s ago] (1, 0)
2026-08-05 14:13:03 | INFO     | sqlalchemy.engine.Engine | [cached since 1309s ago] (1, 0)
INFO:     127.0.0.1:56788 - "GET /api/resume/latest HTTP/1.1" 200 OK
2026-08-05 14:13:03,863 INFO sqlalchemy.engine.Engine ROLLBACK
2026-08-05 14:13:03 | INFO     | sqlalchemy.engine.Engine | ROLLBACK
2026-08-05 14:13:03,989 INFO sqlalchemy.engine.Engine BEGIN (implicit)
2026-08-05 14:13:03 | INFO     | sqlalchemy.engine.Engine | BEGIN (implicit)
2026-08-05 14:13:03,989 INFO sqlalchemy.engine.Engine SELECT resumes.id AS resumes_id, resumes.original_filename AS resumes_original_filename, resumes.file_path AS resumes_file_path, resumes.name AS resumes_name, resumes.email AS resumes_email, resumes.phone AS resumes_phone, resumes.location AS resumes_location, resumes.summary AS resumes_summary, resumes.skills AS resumes_skills, resumes.experience AS resumes_experience, resumes.education AS resumes_education, resumes.projects AS resumes_projects, resumes.certifications AS resumes_certifications, resumes.technologies AS resumes_technologies, resumes.strengths AS resumes_strengths, resumes.analysis_json AS resumes_analysis_json, resumes.raw_text AS resumes_raw_text, resumes.file_size AS resumes_file_size, resumes.parsed_at AS resumes_parsed_at 
FROM resumes ORDER BY resumes.parsed_at DESC
 LIMIT ? OFFSET ?
2026-08-05 14:13:03 | INFO     | sqlalchemy.engine.Engine | SELECT resumes.id AS resumes_id, resumes.original_filename AS resumes_original_filename, resumes.file_path AS resumes_file_path, resumes.name AS resumes_name, resumes.email AS resumes_email, resumes.phone AS resumes_phone, resumes.location AS resumes_location, resumes.summary AS resumes_summary, resumes.skills AS resumes_skills, resumes.experience AS resumes_experience, resumes.education AS resumes_education, resumes.projects AS resumes_projects, resumes.certifications AS resumes_certifications, resumes.technologies AS resumes_technologies, resumes.strengths AS resumes_strengths, resumes.analysis_json AS resumes_analysis_json, resumes.raw_text AS resumes_raw_text, resumes.file_size AS resumes_file_size, resumes.parsed_at AS resumes_parsed_at 
FROM resumes ORDER BY resumes.parsed_at DESC
 LIMIT ? OFFSET ?
2026-08-05 14:13:03,989 INFO sqlalchemy.engine.Engine [cached since 1310s ago] (1, 0)
2026-08-05 14:13:03 | INFO     | sqlalchemy.engine.Engine | [cached since 1310s ago] (1, 0)
INFO:     127.0.0.1:64746 - "GET /api/resume/latest HTTP/1.1" 200 OK
2026-08-05 14:13:03,993 INFO sqlalchemy.engine.Engine ROLLBACK
2026-08-05 14:13:03 | INFO     | sqlalchemy.engine.Engine | ROLLBACK
2026-08-05 14:13:04,001 INFO sqlalchemy.engine.Engine BEGIN (implicit)
2026-08-05 14:13:04 | INFO     | sqlalchemy.engine.Engine | BEGIN (implicit)
2026-08-05 14:13:04,003 INFO sqlalchemy.engine.Engine SELECT resumes.id AS resumes_id, resumes.original_filename AS resumes_original_filename, resumes.file_path AS resumes_file_path, resumes.name AS resumes_name, resumes.email AS resumes_email, resumes.phone AS resumes_phone, resumes.location AS resumes_location, resumes.summary AS resumes_summary, resumes.skills AS resumes_skills, resumes.experience AS resumes_experience, resumes.education AS resumes_education, resumes.projects AS resumes_projects, resumes.certifications AS resumes_certifications, resumes.technologies AS resumes_technologies, resumes.strengths AS resumes_strengths, resumes.analysis_json AS resumes_analysis_json, resumes.raw_text AS resumes_raw_text, resumes.file_size AS resumes_file_size, resumes.parsed_at AS resumes_parsed_at 
FROM resumes ORDER BY resumes.parsed_at DESC
 LIMIT ? OFFSET ?
2026-08-05 14:13:04 | INFO     | sqlalchemy.engine.Engine | SELECT resumes.id AS resumes_id, resumes.original_filename AS resumes_original_filename, resumes.file_path AS resumes_file_path, resumes.name AS resumes_name, resumes.email AS resumes_email, resumes.phone AS resumes_phone, resumes.location AS resumes_location, resumes.summary AS resumes_summary, resumes.skills AS resumes_skills, resumes.experience AS resumes_experience, resumes.education AS resumes_education, resumes.projects AS resumes_projects, resumes.certifications AS resumes_certifications, resumes.technologies AS resumes_technologies, resumes.strengths AS resumes_strengths, resumes.analysis_json AS resumes_analysis_json, resumes.raw_text AS resumes_raw_text, resumes.file_size AS resumes_file_size, resumes.parsed_at AS resumes_parsed_at 
FROM resumes ORDER BY resumes.parsed_at DESC
 LIMIT ? OFFSET ?
2026-08-05 14:13:04,003 INFO sqlalchemy.engine.Engine [cached since 1310s ago] (1, 0)
2026-08-05 14:13:04 | INFO     | sqlalchemy.engine.Engine | [cached since 1310s ago] (1, 0)
INFO:     127.0.0.1:64748 - "GET /api/resume/latest HTTP/1.1" 200 OK
2026-08-05 14:13:04,009 INFO sqlalchemy.engine.Engine ROLLBACK
2026-08-05 14:13:04 | INFO     | sqlalchemy.engine.Engine | ROLLBACK
2026-08-05 14:13:04,149 INFO sqlalchemy.engine.Engine BEGIN (implicit)
2026-08-05 14:13:04 | INFO     | sqlalchemy.engine.Engine | BEGIN (implicit)
2026-08-05 14:13:04,149 INFO sqlalchemy.engine.Engine SELECT resumes.id AS resumes_id, resumes.original_filename AS resumes_original_filename, resumes.file_path AS resumes_file_path, resumes.name AS resumes_name, resumes.email AS resumes_email, resumes.phone AS resumes_phone, resumes.location AS resumes_location, resumes.summary AS resumes_summary, resumes.skills AS resumes_skills, resumes.experience AS resumes_experience, resumes.education AS resumes_education, resumes.projects AS resumes_projects, resumes.certifications AS resumes_certifications, resumes.technologies AS resumes_technologies, resumes.strengths AS resumes_strengths, resumes.analysis_json AS resumes_analysis_json, resumes.raw_text AS resumes_raw_text, resumes.file_size AS resumes_file_size, resumes.parsed_at AS resumes_parsed_at 
FROM resumes ORDER BY resumes.parsed_at DESC
 LIMIT ? OFFSET ?
2026-08-05 14:13:04 | INFO     | sqlalchemy.engine.Engine | SELECT resumes.id AS resumes_id, resumes.original_filename AS resumes_original_filename, resumes.file_path AS resumes_file_path, resumes.name AS resumes_name, resumes.email AS resumes_email, resumes.phone AS resumes_phone, resumes.location AS resumes_location, resumes.summary AS resumes_summary, resumes.skills AS resumes_skills, resumes.experience AS resumes_experience, resumes.education AS resumes_education, resumes.projects AS resumes_projects, resumes.certifications AS resumes_certifications, resumes.technologies AS resumes_technologies, resumes.strengths AS resumes_strengths, resumes.analysis_json AS resumes_analysis_json, resumes.raw_text AS resumes_raw_text, resumes.file_size AS resumes_file_size, resumes.parsed_at AS resumes_parsed_at 
FROM resumes ORDER BY resumes.parsed_at DESC
 LIMIT ? OFFSET ?
2026-08-05 14:13:04,158 INFO sqlalchemy.engine.Engine [cached since 1310s ago] (1, 0)
2026-08-05 14:13:04 | INFO     | sqlalchemy.engine.Engine | [cached since 1310s ago] (1, 0)
INFO:     127.0.0.1:58503 - "GET /api/resume/latest HTTP/1.1" 200 OK
2026-08-05 14:13:04,160 INFO sqlalchemy.engine.Engine ROLLBACK
2026-08-05 14:13:04 | INFO     | sqlalchemy.engine.Engine | ROLLBACK
2026-08-05 14:13:04,169 INFO sqlalchemy.engine.Engine BEGIN (implicit)
2026-08-05 14:13:04 | INFO     | sqlalchemy.engine.Engine | BEGIN (implicit)
2026-08-05 14:13:04,171 INFO sqlalchemy.engine.Engine SELECT resumes.id AS resumes_id, resumes.original_filename AS resumes_original_filename, resumes.file_path AS resumes_file_path, resumes.name AS resumes_name, resumes.email AS resumes_email, resumes.phone AS resumes_phone, resumes.location AS resumes_location, resumes.summary AS resumes_summary, resumes.skills AS resumes_skills, resumes.experience AS resumes_experience, resumes.education AS resumes_education, resumes.projects AS resumes_projects, resumes.certifications AS resumes_certifications, resumes.technologies AS resumes_technologies, resumes.strengths AS resumes_strengths, resumes.analysis_json AS resumes_analysis_json, resumes.raw_text AS resumes_raw_text, resumes.file_size AS resumes_file_size, resumes.parsed_at AS resumes_parsed_at 
FROM resumes ORDER BY resumes.parsed_at DESC
 LIMIT ? OFFSET ?
2026-08-05 14:13:04 | INFO     | sqlalchemy.engine.Engine | SELECT resumes.id AS resumes_id, resumes.original_filename AS resumes_original_filename, resumes.file_path AS resumes_file_path, resumes.name AS resumes_name, resumes.email AS resumes_email, resumes.phone AS resumes_phone, resumes.location AS resumes_location, resumes.summary AS resumes_summary, resumes.skills AS resumes_skills, resumes.experience AS resumes_experience, resumes.education AS resumes_education, resumes.projects AS resumes_projects, resumes.certifications AS resumes_certifications, resumes.technologies AS resumes_technologies, resumes.strengths AS resumes_strengths, resumes.analysis_json AS resumes_analysis_json, resumes.raw_text AS resumes_raw_text, resumes.file_size AS resumes_file_size, resumes.parsed_at AS resumes_parsed_at 
FROM resumes ORDER BY resumes.parsed_at DESC
 LIMIT ? OFFSET ?
2026-08-05 14:13:04,172 INFO sqlalchemy.engine.Engine [cached since 1310s ago] (1, 0)
2026-08-05 14:13:04 | INFO     | sqlalchemy.engine.Engine | [cached since 1310s ago] (1, 0)
INFO:     127.0.0.1:58505 - "GET /api/resume/latest HTTP/1.1" 200 OK
2026-08-05 14:13:04,178 INFO sqlalchemy.engine.Engine ROLLBACK
2026-08-05 14:13:04 | INFO     | sqlalchemy.engine.Engine | ROLLBACK
2026-08-05 14:13:04,305 INFO sqlalchemy.engine.Engine BEGIN (implicit)
2026-08-05 14:13:04 | INFO     | sqlalchemy.engine.Engine | BEGIN (implicit)
2026-08-05 14:13:04,306 INFO sqlalchemy.engine.Engine SELECT resumes.id AS resumes_id, resumes.original_filename AS resumes_original_filename, resumes.file_path AS resumes_file_path, resumes.name AS resumes_name, resumes.email AS resumes_email, resumes.phone AS resumes_phone, resumes.location AS resumes_location, resumes.summary AS resumes_summary, resumes.skills AS resumes_skills, resumes.experience AS resumes_experience, resumes.education AS resumes_education, resumes.projects AS resumes_projects, resumes.certifications AS resumes_certifications, resumes.technologies AS resumes_technologies, resumes.strengths AS resumes_strengths, resumes.analysis_json AS resumes_analysis_json, resumes.raw_text AS resumes_raw_text, resumes.file_size AS resumes_file_size, resumes.parsed_at AS resumes_parsed_at 
FROM resumes ORDER BY resumes.parsed_at DESC
 LIMIT ? OFFSET ?
2026-08-05 14:13:04 | INFO     | sqlalchemy.engine.Engine | SELECT resumes.id AS resumes_id, resumes.original_filename AS resumes_original_filename, resumes.file_path AS resumes_file_path, resumes.name AS resumes_name, resumes.email AS resumes_email, resumes.phone AS resumes_phone, resumes.location AS resumes_location, resumes.summary AS resumes_summary, resumes.skills AS resumes_skills, resumes.experience AS resumes_experience, resumes.education AS resumes_education, resumes.projects AS resumes_projects, resumes.certifications AS resumes_certifications, resumes.technologies AS resumes_technologies, resumes.strengths AS resumes_strengths, resumes.analysis_json AS resumes_analysis_json, resumes.raw_text AS resumes_raw_text, resumes.file_size AS resumes_file_size, resumes.parsed_at AS resumes_parsed_at 
FROM resumes ORDER BY resumes.parsed_at DESC
 LIMIT ? OFFSET ?
2026-08-05 14:13:04,307 INFO sqlalchemy.engine.Engine [cached since 1310s ago] (1, 0)
2026-08-05 14:13:04 | INFO     | sqlalchemy.engine.Engine | [cached since 1310s ago] (1, 0)
INFO:     127.0.0.1:49173 - "GET /api/resume/latest HTTP/1.1" 200 OK
2026-08-05 14:13:04,309 INFO sqlalchemy.engine.Engine ROLLBACK
2026-08-05 14:13:04 | INFO     | sqlalchemy.engine.Engine | ROLLBACK
2026-08-05 14:13:04,317 INFO sqlalchemy.engine.Engine BEGIN (implicit)
2026-08-05 14:13:04 | INFO     | sqlalchemy.engine.Engine | BEGIN (implicit)
2026-08-05 14:13:04,317 INFO sqlalchemy.engine.Engine SELECT resumes.id AS resumes_id, resumes.original_filename AS resumes_original_filename, resumes.file_path AS resumes_file_path, resumes.name AS resumes_name, resumes.email AS resumes_email, resumes.phone AS resumes_phone, resumes.location AS resumes_location, resumes.summary AS resumes_summary, resumes.skills AS resumes_skills, resumes.experience AS resumes_experience, resumes.education AS resumes_education, resumes.projects AS resumes_projects, resumes.certifications AS resumes_certifications, resumes.technologies AS resumes_technologies, resumes.strengths AS resumes_strengths, resumes.analysis_json AS resumes_analysis_json, resumes.raw_text AS resumes_raw_text, resumes.file_size AS resumes_file_size, resumes.parsed_at AS resumes_parsed_at 
FROM resumes ORDER BY resumes.parsed_at DESC
 LIMIT ? OFFSET ?
2026-08-05 14:13:04 | INFO     | sqlalchemy.engine.Engine | SELECT resumes.id AS resumes_id, resumes.original_filename AS resumes_original_filename, resumes.file_path AS resumes_file_path, resumes.name AS resumes_name, resumes.email AS resumes_email, resumes.phone AS resumes_phone, resumes.location AS resumes_location, resumes.summary AS resumes_summary, resumes.skills AS resumes_skills, resumes.experience AS resumes_experience, resumes.education AS resumes_education, resumes.projects AS resumes_projects, resumes.certifications AS resumes_certifications, resumes.technologies AS resumes_technologies, resumes.strengths AS resumes_strengths, resumes.analysis_json AS resumes_analysis_json, resumes.raw_text AS resumes_raw_text, resumes.file_size AS resumes_file_size, resumes.parsed_at AS resumes_parsed_at 
FROM resumes ORDER BY resumes.parsed_at DESC
 LIMIT ? OFFSET ?
2026-08-05 14:13:04,317 INFO sqlalchemy.engine.Engine [cached since 1310s ago] (1, 0)
2026-08-05 14:13:04 | INFO     | sqlalchemy.engine.Engine | [cached since 1310s ago] (1, 0)
INFO:     127.0.0.1:49175 - "GET /api/resume/latest HTTP/1.1" 200 OK
2026-08-05 14:13:04,321 INFO sqlalchemy.engine.Engine ROLLBACK
2026-08-05 14:13:04 | INFO     | sqlalchemy.engine.Engine | ROLLBACK
2026-08-05 14:13:04,457 INFO sqlalchemy.engine.Engine BEGIN (implicit)
2026-08-05 14:13:04 | INFO     | sqlalchemy.engine.Engine | BEGIN (implicit)
2026-08-05 14:13:04,457 INFO sqlalchemy.engine.Engine SELECT resumes.id AS resumes_id, resumes.original_filename AS resumes_original_filename, resumes.file_path AS resumes_file_path, resumes.name AS resumes_name, resumes.email AS resumes_email, resumes.phone AS resumes_phone, resumes.location AS resumes_location, resumes.summary AS resumes_summary, resumes.skills AS resumes_skills, resumes.experience AS resumes_experience, resumes.education AS resumes_education, resumes.projects AS resumes_projects, resumes.certifications AS resumes_certifications, resumes.technologies AS resumes_technologies, resumes.strengths AS resumes_strengths, resumes.analysis_json AS resumes_analysis_json, resumes.raw_text AS resumes_raw_text, resumes.file_size AS resumes_file_size, resumes.parsed_at AS resumes_parsed_at 
FROM resumes ORDER BY resumes.parsed_at DESC
 LIMIT ? OFFSET ?
2026-08-05 14:13:04 | INFO     | sqlalchemy.engine.Engine | SELECT resumes.id AS resumes_id, resumes.original_filename AS resumes_original_filename, resumes.file_path AS resumes_file_path, resumes.name AS resumes_name, resumes.email AS resumes_email, resumes.phone AS resumes_phone, resumes.location AS resumes_location, resumes.summary AS resumes_summary, resumes.skills AS resumes_skills, resumes.experience AS resumes_experience, resumes.education AS resumes_education, resumes.projects AS resumes_projects, resumes.certifications AS resumes_certifications, resumes.technologies AS resumes_technologies, resumes.strengths AS resumes_strengths, resumes.analysis_json AS resumes_analysis_json, resumes.raw_text AS resumes_raw_text, resumes.file_size AS resumes_file_size, resumes.parsed_at AS resumes_parsed_at 
FROM resumes ORDER BY resumes.parsed_at DESC
 LIMIT ? OFFSET ?
2026-08-05 14:13:04,457 INFO sqlalchemy.engine.Engine [cached since 1310s ago] (1, 0)
2026-08-05 14:13:04 | INFO     | sqlalchemy.engine.Engine | [cached since 1310s ago] (1, 0)
INFO:     127.0.0.1:65421 - "GET /api/resume/latest HTTP/1.1" 200 OK
2026-08-05 14:13:04,460 INFO sqlalchemy.engine.Engine ROLLBACK
2026-08-05 14:13:04 | INFO     | sqlalchemy.engine.Engine | ROLLBACK
2026-08-05 14:13:04,469 INFO sqlalchemy.engine.Engine BEGIN (implicit)
2026-08-05 14:13:04 | INFO     | sqlalchemy.engine.Engine | BEGIN (implicit)
2026-08-05 14:13:04,469 INFO sqlalchemy.engine.Engine SELECT resumes.id AS resumes_id, resumes.original_filename AS resumes_original_filename, resumes.file_path AS resumes_file_path, resumes.name AS resumes_name, resumes.email AS resumes_email, resumes.phone AS resumes_phone, resumes.location AS resumes_location, resumes.summary AS resumes_summary, resumes.skills AS resumes_skills, resumes.experience AS resumes_experience, resumes.education AS resumes_education, resumes.projects AS resumes_projects, resumes.certifications AS resumes_certifications, resumes.technologies AS resumes_technologies, resumes.strengths AS resumes_strengths, resumes.analysis_json AS resumes_analysis_json, resumes.raw_text AS resumes_raw_text, resumes.file_size AS resumes_file_size, resumes.parsed_at AS resumes_parsed_at 
FROM resumes ORDER BY resumes.parsed_at DESC
 LIMIT ? OFFSET ?
2026-08-05 14:13:04 | INFO     | sqlalchemy.engine.Engine | SELECT resumes.id AS resumes_id, resumes.original_filename AS resumes_original_filename, resumes.file_path AS resumes_file_path, resumes.name AS resumes_name, resumes.email AS resumes_email, resumes.phone AS resumes_phone, resumes.location AS resumes_location, resumes.summary AS resumes_summary, resumes.skills AS resumes_skills, resumes.experience AS resumes_experience, resumes.education AS resumes_education, resumes.projects AS resumes_projects, resumes.certifications AS resumes_certifications, resumes.technologies AS resumes_technologies, resumes.strengths AS resumes_strengths, resumes.analysis_json AS resumes_analysis_json, resumes.raw_text AS resumes_raw_text, resumes.file_size AS resumes_file_size, resumes.parsed_at AS resumes_parsed_at 
FROM resumes ORDER BY resumes.parsed_at DESC
 LIMIT ? OFFSET ?
2026-08-05 14:13:04,469 INFO sqlalchemy.engine.Engine [cached since 1310s ago] (1, 0)
2026-08-05 14:13:04 | INFO     | sqlalchemy.engine.Engine | [cached since 1310s ago] (1, 0)
INFO:     127.0.0.1:65423 - "GET /api/resume/latest HTTP/1.1" 200 OK
2026-08-05 14:13:04,477 INFO sqlalchemy.engine.Engine ROLLBACK
2026-08-05 14:13:04 | INFO     | sqlalchemy.engine.Engine | ROLLBACK
2026-08-05 14:13:04,634 INFO sqlalchemy.engine.Engine BEGIN (implicit)
2026-08-05 14:13:04 | INFO     | sqlalchemy.engine.Engine | BEGIN (implicit)
2026-08-05 14:13:04,635 INFO sqlalchemy.engine.Engine SELECT resumes.id AS resumes_id, resumes.original_filename AS resumes_original_filename, resumes.file_path AS resumes_file_path, resumes.name AS resumes_name, resumes.email AS resumes_email, resumes.phone AS resumes_phone, resumes.location AS resumes_location, resumes.summary AS resumes_summary, resumes.skills AS resumes_skills, resumes.experience AS resumes_experience, resumes.education AS resumes_education, resumes.projects AS resumes_projects, resumes.certifications AS resumes_certifications, resumes.technologies AS resumes_technologies, resumes.strengths AS resumes_strengths, resumes.analysis_json AS resumes_analysis_json, resumes.raw_text AS resumes_raw_text, resumes.file_size AS resumes_file_size, resumes.parsed_at AS resumes_parsed_at 
FROM resumes ORDER BY resumes.parsed_at DESC
 LIMIT ? OFFSET ?
2026-08-05 14:13:04 | INFO     | sqlalchemy.engine.Engine | SELECT resumes.id AS resumes_id, resumes.original_filename AS resumes_original_filename, resumes.file_path AS resumes_file_path, resumes.name AS resumes_name, resumes.email AS resumes_email, resumes.phone AS resumes_phone, resumes.location AS resumes_location, resumes.summary AS resumes_summary, resumes.skills AS resumes_skills, resumes.experience AS resumes_experience, resumes.education AS resumes_education, resumes.projects AS resumes_projects, resumes.certifications AS resumes_certifications, resumes.technologies AS resumes_technologies, resumes.strengths AS resumes_strengths, resumes.analysis_json AS resumes_analysis_json, resumes.raw_text AS resumes_raw_text, resumes.file_size AS resumes_file_size, resumes.parsed_at AS resumes_parsed_at 
FROM resumes ORDER BY resumes.parsed_at DESC
 LIMIT ? OFFSET ?
2026-08-05 14:13:04,640 INFO sqlalchemy.engine.Engine [cached since 1310s ago] (1, 0)
2026-08-05 14:13:04 | INFO     | sqlalchemy.engine.Engine | [cached since 1310s ago] (1, 0)
INFO:     127.0.0.1:63974 - "GET /api/resume/latest HTTP/1.1" 200 OK
2026-08-05 14:13:04,643 INFO sqlalchemy.engine.Engine ROLLBACK
2026-08-05 14:13:04 | INFO     | sqlalchemy.engine.Engine | ROLLBACK
2026-08-05 14:13:04,652 INFO sqlalchemy.engine.Engine BEGIN (implicit)
2026-08-05 14:13:04 | INFO     | sqlalchemy.engine.Engine | BEGIN (implicit)
2026-08-05 14:13:04,652 INFO sqlalchemy.engine.Engine SELECT resumes.id AS resumes_id, resumes.original_filename AS resumes_original_filename, resumes.file_path AS resumes_file_path, resumes.name AS resumes_name, resumes.email AS resumes_email, resumes.phone AS resumes_phone, resumes.location AS resumes_location, resumes.summary AS resumes_summary, resumes.skills AS resumes_skills, resumes.experience AS resumes_experience, resumes.education AS resumes_education, resumes.projects AS resumes_projects, resumes.certifications AS resumes_certifications, resumes.technologies AS resumes_technologies, resumes.strengths AS resumes_strengths, resumes.analysis_json AS resumes_analysis_json, resumes.raw_text AS resumes_raw_text, resumes.file_size AS resumes_file_size, resumes.parsed_at AS resumes_parsed_at 
FROM resumes ORDER BY resumes.parsed_at DESC
 LIMIT ? OFFSET ?
2026-08-05 14:13:04 | INFO     | sqlalchemy.engine.Engine | SELECT resumes.id AS resumes_id, resumes.original_filename AS resumes_original_filename, resumes.file_path AS resumes_file_path, resumes.name AS resumes_name, resumes.email AS resumes_email, resumes.phone AS resumes_phone, resumes.location AS resumes_location, resumes.summary AS resumes_summary, resumes.skills AS resumes_skills, resumes.experience AS resumes_experience, resumes.education AS resumes_education, resumes.projects AS resumes_projects, resumes.certifications AS resumes_certifications, resumes.technologies AS resumes_technologies, resumes.strengths AS resumes_strengths, resumes.analysis_json AS resumes_analysis_json, resumes.raw_text AS resumes_raw_text, resumes.file_size AS resumes_file_size, resumes.parsed_at AS resumes_parsed_at 
FROM resumes ORDER BY resumes.parsed_at DESC
 LIMIT ? OFFSET ?
2026-08-05 14:13:04,652 INFO sqlalchemy.engine.Engine [cached since 1310s ago] (1, 0)
2026-08-05 14:13:04 | INFO     | sqlalchemy.engine.Engine | [cached since 1310s ago] (1, 0)
INFO:     127.0.0.1:63976 - "GET /api/resume/latest HTTP/1.1" 200 OK
2026-08-05 14:13:04,654 INFO sqlalchemy.engine.Engine ROLLBACK
2026-08-05 14:13:04 | INFO     | sqlalchemy.engine.Engine | ROLLBACK
2026-08-05 14:13:04,889 INFO sqlalchemy.engine.Engine BEGIN (implicit)
2026-08-05 14:13:04 | INFO     | sqlalchemy.engine.Engine | BEGIN (implicit)
2026-08-05 14:13:04,890 INFO sqlalchemy.engine.Engine SELECT resumes.id AS resumes_id, resumes.original_filename AS resumes_original_filename, resumes.file_path AS resumes_file_path, resumes.name AS resumes_name, resumes.email AS resumes_email, resumes.phone AS resumes_phone, resumes.location AS resumes_location, resumes.summary AS resumes_summary, resumes.skills AS resumes_skills, resumes.experience AS resumes_experience, resumes.education AS resumes_education, resumes.projects AS resumes_projects, resumes.certifications AS resumes_certifications, resumes.technologies AS resumes_technologies, resumes.strengths AS resumes_strengths, resumes.analysis_json AS resumes_analysis_json, resumes.raw_text AS resumes_raw_text, resumes.file_size AS resumes_file_size, resumes.parsed_at AS resumes_parsed_at 
FROM resumes ORDER BY resumes.parsed_at DESC
 LIMIT ? OFFSET ?
2026-08-05 14:13:04 | INFO     | sqlalchemy.engine.Engine | SELECT resumes.id AS resumes_id, resumes.original_filename AS resumes_original_filename, resumes.file_path AS resumes_file_path, resumes.name AS resumes_name, resumes.email AS resumes_email, resumes.phone AS resumes_phone, resumes.location AS resumes_location, resumes.summary AS resumes_summary, resumes.skills AS resumes_skills, resumes.experience AS resumes_experience, resumes.education AS resumes_education, resumes.projects AS resumes_projects, resumes.certifications AS resumes_certifications, resumes.technologies AS resumes_technologies, resumes.strengths AS resumes_strengths, resumes.analysis_json AS resumes_analysis_json, resumes.raw_text AS resumes_raw_text, resumes.file_size AS resumes_file_size, resumes.parsed_at AS resumes_parsed_at 
FROM resumes ORDER BY resumes.parsed_at DESC
 LIMIT ? OFFSET ?
2026-08-05 14:13:04,890 INFO sqlalchemy.engine.Engine [cached since 1310s ago] (1, 0)
2026-08-05 14:13:04 | INFO     | sqlalchemy.engine.Engine | [cached since 1310s ago] (1, 0)
INFO:     127.0.0.1:53970 - "GET /api/resume/latest HTTP/1.1" 200 OK
2026-08-05 14:13:04,895 INFO sqlalchemy.engine.Engine ROLLBACK
2026-08-05 14:13:04 | INFO     | sqlalchemy.engine.Engine | ROLLBACK
2026-08-05 14:13:04,901 INFO sqlalchemy.engine.Engine BEGIN (implicit)
2026-08-05 14:13:04 | INFO     | sqlalchemy.engine.Engine | BEGIN (implicit)
2026-08-05 14:13:04,903 INFO sqlalchemy.engine.Engine SELECT resumes.id AS resumes_id, resumes.original_filename AS resumes_original_filename, resumes.file_path AS resumes_file_path, resumes.name AS resumes_name, resumes.email AS resumes_email, resumes.phone AS resumes_phone, resumes.location AS resumes_location, resumes.summary AS resumes_summary, resumes.skills AS resumes_skills, resumes.experience AS resumes_experience, resumes.education AS resumes_education, resumes.projects AS resumes_projects, resumes.certifications AS resumes_certifications, resumes.technologies AS resumes_technologies, resumes.strengths AS resumes_strengths, resumes.analysis_json AS resumes_analysis_json, resumes.raw_text AS resumes_raw_text, resumes.file_size AS resumes_file_size, resumes.parsed_at AS resumes_parsed_at 
FROM resumes ORDER BY resumes.parsed_at DESC
 LIMIT ? OFFSET ?
2026-08-05 14:13:04 | INFO     | sqlalchemy.engine.Engine | SELECT resumes.id AS resumes_id, resumes.original_filename AS resumes_original_filename, resumes.file_path AS resumes_file_path, resumes.name AS resumes_name, resumes.email AS resumes_email, resumes.phone AS resumes_phone, resumes.location AS resumes_location, resumes.summary AS resumes_summary, resumes.skills AS resumes_skills, resumes.experience AS resumes_experience, resumes.education AS resumes_education, resumes.projects AS resumes_projects, resumes.certifications AS resumes_certifications, resumes.technologies AS resumes_technologies, resumes.strengths AS resumes_strengths, resumes.analysis_json AS resumes_analysis_json, resumes.raw_text AS resumes_raw_text, resumes.file_size AS resumes_file_size, resumes.parsed_at AS resumes_parsed_at 
FROM resumes ORDER BY resumes.parsed_at DESC
 LIMIT ? OFFSET ?
2026-08-05 14:13:04,904 INFO sqlalchemy.engine.Engine [cached since 1310s ago] (1, 0)
2026-08-05 14:13:04 | INFO     | sqlalchemy.engine.Engine | [cached since 1310s ago] (1, 0)
INFO:     127.0.0.1:53972 - "GET /api/resume/latest HTTP/1.1" 200 OK
2026-08-05 14:13:04,907 INFO sqlalchemy.engine.Engine ROLLBACK
2026-08-05 14:13:04 | INFO     | sqlalchemy.engine.Engine | ROLLBACK
2026-08-05 14:13:04,988 INFO sqlalchemy.engine.Engine BEGIN (implicit)
2026-08-05 14:13:04 | INFO     | sqlalchemy.engine.Engine | BEGIN (implicit)
2026-08-05 14:13:04,988 INFO sqlalchemy.engine.Engine SELECT resumes.id AS resumes_id, resumes.original_filename AS resumes_original_filename, resumes.file_path AS resumes_file_path, resumes.name AS resumes_name, resumes.email AS resumes_email, resumes.phone AS resumes_phone, resumes.location AS resumes_location, resumes.summary AS resumes_summary, resumes.skills AS resumes_skills, resumes.experience AS resumes_experience, resumes.education AS resumes_education, resumes.projects AS resumes_projects, resumes.certifications AS resumes_certifications, resumes.technologies AS resumes_technologies, resumes.strengths AS resumes_strengths, resumes.analysis_json AS resumes_analysis_json, resumes.raw_text AS resumes_raw_text, resumes.file_size AS resumes_file_size, resumes.parsed_at AS resumes_parsed_at 
FROM resumes ORDER BY resumes.parsed_at DESC
 LIMIT ? OFFSET ?
2026-08-05 14:13:04 | INFO     | sqlalchemy.engine.Engine | SELECT resumes.id AS resumes_id, resumes.original_filename AS resumes_original_filename, resumes.file_path AS resumes_file_path, resumes.name AS resumes_name, resumes.email AS resumes_email, resumes.phone AS resumes_phone, resumes.location AS resumes_location, resumes.summary AS resumes_summary, resumes.skills AS resumes_skills, resumes.experience AS resumes_experience, resumes.education AS resumes_education, resumes.projects AS resumes_projects, resumes.certifications AS resumes_certifications, resumes.technologies AS resumes_technologies, resumes.strengths AS resumes_strengths, resumes.analysis_json AS resumes_analysis_json, resumes.raw_text AS resumes_raw_text, resumes.file_size AS resumes_file_size, resumes.parsed_at AS resumes_parsed_at 
FROM resumes ORDER BY resumes.parsed_at DESC
 LIMIT ? OFFSET ?
2026-08-05 14:13:04,988 INFO sqlalchemy.engine.Engine [cached since 1311s ago] (1, 0)
2026-08-05 14:13:04 | INFO     | sqlalchemy.engine.Engine | [cached since 1311s ago] (1, 0)
INFO:     127.0.0.1:52318 - "GET /api/resume/latest HTTP/1.1" 200 OK
2026-08-05 14:13:04,992 INFO sqlalchemy.engine.Engine ROLLBACK
2026-08-05 14:13:04 | INFO     | sqlalchemy.engine.Engine | ROLLBACK
2026-08-05 14:13:05,001 INFO sqlalchemy.engine.Engine BEGIN (implicit)
2026-08-05 14:13:05 | INFO     | sqlalchemy.engine.Engine | BEGIN (implicit)
2026-08-05 14:13:05,001 INFO sqlalchemy.engine.Engine SELECT resumes.id AS resumes_id, resumes.original_filename AS resumes_original_filename, resumes.file_path AS resumes_file_path, resumes.name AS resumes_name, resumes.email AS resumes_email, resumes.phone AS resumes_phone, resumes.location AS resumes_location, resumes.summary AS resumes_summary, resumes.skills AS resumes_skills, resumes.experience AS resumes_experience, resumes.education AS resumes_education, resumes.projects AS resumes_projects, resumes.certifications AS resumes_certifications, resumes.technologies AS resumes_technologies, resumes.strengths AS resumes_strengths, resumes.analysis_json AS resumes_analysis_json, resumes.raw_text AS resumes_raw_text, resumes.file_size AS resumes_file_size, resumes.parsed_at AS resumes_parsed_at 
FROM resumes ORDER BY resumes.parsed_at DESC
 LIMIT ? OFFSET ?
2026-08-05 14:13:05 | INFO     | sqlalchemy.engine.Engine | SELECT resumes.id AS resumes_id, resumes.original_filename AS resumes_original_filename, resumes.file_path AS resumes_file_path, resumes.name AS resumes_name, resumes.email AS resumes_email, resumes.phone AS resumes_phone, resumes.location AS resumes_location, resumes.summary AS resumes_summary, resumes.skills AS resumes_skills, resumes.experience AS resumes_experience, resumes.education AS resumes_education, resumes.projects AS resumes_projects, resumes.certifications AS resumes_certifications, resumes.technologies AS resumes_technologies, resumes.strengths AS resumes_strengths, resumes.analysis_json AS resumes_analysis_json, resumes.raw_text AS resumes_raw_text, resumes.file_size AS resumes_file_size, resumes.parsed_at AS resumes_parsed_at 
FROM resumes ORDER BY resumes.parsed_at DESC
 LIMIT ? OFFSET ?
2026-08-05 14:13:05,003 INFO sqlalchemy.engine.Engine [cached since 1311s ago] (1, 0)
2026-08-05 14:13:05 | INFO     | sqlalchemy.engine.Engine | [cached since 1311s ago] (1, 0)
INFO:     127.0.0.1:52320 - "GET /api/resume/latest HTTP/1.1" 200 OK
2026-08-05 14:13:05,003 INFO sqlalchemy.engine.Engine ROLLBACK
2026-08-05 14:13:05 | INFO     | sqlalchemy.engine.Engine | ROLLBACK
2026-08-05 14:13:05,157 INFO sqlalchemy.engine.Engine BEGIN (implicit)
2026-08-05 14:13:05 | INFO     | sqlalchemy.engine.Engine | BEGIN (implicit)
2026-08-05 14:13:05,157 INFO sqlalchemy.engine.Engine SELECT resumes.id AS resumes_id, resumes.original_filename AS resumes_original_filename, resumes.file_path AS resumes_file_path, resumes.name AS resumes_name, resumes.email AS resumes_email, resumes.phone AS resumes_phone, resumes.location AS resumes_location, resumes.summary AS resumes_summary, resumes.skills AS resumes_skills, resumes.experience AS resumes_experience, resumes.education AS resumes_education, resumes.projects AS resumes_projects, resumes.certifications AS resumes_certifications, resumes.technologies AS resumes_technologies, resumes.strengths AS resumes_strengths, resumes.analysis_json AS resumes_analysis_json, resumes.raw_text AS resumes_raw_text, resumes.file_size AS resumes_file_size, resumes.parsed_at AS resumes_parsed_at 
FROM resumes ORDER BY resumes.parsed_at DESC
 LIMIT ? OFFSET ?
2026-08-05 14:13:05 | INFO     | sqlalchemy.engine.Engine | SELECT resumes.id AS resumes_id, resumes.original_filename AS resumes_original_filename, resumes.file_path AS resumes_file_path, resumes.name AS resumes_name, resumes.email AS resumes_email, resumes.phone AS resumes_phone, resumes.location AS resumes_location, resumes.summary AS resumes_summary, resumes.skills AS resumes_skills, resumes.experience AS resumes_experience, resumes.education AS resumes_education, resumes.projects AS resumes_projects, resumes.certifications AS resumes_certifications, resumes.technologies AS resumes_technologies, resumes.strengths AS resumes_strengths, resumes.analysis_json AS resumes_analysis_json, resumes.raw_text AS resumes_raw_text, resumes.file_size AS resumes_file_size, resumes.parsed_at AS resumes_parsed_at 
FROM resumes ORDER BY resumes.parsed_at DESC
 LIMIT ? OFFSET ?
2026-08-05 14:13:05,157 INFO sqlalchemy.engine.Engine [cached since 1311s ago] (1, 0)
2026-08-05 14:13:05 | INFO     | sqlalchemy.engine.Engine | [cached since 1311s ago] (1, 0)
INFO:     127.0.0.1:57200 - "GET /api/resume/latest HTTP/1.1" 200 OK
2026-08-05 14:13:05,160 INFO sqlalchemy.engine.Engine ROLLBACK
2026-08-05 14:13:05 | INFO     | sqlalchemy.engine.Engine | ROLLBACK
2026-08-05 14:13:05,164 INFO sqlalchemy.engine.Engine BEGIN (implicit)
2026-08-05 14:13:05 | INFO     | sqlalchemy.engine.Engine | BEGIN (implicit)
2026-08-05 14:13:05,168 INFO sqlalchemy.engine.Engine SELECT resumes.id AS resumes_id, resumes.original_filename AS resumes_original_filename, resumes.file_path AS resumes_file_path, resumes.name AS resumes_name, resumes.email AS resumes_email, resumes.phone AS resumes_phone, resumes.location AS resumes_location, resumes.summary AS resumes_summary, resumes.skills AS resumes_skills, resumes.experience AS resumes_experience, resumes.education AS resumes_education, resumes.projects AS resumes_projects, resumes.certifications AS resumes_certifications, resumes.technologies AS resumes_technologies, resumes.strengths AS resumes_strengths, resumes.analysis_json AS resumes_analysis_json, resumes.raw_text AS resumes_raw_text, resumes.file_size AS resumes_file_size, resumes.parsed_at AS resumes_parsed_at 
FROM resumes ORDER BY resumes.parsed_at DESC
 LIMIT ? OFFSET ?
2026-08-05 14:13:05 | INFO     | sqlalchemy.engine.Engine | SELECT resumes.id AS resumes_id, resumes.original_filename AS resumes_original_filename, resumes.file_path AS resumes_file_path, resumes.name AS resumes_name, resumes.email AS resumes_email, resumes.phone AS resumes_phone, resumes.location AS resumes_location, resumes.summary AS resumes_summary, resumes.skills AS resumes_skills, resumes.experience AS resumes_experience, resumes.education AS resumes_education, resumes.projects AS resumes_projects, resumes.certifications AS resumes_certifications, resumes.technologies AS resumes_technologies, resumes.strengths AS resumes_strengths, resumes.analysis_json AS resumes_analysis_json, resumes.raw_text AS resumes_raw_text, resumes.file_size AS resumes_file_size, resumes.parsed_at AS resumes_parsed_at 
FROM resumes ORDER BY resumes.parsed_at DESC
 LIMIT ? OFFSET ?
2026-08-05 14:13:05,168 INFO sqlalchemy.engine.Engine [cached since 1311s ago] (1, 0)
2026-08-05 14:13:05 | INFO     | sqlalchemy.engine.Engine | [cached since 1311s ago] (1, 0)
INFO:     127.0.0.1:57202 - "GET /api/resume/latest HTTP/1.1" 200 OK
2026-08-05 14:13:05,171 INFO sqlalchemy.engine.Engine ROLLBACK
2026-08-05 14:13:05 | INFO     | sqlalchemy.engine.Engine | ROLLBACK
2026-08-05 14:13:05,286 INFO sqlalchemy.engine.Engine BEGIN (implicit)
2026-08-05 14:13:05 | INFO     | sqlalchemy.engine.Engine | BEGIN (implicit)
2026-08-05 14:13:05,286 INFO sqlalchemy.engine.Engine SELECT resumes.id AS resumes_id, resumes.original_filename AS resumes_original_filename, resumes.file_path AS resumes_file_path, resumes.name AS resumes_name, resumes.email AS resumes_email, resumes.phone AS resumes_phone, resumes.location AS resumes_location, resumes.summary AS resumes_summary, resumes.skills AS resumes_skills, resumes.experience AS resumes_experience, resumes.education AS resumes_education, resumes.projects AS resumes_projects, resumes.certifications AS resumes_certifications, resumes.technologies AS resumes_technologies, resumes.strengths AS resumes_strengths, resumes.analysis_json AS resumes_analysis_json, resumes.raw_text AS resumes_raw_text, resumes.file_size AS resumes_file_size, resumes.parsed_at AS resumes_parsed_at 
FROM resumes ORDER BY resumes.parsed_at DESC
 LIMIT ? OFFSET ?
2026-08-05 14:13:05 | INFO     | sqlalchemy.engine.Engine | SELECT resumes.id AS resumes_id, resumes.original_filename AS resumes_original_filename, resumes.file_path AS resumes_file_path, resumes.name AS resumes_name, resumes.email AS resumes_email, resumes.phone AS resumes_phone, resumes.location AS resumes_location, resumes.summary AS resumes_summary, resumes.skills AS resumes_skills, resumes.experience AS resumes_experience, resumes.education AS resumes_education, resumes.projects AS resumes_projects, resumes.certifications AS resumes_certifications, resumes.technologies AS resumes_technologies, resumes.strengths AS resumes_strengths, resumes.analysis_json AS resumes_analysis_json, resumes.raw_text AS resumes_raw_text, resumes.file_size AS resumes_file_size, resumes.parsed_at AS resumes_parsed_at 
FROM resumes ORDER BY resumes.parsed_at DESC
 LIMIT ? OFFSET ?
2026-08-05 14:13:05,286 INFO sqlalchemy.engine.Engine [cached since 1311s ago] (1, 0)
2026-08-05 14:13:05 | INFO     | sqlalchemy.engine.Engine | [cached since 1311s ago] (1, 0)
INFO:     127.0.0.1:51220 - "GET /api/resume/latest HTTP/1.1" 200 OK
2026-08-05 14:13:05,297 INFO sqlalchemy.engine.Engine ROLLBACK
2026-08-05 14:13:05 | INFO     | sqlalchemy.engine.Engine | ROLLBACK
2026-08-05 14:13:05,309 INFO sqlalchemy.engine.Engine BEGIN (implicit)
2026-08-05 14:13:05 | INFO     | sqlalchemy.engine.Engine | BEGIN (implicit)
2026-08-05 14:13:05,309 INFO sqlalchemy.engine.Engine SELECT resumes.id AS resumes_id, resumes.original_filename AS resumes_original_filename, resumes.file_path AS resumes_file_path, resumes.name AS resumes_name, resumes.email AS resumes_email, resumes.phone AS resumes_phone, resumes.location AS resumes_location, resumes.summary AS resumes_summary, resumes.skills AS resumes_skills, resumes.experience AS resumes_experience, resumes.education AS resumes_education, resumes.projects AS resumes_projects, resumes.certifications AS resumes_certifications, resumes.technologies AS resumes_technologies, resumes.strengths AS resumes_strengths, resumes.analysis_json AS resumes_analysis_json, resumes.raw_text AS resumes_raw_text, resumes.file_size AS resumes_file_size, resumes.parsed_at AS resumes_parsed_at 
FROM resumes ORDER BY resumes.parsed_at DESC
 LIMIT ? OFFSET ?
2026-08-05 14:13:05 | INFO     | sqlalchemy.engine.Engine | SELECT resumes.id AS resumes_id, resumes.original_filename AS resumes_original_filename, resumes.file_path AS resumes_file_path, resumes.name AS resumes_name, resumes.email AS resumes_email, resumes.phone AS resumes_phone, resumes.location AS resumes_location, resumes.summary AS resumes_summary, resumes.skills AS resumes_skills, resumes.experience AS resumes_experience, resumes.education AS resumes_education, resumes.projects AS resumes_projects, resumes.certifications AS resumes_certifications, resumes.technologies AS resumes_technologies, resumes.strengths AS resumes_strengths, resumes.analysis_json AS resumes_analysis_json, resumes.raw_text AS resumes_raw_text, resumes.file_size AS resumes_file_size, resumes.parsed_at AS resumes_parsed_at 
FROM resumes ORDER BY resumes.parsed_at DESC
 LIMIT ? OFFSET ?
2026-08-05 14:13:05,310 INFO sqlalchemy.engine.Engine [cached since 1311s ago] (1, 0)
2026-08-05 14:13:05 | INFO     | sqlalchemy.engine.Engine | [cached since 1311s ago] (1, 0)
INFO:     127.0.0.1:51222 - "GET /api/resume/latest HTTP/1.1" 200 OK
2026-08-05 14:13:05,312 INFO sqlalchemy.engine.Engine ROLLBACK
2026-08-05 14:13:05 | INFO     | sqlalchemy.engine.Engine | ROLLBACK
2026-08-05 14:13:05,499 INFO sqlalchemy.engine.Engine BEGIN (implicit)
2026-08-05 14:13:05 | INFO     | sqlalchemy.engine.Engine | BEGIN (implicit)
2026-08-05 14:13:05,499 INFO sqlalchemy.engine.Engine SELECT resumes.id AS resumes_id, resumes.original_filename AS resumes_original_filename, resumes.file_path AS resumes_file_path, resumes.name AS resumes_name, resumes.email AS resumes_email, resumes.phone AS resumes_phone, resumes.location AS resumes_location, resumes.summary AS resumes_summary, resumes.skills AS resumes_skills, resumes.experience AS resumes_experience, resumes.education AS resumes_education, resumes.projects AS resumes_projects, resumes.certifications AS resumes_certifications, resumes.technologies AS resumes_technologies, resumes.strengths AS resumes_strengths, resumes.analysis_json AS resumes_analysis_json, resumes.raw_text AS resumes_raw_text, resumes.file_size AS resumes_file_size, resumes.parsed_at AS resumes_parsed_at 
FROM resumes ORDER BY resumes.parsed_at DESC
 LIMIT ? OFFSET ?
2026-08-05 14:13:05 | INFO     | sqlalchemy.engine.Engine | SELECT resumes.id AS resumes_id, resumes.original_filename AS resumes_original_filename, resumes.file_path AS resumes_file_path, resumes.name AS resumes_name, resumes.email AS resumes_email, resumes.phone AS resumes_phone, resumes.location AS resumes_location, resumes.summary AS resumes_summary, resumes.skills AS resumes_skills, resumes.experience AS resumes_experience, resumes.education AS resumes_education, resumes.projects AS resumes_projects, resumes.certifications AS resumes_certifications, resumes.technologies AS resumes_technologies, resumes.strengths AS resumes_strengths, resumes.analysis_json AS resumes_analysis_json, resumes.raw_text AS resumes_raw_text, resumes.file_size AS resumes_file_size, resumes.parsed_at AS resumes_parsed_at 
FROM resumes ORDER BY resumes.parsed_at DESC
 LIMIT ? OFFSET ?
2026-08-05 14:13:05,499 INFO sqlalchemy.engine.Engine [cached since 1311s ago] (1, 0)
2026-08-05 14:13:05 | INFO     | sqlalchemy.engine.Engine | [cached since 1311s ago] (1, 0)
INFO:     127.0.0.1:51417 - "GET /api/resume/latest HTTP/1.1" 200 OK
2026-08-05 14:13:05,504 INFO sqlalchemy.engine.Engine ROLLBACK
2026-08-05 14:13:05 | INFO     | sqlalchemy.engine.Engine | ROLLBACK
2026-08-05 14:13:05,510 INFO sqlalchemy.engine.Engine BEGIN (implicit)
2026-08-05 14:13:05 | INFO     | sqlalchemy.engine.Engine | BEGIN (implicit)
2026-08-05 14:13:05,510 INFO sqlalchemy.engine.Engine SELECT resumes.id AS resumes_id, resumes.original_filename AS resumes_original_filename, resumes.file_path AS resumes_file_path, resumes.name AS resumes_name, resumes.email AS resumes_email, resumes.phone AS resumes_phone, resumes.location AS resumes_location, resumes.summary AS resumes_summary, resumes.skills AS resumes_skills, resumes.experience AS resumes_experience, resumes.education AS resumes_education, resumes.projects AS resumes_projects, resumes.certifications AS resumes_certifications, resumes.technologies AS resumes_technologies, resumes.strengths AS resumes_strengths, resumes.analysis_json AS resumes_analysis_json, resumes.raw_text AS resumes_raw_text, resumes.file_size AS resumes_file_size, resumes.parsed_at AS resumes_parsed_at 
FROM resumes ORDER BY resumes.parsed_at DESC
 LIMIT ? OFFSET ?
2026-08-05 14:13:05 | INFO     | sqlalchemy.engine.Engine | SELECT resumes.id AS resumes_id, resumes.original_filename AS resumes_original_filename, resumes.file_path AS resumes_file_path, resumes.name AS resumes_name, resumes.email AS resumes_email, resumes.phone AS resumes_phone, resumes.location AS resumes_location, resumes.summary AS resumes_summary, resumes.skills AS resumes_skills, resumes.experience AS resumes_experience, resumes.education AS resumes_education, resumes.projects AS resumes_projects, resumes.certifications AS resumes_certifications, resumes.technologies AS resumes_technologies, resumes.strengths AS resumes_strengths, resumes.analysis_json AS resumes_analysis_json, resumes.raw_text AS resumes_raw_text, resumes.file_size AS resumes_file_size, resumes.parsed_at AS resumes_parsed_at 
FROM resumes ORDER BY resumes.parsed_at DESC
 LIMIT ? OFFSET ?
2026-08-05 14:13:05,510 INFO sqlalchemy.engine.Engine [cached since 1311s ago] (1, 0)
2026-08-05 14:13:05 | INFO     | sqlalchemy.engine.Engine | [cached since 1311s ago] (1, 0)
INFO:     127.0.0.1:51419 - "GET /api/resume/latest HTTP/1.1" 200 OK
2026-08-05 14:13:05,515 INFO sqlalchemy.engine.Engine ROLLBACK
2026-08-05 14:13:05 | INFO     | sqlalchemy.engine.Engine | ROLLBACK
2026-08-05 14:13:05,637 INFO sqlalchemy.engine.Engine BEGIN (implicit)
2026-08-05 14:13:05 | INFO     | sqlalchemy.engine.Engine | BEGIN (implicit)
2026-08-05 14:13:05,637 INFO sqlalchemy.engine.Engine SELECT resumes.id AS resumes_id, resumes.original_filename AS resumes_original_filename, resumes.file_path AS resumes_file_path, resumes.name AS resumes_name, resumes.email AS resumes_email, resumes.phone AS resumes_phone, resumes.location AS resumes_location, resumes.summary AS resumes_summary, resumes.skills AS resumes_skills, resumes.experience AS resumes_experience, resumes.education AS resumes_education, resumes.projects AS resumes_projects, resumes.certifications AS resumes_certifications, resumes.technologies AS resumes_technologies, resumes.strengths AS resumes_strengths, resumes.analysis_json AS resumes_analysis_json, resumes.raw_text AS resumes_raw_text, resumes.file_size AS resumes_file_size, resumes.parsed_at AS resumes_parsed_at 
FROM resumes ORDER BY resumes.parsed_at DESC
 LIMIT ? OFFSET ?
2026-08-05 14:13:05 | INFO     | sqlalchemy.engine.Engine | SELECT resumes.id AS resumes_id, resumes.original_filename AS resumes_original_filename, resumes.file_path AS resumes_file_path, resumes.name AS resumes_name, resumes.email AS resumes_email, resumes.phone AS resumes_phone, resumes.location AS resumes_location, resumes.summary AS resumes_summary, resumes.skills AS resumes_skills, resumes.experience AS resumes_experience, resumes.education AS resumes_education, resumes.projects AS resumes_projects, resumes.certifications AS resumes_certifications, resumes.technologies AS resumes_technologies, resumes.strengths AS resumes_strengths, resumes.analysis_json AS resumes_analysis_json, resumes.raw_text AS resumes_raw_text, resumes.file_size AS resumes_file_size, resumes.parsed_at AS resumes_parsed_at 
FROM resumes ORDER BY resumes.parsed_at DESC
 LIMIT ? OFFSET ?
2026-08-05 14:13:05,637 INFO sqlalchemy.engine.Engine [cached since 1311s ago] (1, 0)
2026-08-05 14:13:05 | INFO     | sqlalchemy.engine.Engine | [cached since 1311s ago] (1, 0)
INFO:     127.0.0.1:58572 - "GET /api/resume/latest HTTP/1.1" 200 OK
2026-08-05 14:13:05,641 INFO sqlalchemy.engine.Engine ROLLBACK
2026-08-05 14:13:05 | INFO     | sqlalchemy.engine.Engine | ROLLBACK
2026-08-05 14:13:05,650 INFO sqlalchemy.engine.Engine BEGIN (implicit)
2026-08-05 14:13:05 | INFO     | sqlalchemy.engine.Engine | BEGIN (implicit)
2026-08-05 14:13:05,651 INFO sqlalchemy.engine.Engine SELECT resumes.id AS resumes_id, resumes.original_filename AS resumes_original_filename, resumes.file_path AS resumes_file_path, resumes.name AS resumes_name, resumes.email AS resumes_email, resumes.phone AS resumes_phone, resumes.location AS resumes_location, resumes.summary AS resumes_summary, resumes.skills AS resumes_skills, resumes.experience AS resumes_experience, resumes.education AS resumes_education, resumes.projects AS resumes_projects, resumes.certifications AS resumes_certifications, resumes.technologies AS resumes_technologies, resumes.strengths AS resumes_strengths, resumes.analysis_json AS resumes_analysis_json, resumes.raw_text AS resumes_raw_text, resumes.file_size AS resumes_file_size, resumes.parsed_at AS resumes_parsed_at 
FROM resumes ORDER BY resumes.parsed_at DESC
 LIMIT ? OFFSET ?
2026-08-05 14:13:05 | INFO     | sqlalchemy.engine.Engine | SELECT resumes.id AS resumes_id, resumes.original_filename AS resumes_original_filename, resumes.file_path AS resumes_file_path, resumes.name AS resumes_name, resumes.email AS resumes_email, resumes.phone AS resumes_phone, resumes.location AS resumes_location, resumes.summary AS resumes_summary, resumes.skills AS resumes_skills, resumes.experience AS resumes_experience, resumes.education AS resumes_education, resumes.projects AS resumes_projects, resumes.certifications AS resumes_certifications, resumes.technologies AS resumes_technologies, resumes.strengths AS resumes_strengths, resumes.analysis_json AS resumes_analysis_json, resumes.raw_text AS resumes_raw_text, resumes.file_size AS resumes_file_size, resumes.parsed_at AS resumes_parsed_at 
FROM resumes ORDER BY resumes.parsed_at DESC
 LIMIT ? OFFSET ?
2026-08-05 14:13:05,651 INFO sqlalchemy.engine.Engine [cached since 1311s ago] (1, 0)
2026-08-05 14:13:05 | INFO     | sqlalchemy.engine.Engine | [cached since 1311s ago] (1, 0)
INFO:     127.0.0.1:58574 - "GET /api/resume/latest HTTP/1.1" 200 OK
2026-08-05 14:13:05,658 INFO sqlalchemy.engine.Engine ROLLBACK
2026-08-05 14:13:05 | INFO     | sqlalchemy.engine.Engine | ROLLBACK
2026-08-05 14:13:06,085 INFO sqlalchemy.engine.Engine BEGIN (implicit)
2026-08-05 14:13:06 | INFO     | sqlalchemy.engine.Engine | BEGIN (implicit)
2026-08-05 14:13:06,086 INFO sqlalchemy.engine.Engine SELECT resumes.id AS resumes_id, resumes.original_filename AS resumes_original_filename, resumes.file_path AS resumes_file_path, resumes.name AS resumes_name, resumes.email AS resumes_email, resumes.phone AS resumes_phone, resumes.location AS resumes_location, resumes.summary AS resumes_summary, resumes.skills AS resumes_skills, resumes.experience AS resumes_experience, resumes.education AS resumes_education, resumes.projects AS resumes_projects, resumes.certifications AS resumes_certifications, resumes.technologies AS resumes_technologies, resumes.strengths AS resumes_strengths, resumes.analysis_json AS resumes_analysis_json, resumes.raw_text AS resumes_raw_text, resumes.file_size AS resumes_file_size, resumes.parsed_at AS resumes_parsed_at 
FROM resumes ORDER BY resumes.parsed_at DESC
 LIMIT ? OFFSET ?
2026-08-05 14:13:06 | INFO     | sqlalchemy.engine.Engine | SELECT resumes.id AS resumes_id, resumes.original_filename AS resumes_original_filename, resumes.file_path AS resumes_file_path, resumes.name AS resumes_name, resumes.email AS resumes_email, resumes.phone AS resumes_phone, resumes.location AS resumes_location, resumes.summary AS resumes_summary, resumes.skills AS resumes_skills, resumes.experience AS resumes_experience, resumes.education AS resumes_education, resumes.projects AS resumes_projects, resumes.certifications AS resumes_certifications, resumes.technologies AS resumes_technologies, resumes.strengths AS resumes_strengths, resumes.analysis_json AS resumes_analysis_json, resumes.raw_text AS resumes_raw_text, resumes.file_size AS resumes_file_size, resumes.parsed_at AS resumes_parsed_at 
FROM resumes ORDER BY resumes.parsed_at DESC
 LIMIT ? OFFSET ?
2026-08-05 14:13:06,086 INFO sqlalchemy.engine.Engine [cached since 1312s ago] (1, 0)
2026-08-05 14:13:06 | INFO     | sqlalchemy.engine.Engine | [cached since 1312s ago] (1, 0)
INFO:     127.0.0.1:64884 - "GET /api/resume/latest HTTP/1.1" 200 OK
2026-08-05 14:13:06,086 INFO sqlalchemy.engine.Engine ROLLBACK
2026-08-05 14:13:06 | INFO     | sqlalchemy.engine.Engine | ROLLBACK
2026-08-05 14:13:06,095 INFO sqlalchemy.engine.Engine BEGIN (implicit)
2026-08-05 14:13:06 | INFO     | sqlalchemy.engine.Engine | BEGIN (implicit)
2026-08-05 14:13:06,096 INFO sqlalchemy.engine.Engine SELECT resumes.id AS resumes_id, resumes.original_filename AS resumes_original_filename, resumes.file_path AS resumes_file_path, resumes.name AS resumes_name, resumes.email AS resumes_email, resumes.phone AS resumes_phone, resumes.location AS resumes_location, resumes.summary AS resumes_summary, resumes.skills AS resumes_skills, resumes.experience AS resumes_experience, resumes.education AS resumes_education, resumes.projects AS resumes_projects, resumes.certifications AS resumes_certifications, resumes.technologies AS resumes_technologies, resumes.strengths AS resumes_strengths, resumes.analysis_json AS resumes_analysis_json, resumes.raw_text AS resumes_raw_text, resumes.file_size AS resumes_file_size, resumes.parsed_at AS resumes_parsed_at 
FROM resumes ORDER BY resumes.parsed_at DESC
 LIMIT ? OFFSET ?
2026-08-05 14:13:06 | INFO     | sqlalchemy.engine.Engine | SELECT resumes.id AS resumes_id, resumes.original_filename AS resumes_original_filename, resumes.file_path AS resumes_file_path, resumes.name AS resumes_name, resumes.email AS resumes_email, resumes.phone AS resumes_phone, resumes.location AS resumes_location, resumes.summary AS resumes_summary, resumes.skills AS resumes_skills, resumes.experience AS resumes_experience, resumes.education AS resumes_education, resumes.projects AS resumes_projects, resumes.certifications AS resumes_certifications, resumes.technologies AS resumes_technologies, resumes.strengths AS resumes_strengths, resumes.analysis_json AS resumes_analysis_json, resumes.raw_text AS resumes_raw_text, resumes.file_size AS resumes_file_size, resumes.parsed_at AS resumes_parsed_at 
FROM resumes ORDER BY resumes.parsed_at DESC
 LIMIT ? OFFSET ?
2026-08-05 14:13:06,096 INFO sqlalchemy.engine.Engine [cached since 1312s ago] (1, 0)
2026-08-05 14:13:06 | INFO     | sqlalchemy.engine.Engine | [cached since 1312s ago] (1, 0)
INFO:     127.0.0.1:64886 - "GET /api/resume/latest HTTP/1.1" 200 OK
2026-08-05 14:13:06,097 INFO sqlalchemy.engine.Engine ROLLBACK
2026-08-05 14:13:06 | INFO     | sqlalchemy.engine.Engine | ROLLBACK
2026-08-05 14:13:08,051 INFO sqlalchemy.engine.Engine BEGIN (implicit)
2026-08-05 14:13:08 | INFO     | sqlalchemy.engine.Engine | BEGIN (implicit)
2026-08-05 14:13:08,051 INFO sqlalchemy.engine.Engine SELECT resumes.id AS resumes_id, resumes.original_filename AS resumes_original_filename, resumes.file_path AS resumes_file_path, resumes.name AS resumes_name, resumes.email AS resumes_email, resumes.phone AS resumes_phone, resumes.location AS resumes_location, resumes.summary AS resumes_summary, resumes.skills AS resumes_skills, resumes.experience AS resumes_experience, resumes.education AS resumes_education, resumes.projects AS resumes_projects, resumes.certifications AS resumes_certifications, resumes.technologies AS resumes_technologies, resumes.strengths AS resumes_strengths, resumes.analysis_json AS resumes_analysis_json, resumes.raw_text AS resumes_raw_text, resumes.file_size AS resumes_file_size, resumes.parsed_at AS resumes_parsed_at 
FROM resumes ORDER BY resumes.parsed_at DESC
 LIMIT ? OFFSET ?
2026-08-05 14:13:08 | INFO     | sqlalchemy.engine.Engine | SELECT resumes.id AS resumes_id, resumes.original_filename AS resumes_original_filename, resumes.file_path AS resumes_file_path, resumes.name AS resumes_name, resumes.email AS resumes_email, resumes.phone AS resumes_phone, resumes.location AS resumes_location, resumes.summary AS resumes_summary, resumes.skills AS resumes_skills, resumes.experience AS resumes_experience, resumes.education AS resumes_education, resumes.projects AS resumes_projects, resumes.certifications AS resumes_certifications, resumes.technologies AS resumes_technologies, resumes.strengths AS resumes_strengths, resumes.analysis_json AS resumes_analysis_json, resumes.raw_text AS resumes_raw_text, resumes.file_size AS resumes_file_size, resumes.parsed_at AS resumes_parsed_at 
FROM resumes ORDER BY resumes.parsed_at DESC
 LIMIT ? OFFSET ?
2026-08-05 14:13:08,051 INFO sqlalchemy.engine.Engine [cached since 1314s ago] (1, 0)
2026-08-05 14:13:08 | INFO     | sqlalchemy.engine.Engine | [cached since 1314s ago] (1, 0)
INFO:     127.0.0.1:53723 - "GET /api/resume/latest HTTP/1.1" 200 OK
2026-08-05 14:13:08,056 INFO sqlalchemy.engine.Engine ROLLBACK
2026-08-05 14:13:08 | INFO     | sqlalchemy.engine.Engine | ROLLBACK
2026-08-05 14:13:08,070 INFO sqlalchemy.engine.Engine BEGIN (implicit)
2026-08-05 14:13:08 | INFO     | sqlalchemy.engine.Engine | BEGIN (implicit)
2026-08-05 14:13:08,070 INFO sqlalchemy.engine.Engine SELECT resumes.id AS resumes_id, resumes.original_filename AS resumes_original_filename, resumes.file_path AS resumes_file_path, resumes.name AS resumes_name, resumes.email AS resumes_email, resumes.phone AS resumes_phone, resumes.location AS resumes_location, resumes.summary AS resumes_summary, resumes.skills AS resumes_skills, resumes.experience AS resumes_experience, resumes.education AS resumes_education, resumes.projects AS resumes_projects, resumes.certifications AS resumes_certifications, resumes.technologies AS resumes_technologies, resumes.strengths AS resumes_strengths, resumes.analysis_json AS resumes_analysis_json, resumes.raw_text AS resumes_raw_text, resumes.file_size AS resumes_file_size, resumes.parsed_at AS resumes_parsed_at 
FROM resumes ORDER BY resumes.parsed_at DESC
 LIMIT ? OFFSET ?
2026-08-05 14:13:08 | INFO     | sqlalchemy.engine.Engine | SELECT resumes.id AS resumes_id, resumes.original_filename AS resumes_original_filename, resumes.file_path AS resumes_file_path, resumes.name AS resumes_name, resumes.email AS resumes_email, resumes.phone AS resumes_phone, resumes.location AS resumes_location, resumes.summary AS resumes_summary, resumes.skills AS resumes_skills, resumes.experience AS resumes_experience, resumes.education AS resumes_education, resumes.projects AS resumes_projects, resumes.certifications AS resumes_certifications, resumes.technologies AS resumes_technologies, resumes.strengths AS resumes_strengths, resumes.analysis_json AS resumes_analysis_json, resumes.raw_text AS resumes_raw_text, resumes.file_size AS resumes_file_size, resumes.parsed_at AS resumes_parsed_at 
FROM resumes ORDER BY resumes.parsed_at DESC
 LIMIT ? OFFSET ?
2026-08-05 14:13:08,070 INFO sqlalchemy.engine.Engine [cached since 1314s ago] (1, 0)
2026-08-05 14:13:08 | INFO     | sqlalchemy.engine.Engine | [cached since 1314s ago] (1, 0)
INFO:     127.0.0.1:53725 - "GET /api/resume/latest HTTP/1.1" 200 OK
2026-08-05 14:13:08,075 INFO sqlalchemy.engine.Engine ROLLBACK
2026-08-05 14:13:08 | INFO     | sqlalchemy.engine.Engine | ROLLBACK
2026-08-05 14:13:08,206 INFO sqlalchemy.engine.Engine BEGIN (implicit)
2026-08-05 14:13:08 | INFO     | sqlalchemy.engine.Engine | BEGIN (implicit)
2026-08-05 14:13:08,206 INFO sqlalchemy.engine.Engine SELECT resumes.id AS resumes_id, resumes.original_filename AS resumes_original_filename, resumes.file_path AS resumes_file_path, resumes.name AS resumes_name, resumes.email AS resumes_email, resumes.phone AS resumes_phone, resumes.location AS resumes_location, resumes.summary AS resumes_summary, resumes.skills AS resumes_skills, resumes.experience AS resumes_experience, resumes.education AS resumes_education, resumes.projects AS resumes_projects, resumes.certifications AS resumes_certifications, resumes.technologies AS resumes_technologies, resumes.strengths AS resumes_strengths, resumes.analysis_json AS resumes_analysis_json, resumes.raw_text AS resumes_raw_text, resumes.file_size AS resumes_file_size, resumes.parsed_at AS resumes_parsed_at 
FROM resumes ORDER BY resumes.parsed_at DESC
 LIMIT ? OFFSET ?
2026-08-05 14:13:08 | INFO     | sqlalchemy.engine.Engine | SELECT resumes.id AS resumes_id, resumes.original_filename AS resumes_original_filename, resumes.file_path AS resumes_file_path, resumes.name AS resumes_name, resumes.email AS resumes_email, resumes.phone AS resumes_phone, resumes.location AS resumes_location, resumes.summary AS resumes_summary, resumes.skills AS resumes_skills, resumes.experience AS resumes_experience, resumes.education AS resumes_education, resumes.projects AS resumes_projects, resumes.certifications AS resumes_certifications, resumes.technologies AS resumes_technologies, resumes.strengths AS resumes_strengths, resumes.analysis_json AS resumes_analysis_json, resumes.raw_text AS resumes_raw_text, resumes.file_size AS resumes_file_size, resumes.parsed_at AS resumes_parsed_at 
FROM resumes ORDER BY resumes.parsed_at DESC
 LIMIT ? OFFSET ?
2026-08-05 14:13:08,206 INFO sqlalchemy.engine.Engine [cached since 1314s ago] (1, 0)
2026-08-05 14:13:08 | INFO     | sqlalchemy.engine.Engine | [cached since 1314s ago] (1, 0)
INFO:     127.0.0.1:63524 - "GET /api/resume/latest HTTP/1.1" 200 OK
2026-08-05 14:13:08,217 INFO sqlalchemy.engine.Engine ROLLBACK
2026-08-05 14:13:08 | INFO     | sqlalchemy.engine.Engine | ROLLBACK
2026-08-05 14:13:08,229 INFO sqlalchemy.engine.Engine BEGIN (implicit)
2026-08-05 14:13:08 | INFO     | sqlalchemy.engine.Engine | BEGIN (implicit)
2026-08-05 14:13:08,233 INFO sqlalchemy.engine.Engine SELECT resumes.id AS resumes_id, resumes.original_filename AS resumes_original_filename, resumes.file_path AS resumes_file_path, resumes.name AS resumes_name, resumes.email AS resumes_email, resumes.phone AS resumes_phone, resumes.location AS resumes_location, resumes.summary AS resumes_summary, resumes.skills AS resumes_skills, resumes.experience AS resumes_experience, resumes.education AS resumes_education, resumes.projects AS resumes_projects, resumes.certifications AS resumes_certifications, resumes.technologies AS resumes_technologies, resumes.strengths AS resumes_strengths, resumes.analysis_json AS resumes_analysis_json, resumes.raw_text AS resumes_raw_text, resumes.file_size AS resumes_file_size, resumes.parsed_at AS resumes_parsed_at 
FROM resumes ORDER BY resumes.parsed_at DESC
 LIMIT ? OFFSET ?
2026-08-05 14:13:08 | INFO     | sqlalchemy.engine.Engine | SELECT resumes.id AS resumes_id, resumes.original_filename AS resumes_original_filename, resumes.file_path AS resumes_file_path, resumes.name AS resumes_name, resumes.email AS resumes_email, resumes.phone AS resumes_phone, resumes.location AS resumes_location, resumes.summary AS resumes_summary, resumes.skills AS resumes_skills, resumes.experience AS resumes_experience, resumes.education AS resumes_education, resumes.projects AS resumes_projects, resumes.certifications AS resumes_certifications, resumes.technologies AS resumes_technologies, resumes.strengths AS resumes_strengths, resumes.analysis_json AS resumes_analysis_json, resumes.raw_text AS resumes_raw_text, resumes.file_size AS resumes_file_size, resumes.parsed_at AS resumes_parsed_at 
FROM resumes ORDER BY resumes.parsed_at DESC
 LIMIT ? OFFSET ?
2026-08-05 14:13:08,233 INFO sqlalchemy.engine.Engine [cached since 1314s ago] (1, 0)
2026-08-05 14:13:08 | INFO     | sqlalchemy.engine.Engine | [cached since 1314s ago] (1, 0)
INFO:     127.0.0.1:63526 - "GET /api/resume/latest HTTP/1.1" 200 OK
2026-08-05 14:13:08,233 INFO sqlalchemy.engine.Engine ROLLBACK
2026-08-05 14:13:08 | INFO     | sqlalchemy.engine.Engine | ROLLBACK
2026-08-05 14:13:08,442 INFO sqlalchemy.engine.Engine BEGIN (implicit)
2026-08-05 14:13:08 | INFO     | sqlalchemy.engine.Engine | BEGIN (implicit)
2026-08-05 14:13:08,442 INFO sqlalchemy.engine.Engine SELECT resumes.id AS resumes_id, resumes.original_filename AS resumes_original_filename, resumes.file_path AS resumes_file_path, resumes.name AS resumes_name, resumes.email AS resumes_email, resumes.phone AS resumes_phone, resumes.location AS resumes_location, resumes.summary AS resumes_summary, resumes.skills AS resumes_skills, resumes.experience AS resumes_experience, resumes.education AS resumes_education, resumes.projects AS resumes_projects, resumes.certifications AS resumes_certifications, resumes.technologies AS resumes_technologies, resumes.strengths AS resumes_strengths, resumes.analysis_json AS resumes_analysis_json, resumes.raw_text AS resumes_raw_text, resumes.file_size AS resumes_file_size, resumes.parsed_at AS resumes_parsed_at 
FROM resumes ORDER BY resumes.parsed_at DESC
 LIMIT ? OFFSET ?
2026-08-05 14:13:08 | INFO     | sqlalchemy.engine.Engine | SELECT resumes.id AS resumes_id, resumes.original_filename AS resumes_original_filename, resumes.file_path AS resumes_file_path, resumes.name AS resumes_name, resumes.email AS resumes_email, resumes.phone AS resumes_phone, resumes.location AS resumes_location, resumes.summary AS resumes_summary, resumes.skills AS resumes_skills, resumes.experience AS resumes_experience, resumes.education AS resumes_education, resumes.projects AS resumes_projects, resumes.certifications AS resumes_certifications, resumes.technologies AS resumes_technologies, resumes.strengths AS resumes_strengths, resumes.analysis_json AS resumes_analysis_json, resumes.raw_text AS resumes_raw_text, resumes.file_size AS resumes_file_size, resumes.parsed_at AS resumes_parsed_at 
FROM resumes ORDER BY resumes.parsed_at DESC
 LIMIT ? OFFSET ?
2026-08-05 14:13:08,443 INFO sqlalchemy.engine.Engine [cached since 1314s ago] (1, 0)
2026-08-05 14:13:08 | INFO     | sqlalchemy.engine.Engine | [cached since 1314s ago] (1, 0)
INFO:     127.0.0.1:63714 - "GET /api/resume/latest HTTP/1.1" 200 OK
2026-08-05 14:13:08,446 INFO sqlalchemy.engine.Engine ROLLBACK
2026-08-05 14:13:08 | INFO     | sqlalchemy.engine.Engine | ROLLBACK
2026-08-05 14:13:08,544 INFO sqlalchemy.engine.Engine BEGIN (implicit)
2026-08-05 14:13:08 | INFO     | sqlalchemy.engine.Engine | BEGIN (implicit)
2026-08-05 14:13:08,544 INFO sqlalchemy.engine.Engine SELECT resumes.id AS resumes_id, resumes.original_filename AS resumes_original_filename, resumes.file_path AS resumes_file_path, resumes.name AS resumes_name, resumes.email AS resumes_email, resumes.phone AS resumes_phone, resumes.location AS resumes_location, resumes.summary AS resumes_summary, resumes.skills AS resumes_skills, resumes.experience AS resumes_experience, resumes.education AS resumes_education, resumes.projects AS resumes_projects, resumes.certifications AS resumes_certifications, resumes.technologies AS resumes_technologies, resumes.strengths AS resumes_strengths, resumes.analysis_json AS resumes_analysis_json, resumes.raw_text AS resumes_raw_text, resumes.file_size AS resumes_file_size, resumes.parsed_at AS resumes_parsed_at 
FROM resumes ORDER BY resumes.parsed_at DESC
 LIMIT ? OFFSET ?
2026-08-05 14:13:08 | INFO     | sqlalchemy.engine.Engine | SELECT resumes.id AS resumes_id, resumes.original_filename AS resumes_original_filename, resumes.file_path AS resumes_file_path, resumes.name AS resumes_name, resumes.email AS resumes_email, resumes.phone AS resumes_phone, resumes.location AS resumes_location, resumes.summary AS resumes_summary, resumes.skills AS resumes_skills, resumes.experience AS resumes_experience, resumes.education AS resumes_education, resumes.projects AS resumes_projects, resumes.certifications AS resumes_certifications, resumes.technologies AS resumes_technologies, resumes.strengths AS resumes_strengths, resumes.analysis_json AS resumes_analysis_json, resumes.raw_text AS resumes_raw_text, resumes.file_size AS resumes_file_size, resumes.parsed_at AS resumes_parsed_at 
FROM resumes ORDER BY resumes.parsed_at DESC
 LIMIT ? OFFSET ?
2026-08-05 14:13:08,544 INFO sqlalchemy.engine.Engine [cached since 1314s ago] (1, 0)
2026-08-05 14:13:08 | INFO     | sqlalchemy.engine.Engine | [cached since 1314s ago] (1, 0)
INFO:     127.0.0.1:52786 - "GET /api/resume/latest HTTP/1.1" 200 OK
2026-08-05 14:13:08,553 INFO sqlalchemy.engine.Engine ROLLBACK
2026-08-05 14:13:08 | INFO     | sqlalchemy.engine.Engine | ROLLBACK
2026-08-05 14:13:08,562 INFO sqlalchemy.engine.Engine BEGIN (implicit)
2026-08-05 14:13:08 | INFO     | sqlalchemy.engine.Engine | BEGIN (implicit)
2026-08-05 14:13:08,562 INFO sqlalchemy.engine.Engine SELECT resumes.id AS resumes_id, resumes.original_filename AS resumes_original_filename, resumes.file_path AS resumes_file_path, resumes.name AS resumes_name, resumes.email AS resumes_email, resumes.phone AS resumes_phone, resumes.location AS resumes_location, resumes.summary AS resumes_summary, resumes.skills AS resumes_skills, resumes.experience AS resumes_experience, resumes.education AS resumes_education, resumes.projects AS resumes_projects, resumes.certifications AS resumes_certifications, resumes.technologies AS resumes_technologies, resumes.strengths AS resumes_strengths, resumes.analysis_json AS resumes_analysis_json, resumes.raw_text AS resumes_raw_text, resumes.file_size AS resumes_file_size, resumes.parsed_at AS resumes_parsed_at 
FROM resumes ORDER BY resumes.parsed_at DESC
 LIMIT ? OFFSET ?
2026-08-05 14:13:08 | INFO     | sqlalchemy.engine.Engine | SELECT resumes.id AS resumes_id, resumes.original_filename AS resumes_original_filename, resumes.file_path AS resumes_file_path, resumes.name AS resumes_name, resumes.email AS resumes_email, resumes.phone AS resumes_phone, resumes.location AS resumes_location, resumes.summary AS resumes_summary, resumes.skills AS resumes_skills, resumes.experience AS resumes_experience, resumes.education AS resumes_education, resumes.projects AS resumes_projects, resumes.certifications AS resumes_certifications, resumes.technologies AS resumes_technologies, resumes.strengths AS resumes_strengths, resumes.analysis_json AS resumes_analysis_json, resumes.raw_text AS resumes_raw_text, resumes.file_size AS resumes_file_size, resumes.parsed_at AS resumes_parsed_at 
FROM resumes ORDER BY resumes.parsed_at DESC
 LIMIT ? OFFSET ?
2026-08-05 14:13:08,568 INFO sqlalchemy.engine.Engine [cached since 1314s ago] (1, 0)
2026-08-05 14:13:08 | INFO     | sqlalchemy.engine.Engine | [cached since 1314s ago] (1, 0)
INFO:     127.0.0.1:52788 - "GET /api/resume/latest HTTP/1.1" 200 OK
2026-08-05 14:13:08,568 INFO sqlalchemy.engine.Engine ROLLBACK
2026-08-05 14:13:08 | INFO     | sqlalchemy.engine.Engine | ROLLBACK
2026-08-05 14:13:08,696 INFO sqlalchemy.engine.Engine BEGIN (implicit)
2026-08-05 14:13:08 | INFO     | sqlalchemy.engine.Engine | BEGIN (implicit)
2026-08-05 14:13:08,696 INFO sqlalchemy.engine.Engine SELECT resumes.id AS resumes_id, resumes.original_filename AS resumes_original_filename, resumes.file_path AS resumes_file_path, resumes.name AS resumes_name, resumes.email AS resumes_email, resumes.phone AS resumes_phone, resumes.location AS resumes_location, resumes.summary AS resumes_summary, resumes.skills AS resumes_skills, resumes.experience AS resumes_experience, resumes.education AS resumes_education, resumes.projects AS resumes_projects, resumes.certifications AS resumes_certifications, resumes.technologies AS resumes_technologies, resumes.strengths AS resumes_strengths, resumes.analysis_json AS resumes_analysis_json, resumes.raw_text AS resumes_raw_text, resumes.file_size AS resumes_file_size, resumes.parsed_at AS resumes_parsed_at 
FROM resumes ORDER BY resumes.parsed_at DESC
 LIMIT ? OFFSET ?
2026-08-05 14:13:08 | INFO     | sqlalchemy.engine.Engine | SELECT resumes.id AS resumes_id, resumes.original_filename AS resumes_original_filename, resumes.file_path AS resumes_file_path, resumes.name AS resumes_name, resumes.email AS resumes_email, resumes.phone AS resumes_phone, resumes.location AS resumes_location, resumes.summary AS resumes_summary, resumes.skills AS resumes_skills, resumes.experience AS resumes_experience, resumes.education AS resumes_education, resumes.projects AS resumes_projects, resumes.certifications AS resumes_certifications, resumes.technologies AS resumes_technologies, resumes.strengths AS resumes_strengths, resumes.analysis_json AS resumes_analysis_json, resumes.raw_text AS resumes_raw_text, resumes.file_size AS resumes_file_size, resumes.parsed_at AS resumes_parsed_at 
FROM resumes ORDER BY resumes.parsed_at DESC
 LIMIT ? OFFSET ?
2026-08-05 14:13:08,696 INFO sqlalchemy.engine.Engine [cached since 1314s ago] (1, 0)
2026-08-05 14:13:08 | INFO     | sqlalchemy.engine.Engine | [cached since 1314s ago] (1, 0)
INFO:     127.0.0.1:64038 - "GET /api/resume/latest HTTP/1.1" 200 OK
2026-08-05 14:13:08,698 INFO sqlalchemy.engine.Engine ROLLBACK
2026-08-05 14:13:08 | INFO     | sqlalchemy.engine.Engine | ROLLBACK
2026-08-05 14:13:08,706 INFO sqlalchemy.engine.Engine BEGIN (implicit)
2026-08-05 14:13:08 | INFO     | sqlalchemy.engine.Engine | BEGIN (implicit)
2026-08-05 14:13:08,706 INFO sqlalchemy.engine.Engine SELECT resumes.id AS resumes_id, resumes.original_filename AS resumes_original_filename, resumes.file_path AS resumes_file_path, resumes.name AS resumes_name, resumes.email AS resumes_email, resumes.phone AS resumes_phone, resumes.location AS resumes_location, resumes.summary AS resumes_summary, resumes.skills AS resumes_skills, resumes.experience AS resumes_experience, resumes.education AS resumes_education, resumes.projects AS resumes_projects, resumes.certifications AS resumes_certifications, resumes.technologies AS resumes_technologies, resumes.strengths AS resumes_strengths, resumes.analysis_json AS resumes_analysis_json, resumes.raw_text AS resumes_raw_text, resumes.file_size AS resumes_file_size, resumes.parsed_at AS resumes_parsed_at 
FROM resumes ORDER BY resumes.parsed_at DESC
 LIMIT ? OFFSET ?
2026-08-05 14:13:08 | INFO     | sqlalchemy.engine.Engine | SELECT resumes.id AS resumes_id, resumes.original_filename AS resumes_original_filename, resumes.file_path AS resumes_file_path, resumes.name AS resumes_name, resumes.email AS resumes_email, resumes.phone AS resumes_phone, resumes.location AS resumes_location, resumes.summary AS resumes_summary, resumes.skills AS resumes_skills, resumes.experience AS resumes_experience, resumes.education AS resumes_education, resumes.projects AS resumes_projects, resumes.certifications AS resumes_certifications, resumes.technologies AS resumes_technologies, resumes.strengths AS resumes_strengths, resumes.analysis_json AS resumes_analysis_json, resumes.raw_text AS resumes_raw_text, resumes.file_size AS resumes_file_size, resumes.parsed_at AS resumes_parsed_at 
FROM resumes ORDER BY resumes.parsed_at DESC
 LIMIT ? OFFSET ?
2026-08-05 14:13:08,706 INFO sqlalchemy.engine.Engine [cached since 1314s ago] (1, 0)
2026-08-05 14:13:08 | INFO     | sqlalchemy.engine.Engine | [cached since 1314s ago] (1, 0)
INFO:     127.0.0.1:64040 - "GET /api/resume/latest HTTP/1.1" 200 OK
2026-08-05 14:13:08,714 INFO sqlalchemy.engine.Engine ROLLBACK
2026-08-05 14:13:08 | INFO     | sqlalchemy.engine.Engine | ROLLBACK
2026-08-05 14:13:08,839 INFO sqlalchemy.engine.Engine BEGIN (implicit)
2026-08-05 14:13:08 | INFO     | sqlalchemy.engine.Engine | BEGIN (implicit)
2026-08-05 14:13:08,844 INFO sqlalchemy.engine.Engine SELECT resumes.id AS resumes_id, resumes.original_filename AS resumes_original_filename, resumes.file_path AS resumes_file_path, resumes.name AS resumes_name, resumes.email AS resumes_email, resumes.phone AS resumes_phone, resumes.location AS resumes_location, resumes.summary AS resumes_summary, resumes.skills AS resumes_skills, resumes.experience AS resumes_experience, resumes.education AS resumes_education, resumes.projects AS resumes_projects, resumes.certifications AS resumes_certifications, resumes.technologies AS resumes_technologies, resumes.strengths AS resumes_strengths, resumes.analysis_json AS resumes_analysis_json, resumes.raw_text AS resumes_raw_text, resumes.file_size AS resumes_file_size, resumes.parsed_at AS resumes_parsed_at 
FROM resumes ORDER BY resumes.parsed_at DESC
 LIMIT ? OFFSET ?
2026-08-05 14:13:08 | INFO     | sqlalchemy.engine.Engine | SELECT resumes.id AS resumes_id, resumes.original_filename AS resumes_original_filename, resumes.file_path AS resumes_file_path, resumes.name AS resumes_name, resumes.email AS resumes_email, resumes.phone AS resumes_phone, resumes.location AS resumes_location, resumes.summary AS resumes_summary, resumes.skills AS resumes_skills, resumes.experience AS resumes_experience, resumes.education AS resumes_education, resumes.projects AS resumes_projects, resumes.certifications AS resumes_certifications, resumes.technologies AS resumes_technologies, resumes.strengths AS resumes_strengths, resumes.analysis_json AS resumes_analysis_json, resumes.raw_text AS resumes_raw_text, resumes.file_size AS resumes_file_size, resumes.parsed_at AS resumes_parsed_at 
FROM resumes ORDER BY resumes.parsed_at DESC
 LIMIT ? OFFSET ?
2026-08-05 14:13:08,845 INFO sqlalchemy.engine.Engine [cached since 1314s ago] (1, 0)
2026-08-05 14:13:08 | INFO     | sqlalchemy.engine.Engine | [cached since 1314s ago] (1, 0)
INFO:     127.0.0.1:61638 - "GET /api/resume/latest HTTP/1.1" 200 OK
2026-08-05 14:13:08,848 INFO sqlalchemy.engine.Engine ROLLBACK
2026-08-05 14:13:08 | INFO     | sqlalchemy.engine.Engine | ROLLBACK
2026-08-05 14:13:08,862 INFO sqlalchemy.engine.Engine BEGIN (implicit)
2026-08-05 14:13:08 | INFO     | sqlalchemy.engine.Engine | BEGIN (implicit)
2026-08-05 14:13:08,863 INFO sqlalchemy.engine.Engine SELECT resumes.id AS resumes_id, resumes.original_filename AS resumes_original_filename, resumes.file_path AS resumes_file_path, resumes.name AS resumes_name, resumes.email AS resumes_email, resumes.phone AS resumes_phone, resumes.location AS resumes_location, resumes.summary AS resumes_summary, resumes.skills AS resumes_skills, resumes.experience AS resumes_experience, resumes.education AS resumes_education, resumes.projects AS resumes_projects, resumes.certifications AS resumes_certifications, resumes.technologies AS resumes_technologies, resumes.strengths AS resumes_strengths, resumes.analysis_json AS resumes_analysis_json, resumes.raw_text AS resumes_raw_text, resumes.file_size AS resumes_file_size, resumes.parsed_at AS resumes_parsed_at 
FROM resumes ORDER BY resumes.parsed_at DESC
 LIMIT ? OFFSET ?
2026-08-05 14:13:08 | INFO     | sqlalchemy.engine.Engine | SELECT resumes.id AS resumes_id, resumes.original_filename AS resumes_original_filename, resumes.file_path AS resumes_file_path, resumes.name AS resumes_name, resumes.email AS resumes_email, resumes.phone AS resumes_phone, resumes.location AS resumes_location, resumes.summary AS resumes_summary, resumes.skills AS resumes_skills, resumes.experience AS resumes_experience, resumes.education AS resumes_education, resumes.projects AS resumes_projects, resumes.certifications AS resumes_certifications, resumes.technologies AS resumes_technologies, resumes.strengths AS resumes_strengths, resumes.analysis_json AS resumes_analysis_json, resumes.raw_text AS resumes_raw_text, resumes.file_size AS resumes_file_size, resumes.parsed_at AS resumes_parsed_at 
FROM resumes ORDER BY resumes.parsed_at DESC
 LIMIT ? OFFSET ?
2026-08-05 14:13:08,863 INFO sqlalchemy.engine.Engine [cached since 1314s ago] (1, 0)
2026-08-05 14:13:08 | INFO     | sqlalchemy.engine.Engine | [cached since 1314s ago] (1, 0)
INFO:     127.0.0.1:61640 - "GET /api/resume/latest HTTP/1.1" 200 OK
2026-08-05 14:13:08,864 INFO sqlalchemy.engine.Engine ROLLBACK
2026-08-05 14:13:08 | INFO     | sqlalchemy.engine.Engine | ROLLBACK
2026-08-05 14:13:09,034 INFO sqlalchemy.engine.Engine BEGIN (implicit)
2026-08-05 14:13:09 | INFO     | sqlalchemy.engine.Engine | BEGIN (implicit)
2026-08-05 14:13:09,036 INFO sqlalchemy.engine.Engine SELECT resumes.id AS resumes_id, resumes.original_filename AS resumes_original_filename, resumes.file_path AS resumes_file_path, resumes.name AS resumes_name, resumes.email AS resumes_email, resumes.phone AS resumes_phone, resumes.location AS resumes_location, resumes.summary AS resumes_summary, resumes.skills AS resumes_skills, resumes.experience AS resumes_experience, resumes.education AS resumes_education, resumes.projects AS resumes_projects, resumes.certifications AS resumes_certifications, resumes.technologies AS resumes_technologies, resumes.strengths AS resumes_strengths, resumes.analysis_json AS resumes_analysis_json, resumes.raw_text AS resumes_raw_text, resumes.file_size AS resumes_file_size, resumes.parsed_at AS resumes_parsed_at 
FROM resumes ORDER BY resumes.parsed_at DESC
 LIMIT ? OFFSET ?
2026-08-05 14:13:09 | INFO     | sqlalchemy.engine.Engine | SELECT resumes.id AS resumes_id, resumes.original_filename AS resumes_original_filename, resumes.file_path AS resumes_file_path, resumes.name AS resumes_name, resumes.email AS resumes_email, resumes.phone AS resumes_phone, resumes.location AS resumes_location, resumes.summary AS resumes_summary, resumes.skills AS resumes_skills, resumes.experience AS resumes_experience, resumes.education AS resumes_education, resumes.projects AS resumes_projects, resumes.certifications AS resumes_certifications, resumes.technologies AS resumes_technologies, resumes.strengths AS resumes_strengths, resumes.analysis_json AS resumes_analysis_json, resumes.raw_text AS resumes_raw_text, resumes.file_size AS resumes_file_size, resumes.parsed_at AS resumes_parsed_at 
FROM resumes ORDER BY resumes.parsed_at DESC
 LIMIT ? OFFSET ?
2026-08-05 14:13:09,036 INFO sqlalchemy.engine.Engine [cached since 1315s ago] (1, 0)
2026-08-05 14:13:09 | INFO     | sqlalchemy.engine.Engine | [cached since 1315s ago] (1, 0)
INFO:     127.0.0.1:60350 - "GET /api/resume/latest HTTP/1.1" 200 OK
2026-08-05 14:13:09,038 INFO sqlalchemy.engine.Engine ROLLBACK
2026-08-05 14:13:09 | INFO     | sqlalchemy.engine.Engine | ROLLBACK
2026-08-05 14:13:09,054 INFO sqlalchemy.engine.Engine BEGIN (implicit)
2026-08-05 14:13:09 | INFO     | sqlalchemy.engine.Engine | BEGIN (implicit)
2026-08-05 14:13:09,054 INFO sqlalchemy.engine.Engine SELECT resumes.id AS resumes_id, resumes.original_filename AS resumes_original_filename, resumes.file_path AS resumes_file_path, resumes.name AS resumes_name, resumes.email AS resumes_email, resumes.phone AS resumes_phone, resumes.location AS resumes_location, resumes.summary AS resumes_summary, resumes.skills AS resumes_skills, resumes.experience AS resumes_experience, resumes.education AS resumes_education, resumes.projects AS resumes_projects, resumes.certifications AS resumes_certifications, resumes.technologies AS resumes_technologies, resumes.strengths AS resumes_strengths, resumes.analysis_json AS resumes_analysis_json, resumes.raw_text AS resumes_raw_text, resumes.file_size AS resumes_file_size, resumes.parsed_at AS resumes_parsed_at 
FROM resumes ORDER BY resumes.parsed_at DESC
 LIMIT ? OFFSET ?
2026-08-05 14:13:09 | INFO     | sqlalchemy.engine.Engine | SELECT resumes.id AS resumes_id, resumes.original_filename AS resumes_original_filename, resumes.file_path AS resumes_file_path, resumes.name AS resumes_name, resumes.email AS resumes_email, resumes.phone AS resumes_phone, resumes.location AS resumes_location, resumes.summary AS resumes_summary, resumes.skills AS resumes_skills, resumes.experience AS resumes_experience, resumes.education AS resumes_education, resumes.projects AS resumes_projects, resumes.certifications AS resumes_certifications, resumes.technologies AS resumes_technologies, resumes.strengths AS resumes_strengths, resumes.analysis_json AS resumes_analysis_json, resumes.raw_text AS resumes_raw_text, resumes.file_size AS resumes_file_size, resumes.parsed_at AS resumes_parsed_at 
FROM resumes ORDER BY resumes.parsed_at DESC
 LIMIT ? OFFSET ?
2026-08-05 14:13:09,054 INFO sqlalchemy.engine.Engine [cached since 1315s ago] (1, 0)
2026-08-05 14:13:09 | INFO     | sqlalchemy.engine.Engine | [cached since 1315s ago] (1, 0)
INFO:     127.0.0.1:60352 - "GET /api/resume/latest HTTP/1.1" 200 OK
2026-08-05 14:13:09,056 INFO sqlalchemy.engine.Engine ROLLBACK
2026-08-05 14:13:09 | INFO     | sqlalchemy.engine.Engine | ROLLBACK
2026-08-05 14:13:09,193 INFO sqlalchemy.engine.Engine BEGIN (implicit)
2026-08-05 14:13:09 | INFO     | sqlalchemy.engine.Engine | BEGIN (implicit)
2026-08-05 14:13:09,193 INFO sqlalchemy.engine.Engine SELECT resumes.id AS resumes_id, resumes.original_filename AS resumes_original_filename, resumes.file_path AS resumes_file_path, resumes.name AS resumes_name, resumes.email AS resumes_email, resumes.phone AS resumes_phone, resumes.location AS resumes_location, resumes.summary AS resumes_summary, resumes.skills AS resumes_skills, resumes.experience AS resumes_experience, resumes.education AS resumes_education, resumes.projects AS resumes_projects, resumes.certifications AS resumes_certifications, resumes.technologies AS resumes_technologies, resumes.strengths AS resumes_strengths, resumes.analysis_json AS resumes_analysis_json, resumes.raw_text AS resumes_raw_text, resumes.file_size AS resumes_file_size, resumes.parsed_at AS resumes_parsed_at 
FROM resumes ORDER BY resumes.parsed_at DESC
 LIMIT ? OFFSET ?
2026-08-05 14:13:09 | INFO     | sqlalchemy.engine.Engine | SELECT resumes.id AS resumes_id, resumes.original_filename AS resumes_original_filename, resumes.file_path AS resumes_file_path, resumes.name AS resumes_name, resumes.email AS resumes_email, resumes.phone AS resumes_phone, resumes.location AS resumes_location, resumes.summary AS resumes_summary, resumes.skills AS resumes_skills, resumes.experience AS resumes_experience, resumes.education AS resumes_education, resumes.projects AS resumes_projects, resumes.certifications AS resumes_certifications, resumes.technologies AS resumes_technologies, resumes.strengths AS resumes_strengths, resumes.analysis_json AS resumes_analysis_json, resumes.raw_text AS resumes_raw_text, resumes.file_size AS resumes_file_size, resumes.parsed_at AS resumes_parsed_at 
FROM resumes ORDER BY resumes.parsed_at DESC
 LIMIT ? OFFSET ?
2026-08-05 14:13:09,193 INFO sqlalchemy.engine.Engine [cached since 1315s ago] (1, 0)
2026-08-05 14:13:09 | INFO     | sqlalchemy.engine.Engine | [cached since 1315s ago] (1, 0)
INFO:     127.0.0.1:55381 - "GET /api/resume/latest HTTP/1.1" 200 OK
2026-08-05 14:13:09,202 INFO sqlalchemy.engine.Engine ROLLBACK
2026-08-05 14:13:09 | INFO     | sqlalchemy.engine.Engine | ROLLBACK
2026-08-05 14:13:09,208 INFO sqlalchemy.engine.Engine BEGIN (implicit)
2026-08-05 14:13:09 | INFO     | sqlalchemy.engine.Engine | BEGIN (implicit)
2026-08-05 14:13:09,209 INFO sqlalchemy.engine.Engine SELECT resumes.id AS resumes_id, resumes.original_filename AS resumes_original_filename, resumes.file_path AS resumes_file_path, resumes.name AS resumes_name, resumes.email AS resumes_email, resumes.phone AS resumes_phone, resumes.location AS resumes_location, resumes.summary AS resumes_summary, resumes.skills AS resumes_skills, resumes.experience AS resumes_experience, resumes.education AS resumes_education, resumes.projects AS resumes_projects, resumes.certifications AS resumes_certifications, resumes.technologies AS resumes_technologies, resumes.strengths AS resumes_strengths, resumes.analysis_json AS resumes_analysis_json, resumes.raw_text AS resumes_raw_text, resumes.file_size AS resumes_file_size, resumes.parsed_at AS resumes_parsed_at 
FROM resumes ORDER BY resumes.parsed_at DESC
 LIMIT ? OFFSET ?
2026-08-05 14:13:09 | INFO     | sqlalchemy.engine.Engine | SELECT resumes.id AS resumes_id, resumes.original_filename AS resumes_original_filename, resumes.file_path AS resumes_file_path, resumes.name AS resumes_name, resumes.email AS resumes_email, resumes.phone AS resumes_phone, resumes.location AS resumes_location, resumes.summary AS resumes_summary, resumes.skills AS resumes_skills, resumes.experience AS resumes_experience, resumes.education AS resumes_education, resumes.projects AS resumes_projects, resumes.certifications AS resumes_certifications, resumes.technologies AS resumes_technologies, resumes.strengths AS resumes_strengths, resumes.analysis_json AS resumes_analysis_json, resumes.raw_text AS resumes_raw_text, resumes.file_size AS resumes_file_size, resumes.parsed_at AS resumes_parsed_at 
FROM resumes ORDER BY resumes.parsed_at DESC
 LIMIT ? OFFSET ?
2026-08-05 14:13:09,209 INFO sqlalchemy.engine.Engine [cached since 1315s ago] (1, 0)
2026-08-05 14:13:09 | INFO     | sqlalchemy.engine.Engine | [cached since 1315s ago] (1, 0)
INFO:     127.0.0.1:55383 - "GET /api/resume/latest HTTP/1.1" 200 OK
2026-08-05 14:13:09,213 INFO sqlalchemy.engine.Engine ROLLBACK
2026-08-05 14:13:09 | INFO     | sqlalchemy.engine.Engine | ROLLBACK
2026-08-05 14:13:09,336 INFO sqlalchemy.engine.Engine BEGIN (implicit)
2026-08-05 14:13:09 | INFO     | sqlalchemy.engine.Engine | BEGIN (implicit)
2026-08-05 14:13:09,336 INFO sqlalchemy.engine.Engine SELECT resumes.id AS resumes_id, resumes.original_filename AS resumes_original_filename, resumes.file_path AS resumes_file_path, resumes.name AS resumes_name, resumes.email AS resumes_email, resumes.phone AS resumes_phone, resumes.location AS resumes_location, resumes.summary AS resumes_summary, resumes.skills AS resumes_skills, resumes.experience AS resumes_experience, resumes.education AS resumes_education, resumes.projects AS resumes_projects, resumes.certifications AS resumes_certifications, resumes.technologies AS resumes_technologies, resumes.strengths AS resumes_strengths, resumes.analysis_json AS resumes_analysis_json, resumes.raw_text AS resumes_raw_text, resumes.file_size AS resumes_file_size, resumes.parsed_at AS resumes_parsed_at 
FROM resumes ORDER BY resumes.parsed_at DESC
 LIMIT ? OFFSET ?
2026-08-05 14:13:09 | INFO     | sqlalchemy.engine.Engine | SELECT resumes.id AS resumes_id, resumes.original_filename AS resumes_original_filename, resumes.file_path AS resumes_file_path, resumes.name AS resumes_name, resumes.email AS resumes_email, resumes.phone AS resumes_phone, resumes.location AS resumes_location, resumes.summary AS resumes_summary, resumes.skills AS resumes_skills, resumes.experience AS resumes_experience, resumes.education AS resumes_education, resumes.projects AS resumes_projects, resumes.certifications AS resumes_certifications, resumes.technologies AS resumes_technologies, resumes.strengths AS resumes_strengths, resumes.analysis_json AS resumes_analysis_json, resumes.raw_text AS resumes_raw_text, resumes.file_size AS resumes_file_size, resumes.parsed_at AS resumes_parsed_at 
FROM resumes ORDER BY resumes.parsed_at DESC
 LIMIT ? OFFSET ?
2026-08-05 14:13:09,336 INFO sqlalchemy.engine.Engine [cached since 1315s ago] (1, 0)
2026-08-05 14:13:09 | INFO     | sqlalchemy.engine.Engine | [cached since 1315s ago] (1, 0)
INFO:     127.0.0.1:55446 - "GET /api/resume/latest HTTP/1.1" 200 OK
2026-08-05 14:13:09,340 INFO sqlalchemy.engine.Engine ROLLBACK
2026-08-05 14:13:09 | INFO     | sqlalchemy.engine.Engine | ROLLBACK
2026-08-05 14:13:09,349 INFO sqlalchemy.engine.Engine BEGIN (implicit)
2026-08-05 14:13:09 | INFO     | sqlalchemy.engine.Engine | BEGIN (implicit)
2026-08-05 14:13:09,349 INFO sqlalchemy.engine.Engine SELECT resumes.id AS resumes_id, resumes.original_filename AS resumes_original_filename, resumes.file_path AS resumes_file_path, resumes.name AS resumes_name, resumes.email AS resumes_email, resumes.phone AS resumes_phone, resumes.location AS resumes_location, resumes.summary AS resumes_summary, resumes.skills AS resumes_skills, resumes.experience AS resumes_experience, resumes.education AS resumes_education, resumes.projects AS resumes_projects, resumes.certifications AS resumes_certifications, resumes.technologies AS resumes_technologies, resumes.strengths AS resumes_strengths, resumes.analysis_json AS resumes_analysis_json, resumes.raw_text AS resumes_raw_text, resumes.file_size AS resumes_file_size, resumes.parsed_at AS resumes_parsed_at 
FROM resumes ORDER BY resumes.parsed_at DESC
 LIMIT ? OFFSET ?
2026-08-05 14:13:09 | INFO     | sqlalchemy.engine.Engine | SELECT resumes.id AS resumes_id, resumes.original_filename AS resumes_original_filename, resumes.file_path AS resumes_file_path, resumes.name AS resumes_name, resumes.email AS resumes_email, resumes.phone AS resumes_phone, resumes.location AS resumes_location, resumes.summary AS resumes_summary, resumes.skills AS resumes_skills, resumes.experience AS resumes_experience, resumes.education AS resumes_education, resumes.projects AS resumes_projects, resumes.certifications AS resumes_certifications, resumes.technologies AS resumes_technologies, resumes.strengths AS resumes_strengths, resumes.analysis_json AS resumes_analysis_json, resumes.raw_text AS resumes_raw_text, resumes.file_size AS resumes_file_size, resumes.parsed_at AS resumes_parsed_at 
FROM resumes ORDER BY resumes.parsed_at DESC
 LIMIT ? OFFSET ?
2026-08-05 14:13:09,349 INFO sqlalchemy.engine.Engine [cached since 1315s ago] (1, 0)
2026-08-05 14:13:09 | INFO     | sqlalchemy.engine.Engine | [cached since 1315s ago] (1, 0)
INFO:     127.0.0.1:55448 - "GET /api/resume/latest HTTP/1.1" 200 OK
2026-08-05 14:13:09,357 INFO sqlalchemy.engine.Engine ROLLBACK
2026-08-05 14:13:09 | INFO     | sqlalchemy.engine.Engine | ROLLBACK
2026-08-05 14:13:09,496 INFO sqlalchemy.engine.Engine BEGIN (implicit)
2026-08-05 14:13:09 | INFO     | sqlalchemy.engine.Engine | BEGIN (implicit)
2026-08-05 14:13:09,497 INFO sqlalchemy.engine.Engine SELECT resumes.id AS resumes_id, resumes.original_filename AS resumes_original_filename, resumes.file_path AS resumes_file_path, resumes.name AS resumes_name, resumes.email AS resumes_email, resumes.phone AS resumes_phone, resumes.location AS resumes_location, resumes.summary AS resumes_summary, resumes.skills AS resumes_skills, resumes.experience AS resumes_experience, resumes.education AS resumes_education, resumes.projects AS resumes_projects, resumes.certifications AS resumes_certifications, resumes.technologies AS resumes_technologies, resumes.strengths AS resumes_strengths, resumes.analysis_json AS resumes_analysis_json, resumes.raw_text AS resumes_raw_text, resumes.file_size AS resumes_file_size, resumes.parsed_at AS resumes_parsed_at 
FROM resumes ORDER BY resumes.parsed_at DESC
 LIMIT ? OFFSET ?
2026-08-05 14:13:09 | INFO     | sqlalchemy.engine.Engine | SELECT resumes.id AS resumes_id, resumes.original_filename AS resumes_original_filename, resumes.file_path AS resumes_file_path, resumes.name AS resumes_name, resumes.email AS resumes_email, resumes.phone AS resumes_phone, resumes.location AS resumes_location, resumes.summary AS resumes_summary, resumes.skills AS resumes_skills, resumes.experience AS resumes_experience, resumes.education AS resumes_education, resumes.projects AS resumes_projects, resumes.certifications AS resumes_certifications, resumes.technologies AS resumes_technologies, resumes.strengths AS resumes_strengths, resumes.analysis_json AS resumes_analysis_json, resumes.raw_text AS resumes_raw_text, resumes.file_size AS resumes_file_size, resumes.parsed_at AS resumes_parsed_at 
FROM resumes ORDER BY resumes.parsed_at DESC
 LIMIT ? OFFSET ?
2026-08-05 14:13:09,497 INFO sqlalchemy.engine.Engine [cached since 1315s ago] (1, 0)
2026-08-05 14:13:09 | INFO     | sqlalchemy.engine.Engine | [cached since 1315s ago] (1, 0)
INFO:     127.0.0.1:63718 - "GET /api/resume/latest HTTP/1.1" 200 OK
2026-08-05 14:13:09,501 INFO sqlalchemy.engine.Engine ROLLBACK
2026-08-05 14:13:09 | INFO     | sqlalchemy.engine.Engine | ROLLBACK
2026-08-05 14:13:09,510 INFO sqlalchemy.engine.Engine BEGIN (implicit)
2026-08-05 14:13:09 | INFO     | sqlalchemy.engine.Engine | BEGIN (implicit)
2026-08-05 14:13:09,512 INFO sqlalchemy.engine.Engine SELECT resumes.id AS resumes_id, resumes.original_filename AS resumes_original_filename, resumes.file_path AS resumes_file_path, resumes.name AS resumes_name, resumes.email AS resumes_email, resumes.phone AS resumes_phone, resumes.location AS resumes_location, resumes.summary AS resumes_summary, resumes.skills AS resumes_skills, resumes.experience AS resumes_experience, resumes.education AS resumes_education, resumes.projects AS resumes_projects, resumes.certifications AS resumes_certifications, resumes.technologies AS resumes_technologies, resumes.strengths AS resumes_strengths, resumes.analysis_json AS resumes_analysis_json, resumes.raw_text AS resumes_raw_text, resumes.file_size AS resumes_file_size, resumes.parsed_at AS resumes_parsed_at 
FROM resumes ORDER BY resumes.parsed_at DESC
 LIMIT ? OFFSET ?
2026-08-05 14:13:09 | INFO     | sqlalchemy.engine.Engine | SELECT resumes.id AS resumes_id, resumes.original_filename AS resumes_original_filename, resumes.file_path AS resumes_file_path, resumes.name AS resumes_name, resumes.email AS resumes_email, resumes.phone AS resumes_phone, resumes.location AS resumes_location, resumes.summary AS resumes_summary, resumes.skills AS resumes_skills, resumes.experience AS resumes_experience, resumes.education AS resumes_education, resumes.projects AS resumes_projects, resumes.certifications AS resumes_certifications, resumes.technologies AS resumes_technologies, resumes.strengths AS resumes_strengths, resumes.analysis_json AS resumes_analysis_json, resumes.raw_text AS resumes_raw_text, resumes.file_size AS resumes_file_size, resumes.parsed_at AS resumes_parsed_at 
FROM resumes ORDER BY resumes.parsed_at DESC
 LIMIT ? OFFSET ?
2026-08-05 14:13:09,512 INFO sqlalchemy.engine.Engine [cached since 1315s ago] (1, 0)
2026-08-05 14:13:09 | INFO     | sqlalchemy.engine.Engine | [cached since 1315s ago] (1, 0)
INFO:     127.0.0.1:63720 - "GET /api/resume/latest HTTP/1.1" 200 OK
2026-08-05 14:13:09,515 INFO sqlalchemy.engine.Engine ROLLBACK
2026-08-05 14:13:09 | INFO     | sqlalchemy.engine.Engine | ROLLBACK
2026-08-05 14:13:09,644 INFO sqlalchemy.engine.Engine BEGIN (implicit)
2026-08-05 14:13:09 | INFO     | sqlalchemy.engine.Engine | BEGIN (implicit)
2026-08-05 14:13:09,644 INFO sqlalchemy.engine.Engine SELECT resumes.id AS resumes_id, resumes.original_filename AS resumes_original_filename, resumes.file_path AS resumes_file_path, resumes.name AS resumes_name, resumes.email AS resumes_email, resumes.phone AS resumes_phone, resumes.location AS resumes_location, resumes.summary AS resumes_summary, resumes.skills AS resumes_skills, resumes.experience AS resumes_experience, resumes.education AS resumes_education, resumes.projects AS resumes_projects, resumes.certifications AS resumes_certifications, resumes.technologies AS resumes_technologies, resumes.strengths AS resumes_strengths, resumes.analysis_json AS resumes_analysis_json, resumes.raw_text AS resumes_raw_text, resumes.file_size AS resumes_file_size, resumes.parsed_at AS resumes_parsed_at 
FROM resumes ORDER BY resumes.parsed_at DESC
 LIMIT ? OFFSET ?
2026-08-05 14:13:09 | INFO     | sqlalchemy.engine.Engine | SELECT resumes.id AS resumes_id, resumes.original_filename AS resumes_original_filename, resumes.file_path AS resumes_file_path, resumes.name AS resumes_name, resumes.email AS resumes_email, resumes.phone AS resumes_phone, resumes.location AS resumes_location, resumes.summary AS resumes_summary, resumes.skills AS resumes_skills, resumes.experience AS resumes_experience, resumes.education AS resumes_education, resumes.projects AS resumes_projects, resumes.certifications AS resumes_certifications, resumes.technologies AS resumes_technologies, resumes.strengths AS resumes_strengths, resumes.analysis_json AS resumes_analysis_json, resumes.raw_text AS resumes_raw_text, resumes.file_size AS resumes_file_size, resumes.parsed_at AS resumes_parsed_at 
FROM resumes ORDER BY resumes.parsed_at DESC
 LIMIT ? OFFSET ?
2026-08-05 14:13:09,644 INFO sqlalchemy.engine.Engine [cached since 1315s ago] (1, 0)
2026-08-05 14:13:09 | INFO     | sqlalchemy.engine.Engine | [cached since 1315s ago] (1, 0)
INFO:     127.0.0.1:51809 - "GET /api/resume/latest HTTP/1.1" 200 OK
2026-08-05 14:13:09,655 INFO sqlalchemy.engine.Engine ROLLBACK
2026-08-05 14:13:09 | INFO     | sqlalchemy.engine.Engine | ROLLBACK
2026-08-05 14:13:09,669 INFO sqlalchemy.engine.Engine BEGIN (implicit)
2026-08-05 14:13:09 | INFO     | sqlalchemy.engine.Engine | BEGIN (implicit)
2026-08-05 14:13:09,669 INFO sqlalchemy.engine.Engine SELECT resumes.id AS resumes_id, resumes.original_filename AS resumes_original_filename, resumes.file_path AS resumes_file_path, resumes.name AS resumes_name, resumes.email AS resumes_email, resumes.phone AS resumes_phone, resumes.location AS resumes_location, resumes.summary AS resumes_summary, resumes.skills AS resumes_skills, resumes.experience AS resumes_experience, resumes.education AS resumes_education, resumes.projects AS resumes_projects, resumes.certifications AS resumes_certifications, resumes.technologies AS resumes_technologies, resumes.strengths AS resumes_strengths, resumes.analysis_json AS resumes_analysis_json, resumes.raw_text AS resumes_raw_text, resumes.file_size AS resumes_file_size, resumes.parsed_at AS resumes_parsed_at 
FROM resumes ORDER BY resumes.parsed_at DESC
 LIMIT ? OFFSET ?
2026-08-05 14:13:09 | INFO     | sqlalchemy.engine.Engine | SELECT resumes.id AS resumes_id, resumes.original_filename AS resumes_original_filename, resumes.file_path AS resumes_file_path, resumes.name AS resumes_name, resumes.email AS resumes_email, resumes.phone AS resumes_phone, resumes.location AS resumes_location, resumes.summary AS resumes_summary, resumes.skills AS resumes_skills, resumes.experience AS resumes_experience, resumes.education AS resumes_education, resumes.projects AS resumes_projects, resumes.certifications AS resumes_certifications, resumes.technologies AS resumes_technologies, resumes.strengths AS resumes_strengths, resumes.analysis_json AS resumes_analysis_json, resumes.raw_text AS resumes_raw_text, resumes.file_size AS resumes_file_size, resumes.parsed_at AS resumes_parsed_at 
FROM resumes ORDER BY resumes.parsed_at DESC
 LIMIT ? OFFSET ?
2026-08-05 14:13:09,671 INFO sqlalchemy.engine.Engine [cached since 1315s ago] (1, 0)
2026-08-05 14:13:09 | INFO     | sqlalchemy.engine.Engine | [cached since 1315s ago] (1, 0)
INFO:     127.0.0.1:51811 - "GET /api/resume/latest HTTP/1.1" 200 OK
2026-08-05 14:13:09,675 INFO sqlalchemy.engine.Engine ROLLBACK
2026-08-05 14:13:09 | INFO     | sqlalchemy.engine.Engine | ROLLBACK
2026-08-05 14:21:13,731 INFO sqlalchemy.engine.Engine BEGIN (implicit)
2026-08-05 14:21:13 | INFO     | sqlalchemy.engine.Engine | BEGIN (implicit)
2026-08-05 14:21:13,734 INFO sqlalchemy.engine.Engine SELECT resumes.id AS resumes_id, resumes.original_filename AS resumes_original_filename, resumes.file_path AS resumes_file_path, resumes.name AS resumes_name, resumes.email AS resumes_email, resumes.phone AS resumes_phone, resumes.location AS resumes_location, resumes.summary AS resumes_summary, resumes.skills AS resumes_skills, resumes.experience AS resumes_experience, resumes.education AS resumes_education, resumes.projects AS resumes_projects, resumes.certifications AS resumes_certifications, resumes.technologies AS resumes_technologies, resumes.strengths AS resumes_strengths, resumes.analysis_json AS resumes_analysis_json, resumes.raw_text AS resumes_raw_text, resumes.file_size AS resumes_file_size, resumes.parsed_at AS resumes_parsed_at 
FROM resumes ORDER BY resumes.parsed_at DESC
 LIMIT ? OFFSET ?
2026-08-05 14:21:13 | INFO     | sqlalchemy.engine.Engine | SELECT resumes.id AS resumes_id, resumes.original_filename AS resumes_original_filename, resumes.file_path AS resumes_file_path, resumes.name AS resumes_name, resumes.email AS resumes_email, resumes.phone AS resumes_phone, resumes.location AS resumes_location, resumes.summary AS resumes_summary, resumes.skills AS resumes_skills, resumes.experience AS resumes_experience, resumes.education AS resumes_education, resumes.projects AS resumes_projects, resumes.certifications AS resumes_certifications, resumes.technologies AS resumes_technologies, resumes.strengths AS resumes_strengths, resumes.analysis_json AS resumes_analysis_json, resumes.raw_text AS resumes_raw_text, resumes.file_size AS resumes_file_size, resumes.parsed_at AS resumes_parsed_at 
FROM resumes ORDER BY resumes.parsed_at DESC
 LIMIT ? OFFSET ?
2026-08-05 14:21:13,734 INFO sqlalchemy.engine.Engine [cached since 1799s ago] (1, 0)
2026-08-05 14:21:13 | INFO     | sqlalchemy.engine.Engine | [cached since 1799s ago] (1, 0)
INFO:     127.0.0.1:60807 - "GET /api/resume/latest HTTP/1.1" 200 OK
2026-08-05 14:21:13,739 INFO sqlalchemy.engine.Engine ROLLBACK
2026-08-05 14:21:13 | INFO     | sqlalchemy.engine.Engine | ROLLBACK
2026-08-05 14:21:13,755 INFO sqlalchemy.engine.Engine BEGIN (implicit)
2026-08-05 14:21:13 | INFO     | sqlalchemy.engine.Engine | BEGIN (implicit)
2026-08-05 14:21:13,755 INFO sqlalchemy.engine.Engine SELECT resumes.id AS resumes_id, resumes.original_filename AS resumes_original_filename, resumes.file_path AS resumes_file_path, resumes.name AS resumes_name, resumes.email AS resumes_email, resumes.phone AS resumes_phone, resumes.location AS resumes_location, resumes.summary AS resumes_summary, resumes.skills AS resumes_skills, resumes.experience AS resumes_experience, resumes.education AS resumes_education, resumes.projects AS resumes_projects, resumes.certifications AS resumes_certifications, resumes.technologies AS resumes_technologies, resumes.strengths AS resumes_strengths, resumes.analysis_json AS resumes_analysis_json, resumes.raw_text AS resumes_raw_text, resumes.file_size AS resumes_file_size, resumes.parsed_at AS resumes_parsed_at 
FROM resumes ORDER BY resumes.parsed_at DESC
 LIMIT ? OFFSET ?
2026-08-05 14:21:13 | INFO     | sqlalchemy.engine.Engine | SELECT resumes.id AS resumes_id, resumes.original_filename AS resumes_original_filename, resumes.file_path AS resumes_file_path, resumes.name AS resumes_name, resumes.email AS resumes_email, resumes.phone AS resumes_phone, resumes.location AS resumes_location, resumes.summary AS resumes_summary, resumes.skills AS resumes_skills, resumes.experience AS resumes_experience, resumes.education AS resumes_education, resumes.projects AS resumes_projects, resumes.certifications AS resumes_certifications, resumes.technologies AS resumes_technologies, resumes.strengths AS resumes_strengths, resumes.analysis_json AS resumes_analysis_json, resumes.raw_text AS resumes_raw_text, resumes.file_size AS resumes_file_size, resumes.parsed_at AS resumes_parsed_at 
FROM resumes ORDER BY resumes.parsed_at DESC
 LIMIT ? OFFSET ?
2026-08-05 14:21:13,755 INFO sqlalchemy.engine.Engine [cached since 1799s ago] (1, 0)
2026-08-05 14:21:13 | INFO     | sqlalchemy.engine.Engine | [cached since 1799s ago] (1, 0)
INFO:     127.0.0.1:60809 - "GET /api/resume/latest HTTP/1.1" 200 OK
2026-08-05 14:21:13,759 INFO sqlalchemy.engine.Engine ROLLBACK
2026-08-05 14:21:13 | INFO     | sqlalchemy.engine.Engine | ROLLBACK
2026-08-05 14:21:28 | INFO     | fundflow | Using cached discovery (20 companies, 0.4h old)
2026-08-05 14:21:28,502 INFO sqlalchemy.engine.Engine BEGIN (implicit)
2026-08-05 14:21:28 | INFO     | sqlalchemy.engine.Engine | BEGIN (implicit)
2026-08-05 14:21:28,502 INFO sqlalchemy.engine.Engine SELECT resumes.id AS resumes_id, resumes.original_filename AS resumes_original_filename, resumes.file_path AS resumes_file_path, resumes.name AS resumes_name, resumes.email AS resumes_email, resumes.phone AS resumes_phone, resumes.location AS resumes_location, resumes.summary AS resumes_summary, resumes.skills AS resumes_skills, resumes.experience AS resumes_experience, resumes.education AS resumes_education, resumes.projects AS resumes_projects, resumes.certifications AS resumes_certifications, resumes.technologies AS resumes_technologies, resumes.strengths AS resumes_strengths, resumes.analysis_json AS resumes_analysis_json, resumes.raw_text AS resumes_raw_text, resumes.file_size AS resumes_file_size, resumes.parsed_at AS resumes_parsed_at 
FROM resumes ORDER BY resumes.parsed_at DESC
 LIMIT ? OFFSET ?
2026-08-05 14:21:28 | INFO     | sqlalchemy.engine.Engine | SELECT resumes.id AS resumes_id, resumes.original_filename AS resumes_original_filename, resumes.file_path AS resumes_file_path, resumes.name AS resumes_name, resumes.email AS resumes_email, resumes.phone AS resumes_phone, resumes.location AS resumes_location, resumes.summary AS resumes_summary, resumes.skills AS resumes_skills, resumes.experience AS resumes_experience, resumes.education AS resumes_education, resumes.projects AS resumes_projects, resumes.certifications AS resumes_certifications, resumes.technologies AS resumes_technologies, resumes.strengths AS resumes_strengths, resumes.analysis_json AS resumes_analysis_json, resumes.raw_text AS resumes_raw_text, resumes.file_size AS resumes_file_size, resumes.parsed_at AS resumes_parsed_at 
FROM resumes ORDER BY resumes.parsed_at DESC
 LIMIT ? OFFSET ?
2026-08-05 14:21:28,502 INFO sqlalchemy.engine.Engine [cached since 1814s ago] (1, 0)
2026-08-05 14:21:28 | INFO     | sqlalchemy.engine.Engine | [cached since 1814s ago] (1, 0)
INFO:     127.0.0.1:57866 - "GET /api/companies HTTP/1.1" 200 OK
2026-08-05 14:21:28,554 INFO sqlalchemy.engine.Engine ROLLBACK
2026-08-05 14:21:28 | INFO     | sqlalchemy.engine.Engine | ROLLBACK
2026-08-05 14:21:28 | INFO     | fundflow | Using cached discovery (20 companies, 0.4h old)
2026-08-05 14:21:28,623 INFO sqlalchemy.engine.Engine BEGIN (implicit)
2026-08-05 14:21:28 | INFO     | sqlalchemy.engine.Engine | BEGIN (implicit)
2026-08-05 14:21:28,623 INFO sqlalchemy.engine.Engine SELECT resumes.id AS resumes_id, resumes.original_filename AS resumes_original_filename, resumes.file_path AS resumes_file_path, resumes.name AS resumes_name, resumes.email AS resumes_email, resumes.phone AS resumes_phone, resumes.location AS resumes_location, resumes.summary AS resumes_summary, resumes.skills AS resumes_skills, resumes.experience AS resumes_experience, resumes.education AS resumes_education, resumes.projects AS resumes_projects, resumes.certifications AS resumes_certifications, resumes.technologies AS resumes_technologies, resumes.strengths AS resumes_strengths, resumes.analysis_json AS resumes_analysis_json, resumes.raw_text AS resumes_raw_text, resumes.file_size AS resumes_file_size, resumes.parsed_at AS resumes_parsed_at 
FROM resumes ORDER BY resumes.parsed_at DESC
 LIMIT ? OFFSET ?
2026-08-05 14:21:28 | INFO     | sqlalchemy.engine.Engine | SELECT resumes.id AS resumes_id, resumes.original_filename AS resumes_original_filename, resumes.file_path AS resumes_file_path, resumes.name AS resumes_name, resumes.email AS resumes_email, resumes.phone AS resumes_phone, resumes.location AS resumes_location, resumes.summary AS resumes_summary, resumes.skills AS resumes_skills, resumes.experience AS resumes_experience, resumes.education AS resumes_education, resumes.projects AS resumes_projects, resumes.certifications AS resumes_certifications, resumes.technologies AS resumes_technologies, resumes.strengths AS resumes_strengths, resumes.analysis_json AS resumes_analysis_json, resumes.raw_text AS resumes_raw_text, resumes.file_size AS resumes_file_size, resumes.parsed_at AS resumes_parsed_at 
FROM resumes ORDER BY resumes.parsed_at DESC
 LIMIT ? OFFSET ?
2026-08-05 14:21:28,634 INFO sqlalchemy.engine.Engine [cached since 1814s ago] (1, 0)
2026-08-05 14:21:28 | INFO     | sqlalchemy.engine.Engine | [cached since 1814s ago] (1, 0)
INFO:     127.0.0.1:57868 - "GET /api/companies HTTP/1.1" 200 OK
2026-08-05 14:21:28,642 INFO sqlalchemy.engine.Engine ROLLBACK
2026-08-05 14:21:28 | INFO     | sqlalchemy.engine.Engine | ROLLBACK
2026-08-05 14:21:39 | INFO     | fundflow | Using cached discovery (20 companies, 0.5h old)
2026-08-05 14:21:39,995 INFO sqlalchemy.engine.Engine BEGIN (implicit)
2026-08-05 14:21:39 | INFO     | sqlalchemy.engine.Engine | BEGIN (implicit)
2026-08-05 14:21:39,995 INFO sqlalchemy.engine.Engine SELECT resumes.id AS resumes_id, resumes.original_filename AS resumes_original_filename, resumes.file_path AS resumes_file_path, resumes.name AS resumes_name, resumes.email AS resumes_email, resumes.phone AS resumes_phone, resumes.location AS resumes_location, resumes.summary AS resumes_summary, resumes.skills AS resumes_skills, resumes.experience AS resumes_experience, resumes.education AS resumes_education, resumes.projects AS resumes_projects, resumes.certifications AS resumes_certifications, resumes.technologies AS resumes_technologies, resumes.strengths AS resumes_strengths, resumes.analysis_json AS resumes_analysis_json, resumes.raw_text AS resumes_raw_text, resumes.file_size AS resumes_file_size, resumes.parsed_at AS resumes_parsed_at 
FROM resumes ORDER BY resumes.parsed_at DESC
 LIMIT ? OFFSET ?
2026-08-05 14:21:39 | INFO     | sqlalchemy.engine.Engine | SELECT resumes.id AS resumes_id, resumes.original_filename AS resumes_original_filename, resumes.file_path AS resumes_file_path, resumes.name AS resumes_name, resumes.email AS resumes_email, resumes.phone AS resumes_phone, resumes.location AS resumes_location, resumes.summary AS resumes_summary, resumes.skills AS resumes_skills, resumes.experience AS resumes_experience, resumes.education AS resumes_education, resumes.projects AS resumes_projects, resumes.certifications AS resumes_certifications, resumes.technologies AS resumes_technologies, resumes.strengths AS resumes_strengths, resumes.analysis_json AS resumes_analysis_json, resumes.raw_text AS resumes_raw_text, resumes.file_size AS resumes_file_size, resumes.parsed_at AS resumes_parsed_at 
FROM resumes ORDER BY resumes.parsed_at DESC
 LIMIT ? OFFSET ?
2026-08-05 14:21:39,995 INFO sqlalchemy.engine.Engine [cached since 1826s ago] (1, 0)
2026-08-05 14:21:39 | INFO     | sqlalchemy.engine.Engine | [cached since 1826s ago] (1, 0)
INFO:     127.0.0.1:56065 - "GET /api/companies HTTP/1.1" 200 OK
2026-08-05 14:21:40,008 INFO sqlalchemy.engine.Engine ROLLBACK
2026-08-05 14:21:40 | INFO     | sqlalchemy.engine.Engine | ROLLBACK
2026-08-05 14:21:48 | INFO     | fundflow | Using cached discovery (20 companies, 0.5h old)
2026-08-05 14:21:48,213 INFO sqlalchemy.engine.Engine BEGIN (implicit)
2026-08-05 14:21:48 | INFO     | sqlalchemy.engine.Engine | BEGIN (implicit)
2026-08-05 14:21:48,217 INFO sqlalchemy.engine.Engine SELECT resumes.id AS resumes_id, resumes.original_filename AS resumes_original_filename, resumes.file_path AS resumes_file_path, resumes.name AS resumes_name, resumes.email AS resumes_email, resumes.phone AS resumes_phone, resumes.location AS resumes_location, resumes.summary AS resumes_summary, resumes.skills AS resumes_skills, resumes.experience AS resumes_experience, resumes.education AS resumes_education, resumes.projects AS resumes_projects, resumes.certifications AS resumes_certifications, resumes.technologies AS resumes_technologies, resumes.strengths AS resumes_strengths, resumes.analysis_json AS resumes_analysis_json, resumes.raw_text AS resumes_raw_text, resumes.file_size AS resumes_file_size, resumes.parsed_at AS resumes_parsed_at 
FROM resumes ORDER BY resumes.parsed_at DESC
 LIMIT ? OFFSET ?
2026-08-05 14:21:48 | INFO     | sqlalchemy.engine.Engine | SELECT resumes.id AS resumes_id, resumes.original_filename AS resumes_original_filename, resumes.file_path AS resumes_file_path, resumes.name AS resumes_name, resumes.email AS resumes_email, resumes.phone AS resumes_phone, resumes.location AS resumes_location, resumes.summary AS resumes_summary, resumes.skills AS resumes_skills, resumes.experience AS resumes_experience, resumes.education AS resumes_education, resumes.projects AS resumes_projects, resumes.certifications AS resumes_certifications, resumes.technologies AS resumes_technologies, resumes.strengths AS resumes_strengths, resumes.analysis_json AS resumes_analysis_json, resumes.raw_text AS resumes_raw_text, resumes.file_size AS resumes_file_size, resumes.parsed_at AS resumes_parsed_at 
FROM resumes ORDER BY resumes.parsed_at DESC
 LIMIT ? OFFSET ?
2026-08-05 14:21:48,217 INFO sqlalchemy.engine.Engine [cached since 1834s ago] (1, 0)
2026-08-05 14:21:48 | INFO     | sqlalchemy.engine.Engine | [cached since 1834s ago] (1, 0)
INFO:     127.0.0.1:49210 - "GET /api/companies HTTP/1.1" 200 OK
2026-08-05 14:21:48,243 INFO sqlalchemy.engine.Engine ROLLBACK
2026-08-05 14:21:48 | INFO     | sqlalchemy.engine.Engine | ROLLBACK
2026-08-05 14:24:26 | INFO     | fundflow | Using cached discovery (20 companies, 0.5h old)
2026-08-05 14:24:26,238 INFO sqlalchemy.engine.Engine BEGIN (implicit)
2026-08-05 14:24:26 | INFO     | sqlalchemy.engine.Engine | BEGIN (implicit)
2026-08-05 14:24:26,238 INFO sqlalchemy.engine.Engine SELECT resumes.id AS resumes_id, resumes.original_filename AS resumes_original_filename, resumes.file_path AS resumes_file_path, resumes.name AS resumes_name, resumes.email AS resumes_email, resumes.phone AS resumes_phone, resumes.location AS resumes_location, resumes.summary AS resumes_summary, resumes.skills AS resumes_skills, resumes.experience AS resumes_experience, resumes.education AS resumes_education, resumes.projects AS resumes_projects, resumes.certifications AS resumes_certifications, resumes.technologies AS resumes_technologies, resumes.strengths AS resumes_strengths, resumes.analysis_json AS resumes_analysis_json, resumes.raw_text AS resumes_raw_text, resumes.file_size AS resumes_file_size, resumes.parsed_at AS resumes_parsed_at 
FROM resumes ORDER BY resumes.parsed_at DESC
 LIMIT ? OFFSET ?
2026-08-05 14:24:26 | INFO     | sqlalchemy.engine.Engine | SELECT resumes.id AS resumes_id, resumes.original_filename AS resumes_original_filename, resumes.file_path AS resumes_file_path, resumes.name AS resumes_name, resumes.email AS resumes_email, resumes.phone AS resumes_phone, resumes.location AS resumes_location, resumes.summary AS resumes_summary, resumes.skills AS resumes_skills, resumes.experience AS resumes_experience, resumes.education AS resumes_education, resumes.projects AS resumes_projects, resumes.certifications AS resumes_certifications, resumes.technologies AS resumes_technologies, resumes.strengths AS resumes_strengths, resumes.analysis_json AS resumes_analysis_json, resumes.raw_text AS resumes_raw_text, resumes.file_size AS resumes_file_size, resumes.parsed_at AS resumes_parsed_at 
FROM resumes ORDER BY resumes.parsed_at DESC
 LIMIT ? OFFSET ?
2026-08-05 14:24:26,238 INFO sqlalchemy.engine.Engine [cached since 1992s ago] (1, 0)
2026-08-05 14:24:26 | INFO     | sqlalchemy.engine.Engine | [cached since 1992s ago] (1, 0)
INFO:     127.0.0.1:63185 - "GET /api/companies HTTP/1.1" 200 OK
2026-08-05 14:24:26,246 INFO sqlalchemy.engine.Engine ROLLBACK
2026-08-05 14:24:26 | INFO     | sqlalchemy.engine.Engine | ROLLBACK
2026-08-05 14:24:26 | INFO     | fundflow | Using cached discovery (20 companies, 0.5h old)
2026-08-05 14:24:26,266 INFO sqlalchemy.engine.Engine BEGIN (implicit)
2026-08-05 14:24:26 | INFO     | sqlalchemy.engine.Engine | BEGIN (implicit)
2026-08-05 14:24:26,271 INFO sqlalchemy.engine.Engine SELECT resumes.id AS resumes_id, resumes.original_filename AS resumes_original_filename, resumes.file_path AS resumes_file_path, resumes.name AS resumes_name, resumes.email AS resumes_email, resumes.phone AS resumes_phone, resumes.location AS resumes_location, resumes.summary AS resumes_summary, resumes.skills AS resumes_skills, resumes.experience AS resumes_experience, resumes.education AS resumes_education, resumes.projects AS resumes_projects, resumes.certifications AS resumes_certifications, resumes.technologies AS resumes_technologies, resumes.strengths AS resumes_strengths, resumes.analysis_json AS resumes_analysis_json, resumes.raw_text AS resumes_raw_text, resumes.file_size AS resumes_file_size, resumes.parsed_at AS resumes_parsed_at 
FROM resumes ORDER BY resumes.parsed_at DESC
 LIMIT ? OFFSET ?
2026-08-05 14:24:26 | INFO     | sqlalchemy.engine.Engine | SELECT resumes.id AS resumes_id, resumes.original_filename AS resumes_original_filename, resumes.file_path AS resumes_file_path, resumes.name AS resumes_name, resumes.email AS resumes_email, resumes.phone AS resumes_phone, resumes.location AS resumes_location, resumes.summary AS resumes_summary, resumes.skills AS resumes_skills, resumes.experience AS resumes_experience, resumes.education AS resumes_education, resumes.projects AS resumes_projects, resumes.certifications AS resumes_certifications, resumes.technologies AS resumes_technologies, resumes.strengths AS resumes_strengths, resumes.analysis_json AS resumes_analysis_json, resumes.raw_text AS resumes_raw_text, resumes.file_size AS resumes_file_size, resumes.parsed_at AS resumes_parsed_at 
FROM resumes ORDER BY resumes.parsed_at DESC
 LIMIT ? OFFSET ?
2026-08-05 14:24:26,271 INFO sqlalchemy.engine.Engine [cached since 1992s ago] (1, 0)
2026-08-05 14:24:26 | INFO     | sqlalchemy.engine.Engine | [cached since 1992s ago] (1, 0)
INFO:     127.0.0.1:63187 - "GET /api/companies HTTP/1.1" 200 OK
2026-08-05 14:24:26,311 INFO sqlalchemy.engine.Engine ROLLBACK
2026-08-05 14:24:26 | INFO     | sqlalchemy.engine.Engine | ROLLBACK
2026-08-05 14:24:28 | INFO     | fundflow | Using cached discovery (20 companies, 0.5h old)
2026-08-05 14:24:28,731 INFO sqlalchemy.engine.Engine BEGIN (implicit)
2026-08-05 14:24:28 | INFO     | sqlalchemy.engine.Engine | BEGIN (implicit)
2026-08-05 14:24:28,731 INFO sqlalchemy.engine.Engine SELECT resumes.id AS resumes_id, resumes.original_filename AS resumes_original_filename, resumes.file_path AS resumes_file_path, resumes.name AS resumes_name, resumes.email AS resumes_email, resumes.phone AS resumes_phone, resumes.location AS resumes_location, resumes.summary AS resumes_summary, resumes.skills AS resumes_skills, resumes.experience AS resumes_experience, resumes.education AS resumes_education, resumes.projects AS resumes_projects, resumes.certifications AS resumes_certifications, resumes.technologies AS resumes_technologies, resumes.strengths AS resumes_strengths, resumes.analysis_json AS resumes_analysis_json, resumes.raw_text AS resumes_raw_text, resumes.file_size AS resumes_file_size, resumes.parsed_at AS resumes_parsed_at 
FROM resumes ORDER BY resumes.parsed_at DESC
 LIMIT ? OFFSET ?
2026-08-05 14:24:28 | INFO     | sqlalchemy.engine.Engine | SELECT resumes.id AS resumes_id, resumes.original_filename AS resumes_original_filename, resumes.file_path AS resumes_file_path, resumes.name AS resumes_name, resumes.email AS resumes_email, resumes.phone AS resumes_phone, resumes.location AS resumes_location, resumes.summary AS resumes_summary, resumes.skills AS resumes_skills, resumes.experience AS resumes_experience, resumes.education AS resumes_education, resumes.projects AS resumes_projects, resumes.certifications AS resumes_certifications, resumes.technologies AS resumes_technologies, resumes.strengths AS resumes_strengths, resumes.analysis_json AS resumes_analysis_json, resumes.raw_text AS resumes_raw_text, resumes.file_size AS resumes_file_size, resumes.parsed_at AS resumes_parsed_at 
FROM resumes ORDER BY resumes.parsed_at DESC
 LIMIT ? OFFSET ?
2026-08-05 14:24:28,731 INFO sqlalchemy.engine.Engine [cached since 1994s ago] (1, 0)
2026-08-05 14:24:28 | INFO     | sqlalchemy.engine.Engine | [cached since 1994s ago] (1, 0)
INFO:     127.0.0.1:52600 - "GET /api/companies HTTP/1.1" 200 OK
2026-08-05 14:24:28,754 INFO sqlalchemy.engine.Engine ROLLBACK
2026-08-05 14:24:28 | INFO     | sqlalchemy.engine.Engine | ROLLBACK
2026-08-05 14:24:28 | INFO     | fundflow | Using cached discovery (20 companies, 0.5h old)
2026-08-05 14:24:28,791 INFO sqlalchemy.engine.Engine BEGIN (implicit)
2026-08-05 14:24:28 | INFO     | sqlalchemy.engine.Engine | BEGIN (implicit)
2026-08-05 14:24:28,793 INFO sqlalchemy.engine.Engine SELECT resumes.id AS resumes_id, resumes.original_filename AS resumes_original_filename, resumes.file_path AS resumes_file_path, resumes.name AS resumes_name, resumes.email AS resumes_email, resumes.phone AS resumes_phone, resumes.location AS resumes_location, resumes.summary AS resumes_summary, resumes.skills AS resumes_skills, resumes.experience AS resumes_experience, resumes.education AS resumes_education, resumes.projects AS resumes_projects, resumes.certifications AS resumes_certifications, resumes.technologies AS resumes_technologies, resumes.strengths AS resumes_strengths, resumes.analysis_json AS resumes_analysis_json, resumes.raw_text AS resumes_raw_text, resumes.file_size AS resumes_file_size, resumes.parsed_at AS resumes_parsed_at 
FROM resumes ORDER BY resumes.parsed_at DESC
 LIMIT ? OFFSET ?
2026-08-05 14:24:28 | INFO     | sqlalchemy.engine.Engine | SELECT resumes.id AS resumes_id, resumes.original_filename AS resumes_original_filename, resumes.file_path AS resumes_file_path, resumes.name AS resumes_name, resumes.email AS resumes_email, resumes.phone AS resumes_phone, resumes.location AS resumes_location, resumes.summary AS resumes_summary, resumes.skills AS resumes_skills, resumes.experience AS resumes_experience, resumes.education AS resumes_education, resumes.projects AS resumes_projects, resumes.certifications AS resumes_certifications, resumes.technologies AS resumes_technologies, resumes.strengths AS resumes_strengths, resumes.analysis_json AS resumes_analysis_json, resumes.raw_text AS resumes_raw_text, resumes.file_size AS resumes_file_size, resumes.parsed_at AS resumes_parsed_at 
FROM resumes ORDER BY resumes.parsed_at DESC
 LIMIT ? OFFSET ?
2026-08-05 14:24:28,793 INFO sqlalchemy.engine.Engine [cached since 1994s ago] (1, 0)
2026-08-05 14:24:28 | INFO     | sqlalchemy.engine.Engine | [cached since 1994s ago] (1, 0)
INFO:     127.0.0.1:52602 - "GET /api/companies HTTP/1.1" 200 OK
2026-08-05 14:24:28,836 INFO sqlalchemy.engine.Engine ROLLBACK
2026-08-05 14:24:28 | INFO     | sqlalchemy.engine.Engine | ROLLBACK
INFO:     127.0.0.1:58496 - "GET /api/health HTTP/1.1" 200 OK
2026-08-05 14:46:34,947 INFO sqlalchemy.engine.Engine BEGIN (implicit)
2026-08-05 14:46:34 | INFO     | sqlalchemy.engine.Engine | BEGIN (implicit)
2026-08-05 14:46:34,948 INFO sqlalchemy.engine.Engine SELECT resumes.id AS resumes_id, resumes.original_filename AS resumes_original_filename, resumes.file_path AS resumes_file_path, resumes.name AS resumes_name, resumes.email AS resumes_email, resumes.phone AS resumes_phone, resumes.location AS resumes_location, resumes.summary AS resumes_summary, resumes.skills AS resumes_skills, resumes.experience AS resumes_experience, resumes.education AS resumes_education, resumes.projects AS resumes_projects, resumes.certifications AS resumes_certifications, resumes.technologies AS resumes_technologies, resumes.strengths AS resumes_strengths, resumes.analysis_json AS resumes_analysis_json, resumes.raw_text AS resumes_raw_text, resumes.file_size AS resumes_file_size, resumes.parsed_at AS resumes_parsed_at 
FROM resumes ORDER BY resumes.parsed_at DESC
 LIMIT ? OFFSET ?
2026-08-05 14:46:34 | INFO     | sqlalchemy.engine.Engine | SELECT resumes.id AS resumes_id, resumes.original_filename AS resumes_original_filename, resumes.file_path AS resumes_file_path, resumes.name AS resumes_name, resumes.email AS resumes_email, resumes.phone AS resumes_phone, resumes.location AS resumes_location, resumes.summary AS resumes_summary, resumes.skills AS resumes_skills, resumes.experience AS resumes_experience, resumes.education AS resumes_education, resumes.projects AS resumes_projects, resumes.certifications AS resumes_certifications, resumes.technologies AS resumes_technologies, resumes.strengths AS resumes_strengths, resumes.analysis_json AS resumes_analysis_json, resumes.raw_text AS resumes_raw_text, resumes.file_size AS resumes_file_size, resumes.parsed_at AS resumes_parsed_at 
FROM resumes ORDER BY resumes.parsed_at DESC
 LIMIT ? OFFSET ?
2026-08-05 14:46:34,948 INFO sqlalchemy.engine.Engine [cached since 3321s ago] (1, 0)
2026-08-05 14:46:34 | INFO     | sqlalchemy.engine.Engine | [cached since 3321s ago] (1, 0)
INFO:     127.0.0.1:58610 - "GET /api/resume/latest HTTP/1.1" 200 OK
2026-08-05 14:46:34,951 INFO sqlalchemy.engine.Engine ROLLBACK
2026-08-05 14:46:34 | INFO     | sqlalchemy.engine.Engine | ROLLBACK
2026-08-05 14:46:34,961 INFO sqlalchemy.engine.Engine BEGIN (implicit)
2026-08-05 14:46:34 | INFO     | sqlalchemy.engine.Engine | BEGIN (implicit)
2026-08-05 14:46:34,962 INFO sqlalchemy.engine.Engine SELECT resumes.id AS resumes_id, resumes.original_filename AS resumes_original_filename, resumes.file_path AS resumes_file_path, resumes.name AS resumes_name, resumes.email AS resumes_email, resumes.phone AS resumes_phone, resumes.location AS resumes_location, resumes.summary AS resumes_summary, resumes.skills AS resumes_skills, resumes.experience AS resumes_experience, resumes.education AS resumes_education, resumes.projects AS resumes_projects, resumes.certifications AS resumes_certifications, resumes.technologies AS resumes_technologies, resumes.strengths AS resumes_strengths, resumes.analysis_json AS resumes_analysis_json, resumes.raw_text AS resumes_raw_text, resumes.file_size AS resumes_file_size, resumes.parsed_at AS resumes_parsed_at 
FROM resumes ORDER BY resumes.parsed_at DESC
 LIMIT ? OFFSET ?
2026-08-05 14:46:34 | INFO     | sqlalchemy.engine.Engine | SELECT resumes.id AS resumes_id, resumes.original_filename AS resumes_original_filename, resumes.file_path AS resumes_file_path, resumes.name AS resumes_name, resumes.email AS resumes_email, resumes.phone AS resumes_phone, resumes.location AS resumes_location, resumes.summary AS resumes_summary, resumes.skills AS resumes_skills, resumes.experience AS resumes_experience, resumes.education AS resumes_education, resumes.projects AS resumes_projects, resumes.certifications AS resumes_certifications, resumes.technologies AS resumes_technologies, resumes.strengths AS resumes_strengths, resumes.analysis_json AS resumes_analysis_json, resumes.raw_text AS resumes_raw_text, resumes.file_size AS resumes_file_size, resumes.parsed_at AS resumes_parsed_at 
FROM resumes ORDER BY resumes.parsed_at DESC
 LIMIT ? OFFSET ?
2026-08-05 14:46:34,962 INFO sqlalchemy.engine.Engine [cached since 3321s ago] (1, 0)
2026-08-05 14:46:34 | INFO     | sqlalchemy.engine.Engine | [cached since 3321s ago] (1, 0)
INFO:     127.0.0.1:58612 - "GET /api/resume/latest HTTP/1.1" 200 OK
2026-08-05 14:46:34,965 INFO sqlalchemy.engine.Engine ROLLBACK
2026-08-05 14:46:34 | INFO     | sqlalchemy.engine.Engine | ROLLBACK
2026-08-05 14:46:46,755 INFO sqlalchemy.engine.Engine BEGIN (implicit)
2026-08-05 14:46:46 | INFO     | sqlalchemy.engine.Engine | BEGIN (implicit)
2026-08-05 14:46:46,756 INFO sqlalchemy.engine.Engine SELECT resumes.id AS resumes_id, resumes.original_filename AS resumes_original_filename, resumes.file_path AS resumes_file_path, resumes.name AS resumes_name, resumes.email AS resumes_email, resumes.phone AS resumes_phone, resumes.location AS resumes_location, resumes.summary AS resumes_summary, resumes.skills AS resumes_skills, resumes.experience AS resumes_experience, resumes.education AS resumes_education, resumes.projects AS resumes_projects, resumes.certifications AS resumes_certifications, resumes.technologies AS resumes_technologies, resumes.strengths AS resumes_strengths, resumes.analysis_json AS resumes_analysis_json, resumes.raw_text AS resumes_raw_text, resumes.file_size AS resumes_file_size, resumes.parsed_at AS resumes_parsed_at 
FROM resumes ORDER BY resumes.parsed_at DESC
 LIMIT ? OFFSET ?
2026-08-05 14:46:46 | INFO     | sqlalchemy.engine.Engine | SELECT resumes.id AS resumes_id, resumes.original_filename AS resumes_original_filename, resumes.file_path AS resumes_file_path, resumes.name AS resumes_name, resumes.email AS resumes_email, resumes.phone AS resumes_phone, resumes.location AS resumes_location, resumes.summary AS resumes_summary, resumes.skills AS resumes_skills, resumes.experience AS resumes_experience, resumes.education AS resumes_education, resumes.projects AS resumes_projects, resumes.certifications AS resumes_certifications, resumes.technologies AS resumes_technologies, resumes.strengths AS resumes_strengths, resumes.analysis_json AS resumes_analysis_json, resumes.raw_text AS resumes_raw_text, resumes.file_size AS resumes_file_size, resumes.parsed_at AS resumes_parsed_at 
FROM resumes ORDER BY resumes.parsed_at DESC
 LIMIT ? OFFSET ?
2026-08-05 14:46:46,756 INFO sqlalchemy.engine.Engine [cached since 3332s ago] (1, 0)
2026-08-05 14:46:46 | INFO     | sqlalchemy.engine.Engine | [cached since 3332s ago] (1, 0)
INFO:     127.0.0.1:54220 - "GET /api/resume/latest HTTP/1.1" 200 OK
2026-08-05 14:46:46,758 INFO sqlalchemy.engine.Engine ROLLBACK
2026-08-05 14:46:46 | INFO     | sqlalchemy.engine.Engine | ROLLBACK
2026-08-05 14:46:46,772 INFO sqlalchemy.engine.Engine BEGIN (implicit)
2026-08-05 14:46:46 | INFO     | sqlalchemy.engine.Engine | BEGIN (implicit)
2026-08-05 14:46:46,772 INFO sqlalchemy.engine.Engine SELECT resumes.id AS resumes_id, resumes.original_filename AS resumes_original_filename, resumes.file_path AS resumes_file_path, resumes.name AS resumes_name, resumes.email AS resumes_email, resumes.phone AS resumes_phone, resumes.location AS resumes_location, resumes.summary AS resumes_summary, resumes.skills AS resumes_skills, resumes.experience AS resumes_experience, resumes.education AS resumes_education, resumes.projects AS resumes_projects, resumes.certifications AS resumes_certifications, resumes.technologies AS resumes_technologies, resumes.strengths AS resumes_strengths, resumes.analysis_json AS resumes_analysis_json, resumes.raw_text AS resumes_raw_text, resumes.file_size AS resumes_file_size, resumes.parsed_at AS resumes_parsed_at 
FROM resumes ORDER BY resumes.parsed_at DESC
 LIMIT ? OFFSET ?
2026-08-05 14:46:46 | INFO     | sqlalchemy.engine.Engine | SELECT resumes.id AS resumes_id, resumes.original_filename AS resumes_original_filename, resumes.file_path AS resumes_file_path, resumes.name AS resumes_name, resumes.email AS resumes_email, resumes.phone AS resumes_phone, resumes.location AS resumes_location, resumes.summary AS resumes_summary, resumes.skills AS resumes_skills, resumes.experience AS resumes_experience, resumes.education AS resumes_education, resumes.projects AS resumes_projects, resumes.certifications AS resumes_certifications, resumes.technologies AS resumes_technologies, resumes.strengths AS resumes_strengths, resumes.analysis_json AS resumes_analysis_json, resumes.raw_text AS resumes_raw_text, resumes.file_size AS resumes_file_size, resumes.parsed_at AS resumes_parsed_at 
FROM resumes ORDER BY resumes.parsed_at DESC
 LIMIT ? OFFSET ?
2026-08-05 14:46:46,772 INFO sqlalchemy.engine.Engine [cached since 3332s ago] (1, 0)
2026-08-05 14:46:46 | INFO     | sqlalchemy.engine.Engine | [cached since 3332s ago] (1, 0)
INFO:     127.0.0.1:52442 - "GET /api/resume/latest HTTP/1.1" 200 OK
2026-08-05 14:46:46,774 INFO sqlalchemy.engine.Engine ROLLBACK
2026-08-05 14:46:46 | INFO     | sqlalchemy.engine.Engine | ROLLBACK
2026-08-05 14:47:03,547 INFO sqlalchemy.engine.Engine BEGIN (implicit)
2026-08-05 14:47:03 | INFO     | sqlalchemy.engine.Engine | BEGIN (implicit)
2026-08-05 14:47:03,547 INFO sqlalchemy.engine.Engine SELECT resumes.id AS resumes_id, resumes.original_filename AS resumes_original_filename, resumes.file_path AS resumes_file_path, resumes.name AS resumes_name, resumes.email AS resumes_email, resumes.phone AS resumes_phone, resumes.location AS resumes_location, resumes.summary AS resumes_summary, resumes.skills AS resumes_skills, resumes.experience AS resumes_experience, resumes.education AS resumes_education, resumes.projects AS resumes_projects, resumes.certifications AS resumes_certifications, resumes.technologies AS resumes_technologies, resumes.strengths AS resumes_strengths, resumes.analysis_json AS resumes_analysis_json, resumes.raw_text AS resumes_raw_text, resumes.file_size AS resumes_file_size, resumes.parsed_at AS resumes_parsed_at 
FROM resumes ORDER BY resumes.parsed_at DESC
 LIMIT ? OFFSET ?
2026-08-05 14:47:03 | INFO     | sqlalchemy.engine.Engine | SELECT resumes.id AS resumes_id, resumes.original_filename AS resumes_original_filename, resumes.file_path AS resumes_file_path, resumes.name AS resumes_name, resumes.email AS resumes_email, resumes.phone AS resumes_phone, resumes.location AS resumes_location, resumes.summary AS resumes_summary, resumes.skills AS resumes_skills, resumes.experience AS resumes_experience, resumes.education AS resumes_education, resumes.projects AS resumes_projects, resumes.certifications AS resumes_certifications, resumes.technologies AS resumes_technologies, resumes.strengths AS resumes_strengths, resumes.analysis_json AS resumes_analysis_json, resumes.raw_text AS resumes_raw_text, resumes.file_size AS resumes_file_size, resumes.parsed_at AS resumes_parsed_at 
FROM resumes ORDER BY resumes.parsed_at DESC
 LIMIT ? OFFSET ?
2026-08-05 14:47:03,547 INFO sqlalchemy.engine.Engine [cached since 3349s ago] (1, 0)
2026-08-05 14:47:03 | INFO     | sqlalchemy.engine.Engine | [cached since 3349s ago] (1, 0)
INFO:     127.0.0.1:51447 - "GET /api/resume/latest HTTP/1.1" 200 OK
2026-08-05 14:47:03,550 INFO sqlalchemy.engine.Engine ROLLBACK
2026-08-05 14:47:03 | INFO     | sqlalchemy.engine.Engine | ROLLBACK
2026-08-05 14:47:03,561 INFO sqlalchemy.engine.Engine BEGIN (implicit)
2026-08-05 14:47:03 | INFO     | sqlalchemy.engine.Engine | BEGIN (implicit)
2026-08-05 14:47:03,561 INFO sqlalchemy.engine.Engine SELECT resumes.id AS resumes_id, resumes.original_filename AS resumes_original_filename, resumes.file_path AS resumes_file_path, resumes.name AS resumes_name, resumes.email AS resumes_email, resumes.phone AS resumes_phone, resumes.location AS resumes_location, resumes.summary AS resumes_summary, resumes.skills AS resumes_skills, resumes.experience AS resumes_experience, resumes.education AS resumes_education, resumes.projects AS resumes_projects, resumes.certifications AS resumes_certifications, resumes.technologies AS resumes_technologies, resumes.strengths AS resumes_strengths, resumes.analysis_json AS resumes_analysis_json, resumes.raw_text AS resumes_raw_text, resumes.file_size AS resumes_file_size, resumes.parsed_at AS resumes_parsed_at 
FROM resumes ORDER BY resumes.parsed_at DESC
 LIMIT ? OFFSET ?
2026-08-05 14:47:03 | INFO     | sqlalchemy.engine.Engine | SELECT resumes.id AS resumes_id, resumes.original_filename AS resumes_original_filename, resumes.file_path AS resumes_file_path, resumes.name AS resumes_name, resumes.email AS resumes_email, resumes.phone AS resumes_phone, resumes.location AS resumes_location, resumes.summary AS resumes_summary, resumes.skills AS resumes_skills, resumes.experience AS resumes_experience, resumes.education AS resumes_education, resumes.projects AS resumes_projects, resumes.certifications AS resumes_certifications, resumes.technologies AS resumes_technologies, resumes.strengths AS resumes_strengths, resumes.analysis_json AS resumes_analysis_json, resumes.raw_text AS resumes_raw_text, resumes.file_size AS resumes_file_size, resumes.parsed_at AS resumes_parsed_at 
FROM resumes ORDER BY resumes.parsed_at DESC
 LIMIT ? OFFSET ?
2026-08-05 14:47:03,563 INFO sqlalchemy.engine.Engine [cached since 3349s ago] (1, 0)
2026-08-05 14:47:03 | INFO     | sqlalchemy.engine.Engine | [cached since 3349s ago] (1, 0)
INFO:     127.0.0.1:64081 - "GET /api/resume/latest HTTP/1.1" 200 OK
2026-08-05 14:47:03,563 INFO sqlalchemy.engine.Engine ROLLBACK
2026-08-05 14:47:03 | INFO     | sqlalchemy.engine.Engine | ROLLBACK
2026-08-05 14:47:05,573 INFO sqlalchemy.engine.Engine BEGIN (implicit)
2026-08-05 14:47:05 | INFO     | sqlalchemy.engine.Engine | BEGIN (implicit)
2026-08-05 14:47:05,573 INFO sqlalchemy.engine.Engine SELECT resumes.id AS resumes_id, resumes.original_filename AS resumes_original_filename, resumes.file_path AS resumes_file_path, resumes.name AS resumes_name, resumes.email AS resumes_email, resumes.phone AS resumes_phone, resumes.location AS resumes_location, resumes.summary AS resumes_summary, resumes.skills AS resumes_skills, resumes.experience AS resumes_experience, resumes.education AS resumes_education, resumes.projects AS resumes_projects, resumes.certifications AS resumes_certifications, resumes.technologies AS resumes_technologies, resumes.strengths AS resumes_strengths, resumes.analysis_json AS resumes_analysis_json, resumes.raw_text AS resumes_raw_text, resumes.file_size AS resumes_file_size, resumes.parsed_at AS resumes_parsed_at 
FROM resumes ORDER BY resumes.parsed_at DESC
 LIMIT ? OFFSET ?
2026-08-05 14:47:05 | INFO     | sqlalchemy.engine.Engine | SELECT resumes.id AS resumes_id, resumes.original_filename AS resumes_original_filename, resumes.file_path AS resumes_file_path, resumes.name AS resumes_name, resumes.email AS resumes_email, resumes.phone AS resumes_phone, resumes.location AS resumes_location, resumes.summary AS resumes_summary, resumes.skills AS resumes_skills, resumes.experience AS resumes_experience, resumes.education AS resumes_education, resumes.projects AS resumes_projects, resumes.certifications AS resumes_certifications, resumes.technologies AS resumes_technologies, resumes.strengths AS resumes_strengths, resumes.analysis_json AS resumes_analysis_json, resumes.raw_text AS resumes_raw_text, resumes.file_size AS resumes_file_size, resumes.parsed_at AS resumes_parsed_at 
FROM resumes ORDER BY resumes.parsed_at DESC
 LIMIT ? OFFSET ?
2026-08-05 14:47:05,573 INFO sqlalchemy.engine.Engine [cached since 3351s ago] (1, 0)
2026-08-05 14:47:05 | INFO     | sqlalchemy.engine.Engine | [cached since 3351s ago] (1, 0)
INFO:     127.0.0.1:50345 - "GET /api/resume/latest HTTP/1.1" 200 OK
2026-08-05 14:47:05,573 INFO sqlalchemy.engine.Engine ROLLBACK
2026-08-05 14:47:05 | INFO     | sqlalchemy.engine.Engine | ROLLBACK
2026-08-05 14:47:05,582 INFO sqlalchemy.engine.Engine BEGIN (implicit)
2026-08-05 14:47:05 | INFO     | sqlalchemy.engine.Engine | BEGIN (implicit)
2026-08-05 14:47:05,582 INFO sqlalchemy.engine.Engine SELECT resumes.id AS resumes_id, resumes.original_filename AS resumes_original_filename, resumes.file_path AS resumes_file_path, resumes.name AS resumes_name, resumes.email AS resumes_email, resumes.phone AS resumes_phone, resumes.location AS resumes_location, resumes.summary AS resumes_summary, resumes.skills AS resumes_skills, resumes.experience AS resumes_experience, resumes.education AS resumes_education, resumes.projects AS resumes_projects, resumes.certifications AS resumes_certifications, resumes.technologies AS resumes_technologies, resumes.strengths AS resumes_strengths, resumes.analysis_json AS resumes_analysis_json, resumes.raw_text AS resumes_raw_text, resumes.file_size AS resumes_file_size, resumes.parsed_at AS resumes_parsed_at 
FROM resumes ORDER BY resumes.parsed_at DESC
 LIMIT ? OFFSET ?
2026-08-05 14:47:05 | INFO     | sqlalchemy.engine.Engine | SELECT resumes.id AS resumes_id, resumes.original_filename AS resumes_original_filename, resumes.file_path AS resumes_file_path, resumes.name AS resumes_name, resumes.email AS resumes_email, resumes.phone AS resumes_phone, resumes.location AS resumes_location, resumes.summary AS resumes_summary, resumes.skills AS resumes_skills, resumes.experience AS resumes_experience, resumes.education AS resumes_education, resumes.projects AS resumes_projects, resumes.certifications AS resumes_certifications, resumes.technologies AS resumes_technologies, resumes.strengths AS resumes_strengths, resumes.analysis_json AS resumes_analysis_json, resumes.raw_text AS resumes_raw_text, resumes.file_size AS resumes_file_size, resumes.parsed_at AS resumes_parsed_at 
FROM resumes ORDER BY resumes.parsed_at DESC
 LIMIT ? OFFSET ?
2026-08-05 14:47:05,582 INFO sqlalchemy.engine.Engine [cached since 3351s ago] (1, 0)
2026-08-05 14:47:05 | INFO     | sqlalchemy.engine.Engine | [cached since 3351s ago] (1, 0)
INFO:     127.0.0.1:50347 - "GET /api/resume/latest HTTP/1.1" 200 OK
2026-08-05 14:47:05,584 INFO sqlalchemy.engine.Engine ROLLBACK
2026-08-05 14:47:05 | INFO     | sqlalchemy.engine.Engine | ROLLBACK
2026-08-05 14:47:08 | INFO     | fundflow | Using cached discovery (20 companies, 0.9h old)
2026-08-05 14:47:08,587 INFO sqlalchemy.engine.Engine BEGIN (implicit)
2026-08-05 14:47:08 | INFO     | sqlalchemy.engine.Engine | BEGIN (implicit)
2026-08-05 14:47:08,588 INFO sqlalchemy.engine.Engine SELECT resumes.id AS resumes_id, resumes.original_filename AS resumes_original_filename, resumes.file_path AS resumes_file_path, resumes.name AS resumes_name, resumes.email AS resumes_email, resumes.phone AS resumes_phone, resumes.location AS resumes_location, resumes.summary AS resumes_summary, resumes.skills AS resumes_skills, resumes.experience AS resumes_experience, resumes.education AS resumes_education, resumes.projects AS resumes_projects, resumes.certifications AS resumes_certifications, resumes.technologies AS resumes_technologies, resumes.strengths AS resumes_strengths, resumes.analysis_json AS resumes_analysis_json, resumes.raw_text AS resumes_raw_text, resumes.file_size AS resumes_file_size, resumes.parsed_at AS resumes_parsed_at 
FROM resumes ORDER BY resumes.parsed_at DESC
 LIMIT ? OFFSET ?
2026-08-05 14:47:08 | INFO     | sqlalchemy.engine.Engine | SELECT resumes.id AS resumes_id, resumes.original_filename AS resumes_original_filename, resumes.file_path AS resumes_file_path, resumes.name AS resumes_name, resumes.email AS resumes_email, resumes.phone AS resumes_phone, resumes.location AS resumes_location, resumes.summary AS resumes_summary, resumes.skills AS resumes_skills, resumes.experience AS resumes_experience, resumes.education AS resumes_education, resumes.projects AS resumes_projects, resumes.certifications AS resumes_certifications, resumes.technologies AS resumes_technologies, resumes.strengths AS resumes_strengths, resumes.analysis_json AS resumes_analysis_json, resumes.raw_text AS resumes_raw_text, resumes.file_size AS resumes_file_size, resumes.parsed_at AS resumes_parsed_at 
FROM resumes ORDER BY resumes.parsed_at DESC
 LIMIT ? OFFSET ?
2026-08-05 14:47:08,588 INFO sqlalchemy.engine.Engine [cached since 3354s ago] (1, 0)
2026-08-05 14:47:08 | INFO     | sqlalchemy.engine.Engine | [cached since 3354s ago] (1, 0)
INFO:     127.0.0.1:57506 - "GET /api/companies HTTP/1.1" 200 OK
2026-08-05 14:47:08,592 INFO sqlalchemy.engine.Engine BEGIN (implicit)
2026-08-05 14:47:08 | INFO     | sqlalchemy.engine.Engine | BEGIN (implicit)
2026-08-05 14:47:08,592 INFO sqlalchemy.engine.Engine SELECT resumes.id AS resumes_id, resumes.original_filename AS resumes_original_filename, resumes.file_path AS resumes_file_path, resumes.name AS resumes_name, resumes.email AS resumes_email, resumes.phone AS resumes_phone, resumes.location AS resumes_location, resumes.summary AS resumes_summary, resumes.skills AS resumes_skills, resumes.experience AS resumes_experience, resumes.education AS resumes_education, resumes.projects AS resumes_projects, resumes.certifications AS resumes_certifications, resumes.technologies AS resumes_technologies, resumes.strengths AS resumes_strengths, resumes.analysis_json AS resumes_analysis_json, resumes.raw_text AS resumes_raw_text, resumes.file_size AS resumes_file_size, resumes.parsed_at AS resumes_parsed_at 
FROM resumes ORDER BY resumes.parsed_at DESC
 LIMIT ? OFFSET ?
2026-08-05 14:47:08 | INFO     | sqlalchemy.engine.Engine | SELECT resumes.id AS resumes_id, resumes.original_filename AS resumes_original_filename, resumes.file_path AS resumes_file_path, resumes.name AS resumes_name, resumes.email AS resumes_email, resumes.phone AS resumes_phone, resumes.location AS resumes_location, resumes.summary AS resumes_summary, resumes.skills AS resumes_skills, resumes.experience AS resumes_experience, resumes.education AS resumes_education, resumes.projects AS resumes_projects, resumes.certifications AS resumes_certifications, resumes.technologies AS resumes_technologies, resumes.strengths AS resumes_strengths, resumes.analysis_json AS resumes_analysis_json, resumes.raw_text AS resumes_raw_text, resumes.file_size AS resumes_file_size, resumes.parsed_at AS resumes_parsed_at 
FROM resumes ORDER BY resumes.parsed_at DESC
 LIMIT ? OFFSET ?
2026-08-05 14:47:08,592 INFO sqlalchemy.engine.Engine [cached since 3354s ago] (1, 0)
2026-08-05 14:47:08 | INFO     | sqlalchemy.engine.Engine | [cached since 3354s ago] (1, 0)
INFO:     127.0.0.1:57508 - "GET /api/resume/latest HTTP/1.1" 200 OK
2026-08-05 14:47:08,594 INFO sqlalchemy.engine.Engine ROLLBACK
2026-08-05 14:47:08 | INFO     | sqlalchemy.engine.Engine | ROLLBACK
2026-08-05 14:47:08,596 INFO sqlalchemy.engine.Engine ROLLBACK
2026-08-05 14:47:08 | INFO     | sqlalchemy.engine.Engine | ROLLBACK
2026-08-05 14:47:08 | INFO     | fundflow | Using cached discovery (20 companies, 0.9h old)
2026-08-05 14:47:08,598 INFO sqlalchemy.engine.Engine BEGIN (implicit)
2026-08-05 14:47:08 | INFO     | sqlalchemy.engine.Engine | BEGIN (implicit)
2026-08-05 14:47:08,600 INFO sqlalchemy.engine.Engine SELECT resumes.id AS resumes_id, resumes.original_filename AS resumes_original_filename, resumes.file_path AS resumes_file_path, resumes.name AS resumes_name, resumes.email AS resumes_email, resumes.phone AS resumes_phone, resumes.location AS resumes_location, resumes.summary AS resumes_summary, resumes.skills AS resumes_skills, resumes.experience AS resumes_experience, resumes.education AS resumes_education, resumes.projects AS resumes_projects, resumes.certifications AS resumes_certifications, resumes.technologies AS resumes_technologies, resumes.strengths AS resumes_strengths, resumes.analysis_json AS resumes_analysis_json, resumes.raw_text AS resumes_raw_text, resumes.file_size AS resumes_file_size, resumes.parsed_at AS resumes_parsed_at 
FROM resumes ORDER BY resumes.parsed_at DESC
 LIMIT ? OFFSET ?
2026-08-05 14:47:08 | INFO     | sqlalchemy.engine.Engine | SELECT resumes.id AS resumes_id, resumes.original_filename AS resumes_original_filename, resumes.file_path AS resumes_file_path, resumes.name AS resumes_name, resumes.email AS resumes_email, resumes.phone AS resumes_phone, resumes.location AS resumes_location, resumes.summary AS resumes_summary, resumes.skills AS resumes_skills, resumes.experience AS resumes_experience, resumes.education AS resumes_education, resumes.projects AS resumes_projects, resumes.certifications AS resumes_certifications, resumes.technologies AS resumes_technologies, resumes.strengths AS resumes_strengths, resumes.analysis_json AS resumes_analysis_json, resumes.raw_text AS resumes_raw_text, resumes.file_size AS resumes_file_size, resumes.parsed_at AS resumes_parsed_at 
FROM resumes ORDER BY resumes.parsed_at DESC
 LIMIT ? OFFSET ?
2026-08-05 14:47:08,600 INFO sqlalchemy.engine.Engine [cached since 3354s ago] (1, 0)
2026-08-05 14:47:08 | INFO     | sqlalchemy.engine.Engine | [cached since 3354s ago] (1, 0)
INFO:     127.0.0.1:57510 - "GET /api/companies HTTP/1.1" 200 OK
2026-08-05 14:47:08,603 INFO sqlalchemy.engine.Engine ROLLBACK
2026-08-05 14:47:08 | INFO     | sqlalchemy.engine.Engine | ROLLBACK
2026-08-05 14:47:08,604 INFO sqlalchemy.engine.Engine BEGIN (implicit)
2026-08-05 14:47:08 | INFO     | sqlalchemy.engine.Engine | BEGIN (implicit)
2026-08-05 14:47:08,605 INFO sqlalchemy.engine.Engine SELECT resumes.id AS resumes_id, resumes.original_filename AS resumes_original_filename, resumes.file_path AS resumes_file_path, resumes.name AS resumes_name, resumes.email AS resumes_email, resumes.phone AS resumes_phone, resumes.location AS resumes_location, resumes.summary AS resumes_summary, resumes.skills AS resumes_skills, resumes.experience AS resumes_experience, resumes.education AS resumes_education, resumes.projects AS resumes_projects, resumes.certifications AS resumes_certifications, resumes.technologies AS resumes_technologies, resumes.strengths AS resumes_strengths, resumes.analysis_json AS resumes_analysis_json, resumes.raw_text AS resumes_raw_text, resumes.file_size AS resumes_file_size, resumes.parsed_at AS resumes_parsed_at 
FROM resumes ORDER BY resumes.parsed_at DESC
 LIMIT ? OFFSET ?
2026-08-05 14:47:08 | INFO     | sqlalchemy.engine.Engine | SELECT resumes.id AS resumes_id, resumes.original_filename AS resumes_original_filename, resumes.file_path AS resumes_file_path, resumes.name AS resumes_name, resumes.email AS resumes_email, resumes.phone AS resumes_phone, resumes.location AS resumes_location, resumes.summary AS resumes_summary, resumes.skills AS resumes_skills, resumes.experience AS resumes_experience, resumes.education AS resumes_education, resumes.projects AS resumes_projects, resumes.certifications AS resumes_certifications, resumes.technologies AS resumes_technologies, resumes.strengths AS resumes_strengths, resumes.analysis_json AS resumes_analysis_json, resumes.raw_text AS resumes_raw_text, resumes.file_size AS resumes_file_size, resumes.parsed_at AS resumes_parsed_at 
FROM resumes ORDER BY resumes.parsed_at DESC
 LIMIT ? OFFSET ?
2026-08-05 14:47:08,605 INFO sqlalchemy.engine.Engine [cached since 3354s ago] (1, 0)
2026-08-05 14:47:08 | INFO     | sqlalchemy.engine.Engine | [cached since 3354s ago] (1, 0)
INFO:     127.0.0.1:57512 - "GET /api/resume/latest HTTP/1.1" 200 OK
2026-08-05 14:47:08,607 INFO sqlalchemy.engine.Engine ROLLBACK
2026-08-05 14:47:08 | INFO     | sqlalchemy.engine.Engine | ROLLBACK
2026-08-05 14:47:11 | INFO     | fundflow | Using cached discovery (20 companies, 0.9h old)
2026-08-05 14:47:11,672 INFO sqlalchemy.engine.Engine BEGIN (implicit)
2026-08-05 14:47:11 | INFO     | sqlalchemy.engine.Engine | BEGIN (implicit)
2026-08-05 14:47:11,672 INFO sqlalchemy.engine.Engine SELECT resumes.id AS resumes_id, resumes.original_filename AS resumes_original_filename, resumes.file_path AS resumes_file_path, resumes.name AS resumes_name, resumes.email AS resumes_email, resumes.phone AS resumes_phone, resumes.location AS resumes_location, resumes.summary AS resumes_summary, resumes.skills AS resumes_skills, resumes.experience AS resumes_experience, resumes.education AS resumes_education, resumes.projects AS resumes_projects, resumes.certifications AS resumes_certifications, resumes.technologies AS resumes_technologies, resumes.strengths AS resumes_strengths, resumes.analysis_json AS resumes_analysis_json, resumes.raw_text AS resumes_raw_text, resumes.file_size AS resumes_file_size, resumes.parsed_at AS resumes_parsed_at 
FROM resumes ORDER BY resumes.parsed_at DESC
 LIMIT ? OFFSET ?
2026-08-05 14:47:11 | INFO     | sqlalchemy.engine.Engine | SELECT resumes.id AS resumes_id, resumes.original_filename AS resumes_original_filename, resumes.file_path AS resumes_file_path, resumes.name AS resumes_name, resumes.email AS resumes_email, resumes.phone AS resumes_phone, resumes.location AS resumes_location, resumes.summary AS resumes_summary, resumes.skills AS resumes_skills, resumes.experience AS resumes_experience, resumes.education AS resumes_education, resumes.projects AS resumes_projects, resumes.certifications AS resumes_certifications, resumes.technologies AS resumes_technologies, resumes.strengths AS resumes_strengths, resumes.analysis_json AS resumes_analysis_json, resumes.raw_text AS resumes_raw_text, resumes.file_size AS resumes_file_size, resumes.parsed_at AS resumes_parsed_at 
FROM resumes ORDER BY resumes.parsed_at DESC
 LIMIT ? OFFSET ?
2026-08-05 14:47:11,672 INFO sqlalchemy.engine.Engine [cached since 3357s ago] (1, 0)
2026-08-05 14:47:11 | INFO     | sqlalchemy.engine.Engine | [cached since 3357s ago] (1, 0)
2026-08-05 14:47:11,672 INFO sqlalchemy.engine.Engine BEGIN (implicit)
2026-08-05 14:47:11 | INFO     | sqlalchemy.engine.Engine | BEGIN (implicit)
2026-08-05 14:47:11,672 INFO sqlalchemy.engine.Engine SELECT resumes.id AS resumes_id, resumes.original_filename AS resumes_original_filename, resumes.file_path AS resumes_file_path, resumes.name AS resumes_name, resumes.email AS resumes_email, resumes.phone AS resumes_phone, resumes.location AS resumes_location, resumes.summary AS resumes_summary, resumes.skills AS resumes_skills, resumes.experience AS resumes_experience, resumes.education AS resumes_education, resumes.projects AS resumes_projects, resumes.certifications AS resumes_certifications, resumes.technologies AS resumes_technologies, resumes.strengths AS resumes_strengths, resumes.analysis_json AS resumes_analysis_json, resumes.raw_text AS resumes_raw_text, resumes.file_size AS resumes_file_size, resumes.parsed_at AS resumes_parsed_at 
FROM resumes ORDER BY resumes.parsed_at DESC
 LIMIT ? OFFSET ?
2026-08-05 14:47:11 | INFO     | sqlalchemy.engine.Engine | SELECT resumes.id AS resumes_id, resumes.original_filename AS resumes_original_filename, resumes.file_path AS resumes_file_path, resumes.name AS resumes_name, resumes.email AS resumes_email, resumes.phone AS resumes_phone, resumes.location AS resumes_location, resumes.summary AS resumes_summary, resumes.skills AS resumes_skills, resumes.experience AS resumes_experience, resumes.education AS resumes_education, resumes.projects AS resumes_projects, resumes.certifications AS resumes_certifications, resumes.technologies AS resumes_technologies, resumes.strengths AS resumes_strengths, resumes.analysis_json AS resumes_analysis_json, resumes.raw_text AS resumes_raw_text, resumes.file_size AS resumes_file_size, resumes.parsed_at AS resumes_parsed_at 
FROM resumes ORDER BY resumes.parsed_at DESC
 LIMIT ? OFFSET ?
2026-08-05 14:47:11,672 INFO sqlalchemy.engine.Engine [cached since 3357s ago] (1, 0)
2026-08-05 14:47:11 | INFO     | sqlalchemy.engine.Engine | [cached since 3357s ago] (1, 0)
INFO:     127.0.0.1:64858 - "GET /api/companies/Anthropic HTTP/1.1" 200 OK
INFO:     127.0.0.1:64859 - "GET /api/resume/latest HTTP/1.1" 200 OK
2026-08-05 14:47:11,676 INFO sqlalchemy.engine.Engine ROLLBACK
2026-08-05 14:47:11 | INFO     | sqlalchemy.engine.Engine | ROLLBACK
2026-08-05 14:47:11,676 INFO sqlalchemy.engine.Engine ROLLBACK
2026-08-05 14:47:11 | INFO     | sqlalchemy.engine.Engine | ROLLBACK
2026-08-05 14:47:11 | INFO     | fundflow | Using cached discovery (20 companies, 0.9h old)
2026-08-05 14:47:11,684 INFO sqlalchemy.engine.Engine BEGIN (implicit)
2026-08-05 14:47:11 | INFO     | sqlalchemy.engine.Engine | BEGIN (implicit)
2026-08-05 14:47:11,684 INFO sqlalchemy.engine.Engine SELECT resumes.id AS resumes_id, resumes.original_filename AS resumes_original_filename, resumes.file_path AS resumes_file_path, resumes.name AS resumes_name, resumes.email AS resumes_email, resumes.phone AS resumes_phone, resumes.location AS resumes_location, resumes.summary AS resumes_summary, resumes.skills AS resumes_skills, resumes.experience AS resumes_experience, resumes.education AS resumes_education, resumes.projects AS resumes_projects, resumes.certifications AS resumes_certifications, resumes.technologies AS resumes_technologies, resumes.strengths AS resumes_strengths, resumes.analysis_json AS resumes_analysis_json, resumes.raw_text AS resumes_raw_text, resumes.file_size AS resumes_file_size, resumes.parsed_at AS resumes_parsed_at 
FROM resumes ORDER BY resumes.parsed_at DESC
 LIMIT ? OFFSET ?
2026-08-05 14:47:11 | INFO     | sqlalchemy.engine.Engine | SELECT resumes.id AS resumes_id, resumes.original_filename AS resumes_original_filename, resumes.file_path AS resumes_file_path, resumes.name AS resumes_name, resumes.email AS resumes_email, resumes.phone AS resumes_phone, resumes.location AS resumes_location, resumes.summary AS resumes_summary, resumes.skills AS resumes_skills, resumes.experience AS resumes_experience, resumes.education AS resumes_education, resumes.projects AS resumes_projects, resumes.certifications AS resumes_certifications, resumes.technologies AS resumes_technologies, resumes.strengths AS resumes_strengths, resumes.analysis_json AS resumes_analysis_json, resumes.raw_text AS resumes_raw_text, resumes.file_size AS resumes_file_size, resumes.parsed_at AS resumes_parsed_at 
FROM resumes ORDER BY resumes.parsed_at DESC
 LIMIT ? OFFSET ?
2026-08-05 14:47:11,684 INFO sqlalchemy.engine.Engine [cached since 3357s ago] (1, 0)
2026-08-05 14:47:11 | INFO     | sqlalchemy.engine.Engine | [cached since 3357s ago] (1, 0)
2026-08-05 14:47:11,684 INFO sqlalchemy.engine.Engine BEGIN (implicit)
2026-08-05 14:47:11 | INFO     | sqlalchemy.engine.Engine | BEGIN (implicit)
2026-08-05 14:47:11,684 INFO sqlalchemy.engine.Engine SELECT resumes.id AS resumes_id, resumes.original_filename AS resumes_original_filename, resumes.file_path AS resumes_file_path, resumes.name AS resumes_name, resumes.email AS resumes_email, resumes.phone AS resumes_phone, resumes.location AS resumes_location, resumes.summary AS resumes_summary, resumes.skills AS resumes_skills, resumes.experience AS resumes_experience, resumes.education AS resumes_education, resumes.projects AS resumes_projects, resumes.certifications AS resumes_certifications, resumes.technologies AS resumes_technologies, resumes.strengths AS resumes_strengths, resumes.analysis_json AS resumes_analysis_json, resumes.raw_text AS resumes_raw_text, resumes.file_size AS resumes_file_size, resumes.parsed_at AS resumes_parsed_at 
FROM resumes ORDER BY resumes.parsed_at DESC
 LIMIT ? OFFSET ?
2026-08-05 14:47:11 | INFO     | sqlalchemy.engine.Engine | SELECT resumes.id AS resumes_id, resumes.original_filename AS resumes_original_filename, resumes.file_path AS resumes_file_path, resumes.name AS resumes_name, resumes.email AS resumes_email, resumes.phone AS resumes_phone, resumes.location AS resumes_location, resumes.summary AS resumes_summary, resumes.skills AS resumes_skills, resumes.experience AS resumes_experience, resumes.education AS resumes_education, resumes.projects AS resumes_projects, resumes.certifications AS resumes_certifications, resumes.technologies AS resumes_technologies, resumes.strengths AS resumes_strengths, resumes.analysis_json AS resumes_analysis_json, resumes.raw_text AS resumes_raw_text, resumes.file_size AS resumes_file_size, resumes.parsed_at AS resumes_parsed_at 
FROM resumes ORDER BY resumes.parsed_at DESC
 LIMIT ? OFFSET ?
2026-08-05 14:47:11,684 INFO sqlalchemy.engine.Engine [cached since 3357s ago] (1, 0)
2026-08-05 14:47:11 | INFO     | sqlalchemy.engine.Engine | [cached since 3357s ago] (1, 0)
INFO:     127.0.0.1:64863 - "GET /api/companies/Anthropic HTTP/1.1" 200 OK
INFO:     127.0.0.1:64864 - "GET /api/resume/latest HTTP/1.1" 200 OK
2026-08-05 14:47:11,684 INFO sqlalchemy.engine.Engine ROLLBACK
2026-08-05 14:47:11 | INFO     | sqlalchemy.engine.Engine | ROLLBACK
2026-08-05 14:47:11,684 INFO sqlalchemy.engine.Engine ROLLBACK
2026-08-05 14:47:11 | INFO     | sqlalchemy.engine.Engine | ROLLBACK
2026-08-05 14:47:14,750 INFO sqlalchemy.engine.Engine BEGIN (implicit)
2026-08-05 14:47:14 | INFO     | sqlalchemy.engine.Engine | BEGIN (implicit)
2026-08-05 14:47:14,751 INFO sqlalchemy.engine.Engine SELECT resumes.id AS resumes_id, resumes.original_filename AS resumes_original_filename, resumes.file_path AS resumes_file_path, resumes.name AS resumes_name, resumes.email AS resumes_email, resumes.phone AS resumes_phone, resumes.location AS resumes_location, resumes.summary AS resumes_summary, resumes.skills AS resumes_skills, resumes.experience AS resumes_experience, resumes.education AS resumes_education, resumes.projects AS resumes_projects, resumes.certifications AS resumes_certifications, resumes.technologies AS resumes_technologies, resumes.strengths AS resumes_strengths, resumes.analysis_json AS resumes_analysis_json, resumes.raw_text AS resumes_raw_text, resumes.file_size AS resumes_file_size, resumes.parsed_at AS resumes_parsed_at 
FROM resumes ORDER BY resumes.parsed_at DESC
 LIMIT ? OFFSET ?
2026-08-05 14:47:14 | INFO     | sqlalchemy.engine.Engine | SELECT resumes.id AS resumes_id, resumes.original_filename AS resumes_original_filename, resumes.file_path AS resumes_file_path, resumes.name AS resumes_name, resumes.email AS resumes_email, resumes.phone AS resumes_phone, resumes.location AS resumes_location, resumes.summary AS resumes_summary, resumes.skills AS resumes_skills, resumes.experience AS resumes_experience, resumes.education AS resumes_education, resumes.projects AS resumes_projects, resumes.certifications AS resumes_certifications, resumes.technologies AS resumes_technologies, resumes.strengths AS resumes_strengths, resumes.analysis_json AS resumes_analysis_json, resumes.raw_text AS resumes_raw_text, resumes.file_size AS resumes_file_size, resumes.parsed_at AS resumes_parsed_at 
FROM resumes ORDER BY resumes.parsed_at DESC
 LIMIT ? OFFSET ?
2026-08-05 14:47:14,751 INFO sqlalchemy.engine.Engine [cached since 3360s ago] (1, 0)
2026-08-05 14:47:14 | INFO     | sqlalchemy.engine.Engine | [cached since 3360s ago] (1, 0)
INFO:     127.0.0.1:57105 - "GET /api/resume/latest HTTP/1.1" 200 OK
2026-08-05 14:47:14,752 INFO sqlalchemy.engine.Engine ROLLBACK
2026-08-05 14:47:14 | INFO     | sqlalchemy.engine.Engine | ROLLBACK
2026-08-05 14:47:14,758 INFO sqlalchemy.engine.Engine BEGIN (implicit)
2026-08-05 14:47:14 | INFO     | sqlalchemy.engine.Engine | BEGIN (implicit)
2026-08-05 14:47:14,758 INFO sqlalchemy.engine.Engine SELECT resumes.id AS resumes_id, resumes.original_filename AS resumes_original_filename, resumes.file_path AS resumes_file_path, resumes.name AS resumes_name, resumes.email AS resumes_email, resumes.phone AS resumes_phone, resumes.location AS resumes_location, resumes.summary AS resumes_summary, resumes.skills AS resumes_skills, resumes.experience AS resumes_experience, resumes.education AS resumes_education, resumes.projects AS resumes_projects, resumes.certifications AS resumes_certifications, resumes.technologies AS resumes_technologies, resumes.strengths AS resumes_strengths, resumes.analysis_json AS resumes_analysis_json, resumes.raw_text AS resumes_raw_text, resumes.file_size AS resumes_file_size, resumes.parsed_at AS resumes_parsed_at 
FROM resumes ORDER BY resumes.parsed_at DESC
 LIMIT ? OFFSET ?
2026-08-05 14:47:14 | INFO     | sqlalchemy.engine.Engine | SELECT resumes.id AS resumes_id, resumes.original_filename AS resumes_original_filename, resumes.file_path AS resumes_file_path, resumes.name AS resumes_name, resumes.email AS resumes_email, resumes.phone AS resumes_phone, resumes.location AS resumes_location, resumes.summary AS resumes_summary, resumes.skills AS resumes_skills, resumes.experience AS resumes_experience, resumes.education AS resumes_education, resumes.projects AS resumes_projects, resumes.certifications AS resumes_certifications, resumes.technologies AS resumes_technologies, resumes.strengths AS resumes_strengths, resumes.analysis_json AS resumes_analysis_json, resumes.raw_text AS resumes_raw_text, resumes.file_size AS resumes_file_size, resumes.parsed_at AS resumes_parsed_at 
FROM resumes ORDER BY resumes.parsed_at DESC
 LIMIT ? OFFSET ?
2026-08-05 14:47:14,758 INFO sqlalchemy.engine.Engine [cached since 3360s ago] (1, 0)
2026-08-05 14:47:14 | INFO     | sqlalchemy.engine.Engine | [cached since 3360s ago] (1, 0)
INFO:     127.0.0.1:57107 - "GET /api/resume/latest HTTP/1.1" 200 OK
2026-08-05 14:47:14,758 INFO sqlalchemy.engine.Engine ROLLBACK
2026-08-05 14:47:14 | INFO     | sqlalchemy.engine.Engine | ROLLBACK
2026-08-05 14:47:38,818 INFO sqlalchemy.engine.Engine BEGIN (implicit)
2026-08-05 14:47:38 | INFO     | sqlalchemy.engine.Engine | BEGIN (implicit)
2026-08-05 14:47:38,818 INFO sqlalchemy.engine.Engine SELECT resumes.id AS resumes_id, resumes.original_filename AS resumes_original_filename, resumes.file_path AS resumes_file_path, resumes.name AS resumes_name, resumes.email AS resumes_email, resumes.phone AS resumes_phone, resumes.location AS resumes_location, resumes.summary AS resumes_summary, resumes.skills AS resumes_skills, resumes.experience AS resumes_experience, resumes.education AS resumes_education, resumes.projects AS resumes_projects, resumes.certifications AS resumes_certifications, resumes.technologies AS resumes_technologies, resumes.strengths AS resumes_strengths, resumes.analysis_json AS resumes_analysis_json, resumes.raw_text AS resumes_raw_text, resumes.file_size AS resumes_file_size, resumes.parsed_at AS resumes_parsed_at 
FROM resumes ORDER BY resumes.parsed_at DESC
 LIMIT ? OFFSET ?
2026-08-05 14:47:38 | INFO     | sqlalchemy.engine.Engine | SELECT resumes.id AS resumes_id, resumes.original_filename AS resumes_original_filename, resumes.file_path AS resumes_file_path, resumes.name AS resumes_name, resumes.email AS resumes_email, resumes.phone AS resumes_phone, resumes.location AS resumes_location, resumes.summary AS resumes_summary, resumes.skills AS resumes_skills, resumes.experience AS resumes_experience, resumes.education AS resumes_education, resumes.projects AS resumes_projects, resumes.certifications AS resumes_certifications, resumes.technologies AS resumes_technologies, resumes.strengths AS resumes_strengths, resumes.analysis_json AS resumes_analysis_json, resumes.raw_text AS resumes_raw_text, resumes.file_size AS resumes_file_size, resumes.parsed_at AS resumes_parsed_at 
FROM resumes ORDER BY resumes.parsed_at DESC
 LIMIT ? OFFSET ?
2026-08-05 14:47:38,818 INFO sqlalchemy.engine.Engine [cached since 3384s ago] (1, 0)
2026-08-05 14:47:38 | INFO     | sqlalchemy.engine.Engine | [cached since 3384s ago] (1, 0)
INFO:     127.0.0.1:58134 - "GET /api/resume/latest HTTP/1.1" 200 OK
2026-08-05 14:47:38,820 INFO sqlalchemy.engine.Engine ROLLBACK
2026-08-05 14:47:38 | INFO     | sqlalchemy.engine.Engine | ROLLBACK
2026-08-05 14:47:38,826 INFO sqlalchemy.engine.Engine BEGIN (implicit)
2026-08-05 14:47:38 | INFO     | sqlalchemy.engine.Engine | BEGIN (implicit)
2026-08-05 14:47:38,828 INFO sqlalchemy.engine.Engine SELECT resumes.id AS resumes_id, resumes.original_filename AS resumes_original_filename, resumes.file_path AS resumes_file_path, resumes.name AS resumes_name, resumes.email AS resumes_email, resumes.phone AS resumes_phone, resumes.location AS resumes_location, resumes.summary AS resumes_summary, resumes.skills AS resumes_skills, resumes.experience AS resumes_experience, resumes.education AS resumes_education, resumes.projects AS resumes_projects, resumes.certifications AS resumes_certifications, resumes.technologies AS resumes_technologies, resumes.strengths AS resumes_strengths, resumes.analysis_json AS resumes_analysis_json, resumes.raw_text AS resumes_raw_text, resumes.file_size AS resumes_file_size, resumes.parsed_at AS resumes_parsed_at 
FROM resumes ORDER BY resumes.parsed_at DESC
 LIMIT ? OFFSET ?
2026-08-05 14:47:38 | INFO     | sqlalchemy.engine.Engine | SELECT resumes.id AS resumes_id, resumes.original_filename AS resumes_original_filename, resumes.file_path AS resumes_file_path, resumes.name AS resumes_name, resumes.email AS resumes_email, resumes.phone AS resumes_phone, resumes.location AS resumes_location, resumes.summary AS resumes_summary, resumes.skills AS resumes_skills, resumes.experience AS resumes_experience, resumes.education AS resumes_education, resumes.projects AS resumes_projects, resumes.certifications AS resumes_certifications, resumes.technologies AS resumes_technologies, resumes.strengths AS resumes_strengths, resumes.analysis_json AS resumes_analysis_json, resumes.raw_text AS resumes_raw_text, resumes.file_size AS resumes_file_size, resumes.parsed_at AS resumes_parsed_at 
FROM resumes ORDER BY resumes.parsed_at DESC
 LIMIT ? OFFSET ?
2026-08-05 14:47:38,828 INFO sqlalchemy.engine.Engine [cached since 3384s ago] (1, 0)
2026-08-05 14:47:38 | INFO     | sqlalchemy.engine.Engine | [cached since 3384s ago] (1, 0)
INFO:     127.0.0.1:64773 - "GET /api/resume/latest HTTP/1.1" 200 OK
2026-08-05 14:47:38,830 INFO sqlalchemy.engine.Engine ROLLBACK
2026-08-05 14:47:38 | INFO     | sqlalchemy.engine.Engine | ROLLBACK
2026-08-05 14:47:40,851 INFO sqlalchemy.engine.Engine BEGIN (implicit)
2026-08-05 14:47:40 | INFO     | sqlalchemy.engine.Engine | BEGIN (implicit)
2026-08-05 14:47:40,852 INFO sqlalchemy.engine.Engine SELECT resumes.id AS resumes_id, resumes.original_filename AS resumes_original_filename, resumes.file_path AS resumes_file_path, resumes.name AS resumes_name, resumes.email AS resumes_email, resumes.phone AS resumes_phone, resumes.location AS resumes_location, resumes.summary AS resumes_summary, resumes.skills AS resumes_skills, resumes.experience AS resumes_experience, resumes.education AS resumes_education, resumes.projects AS resumes_projects, resumes.certifications AS resumes_certifications, resumes.technologies AS resumes_technologies, resumes.strengths AS resumes_strengths, resumes.analysis_json AS resumes_analysis_json, resumes.raw_text AS resumes_raw_text, resumes.file_size AS resumes_file_size, resumes.parsed_at AS resumes_parsed_at 
FROM resumes ORDER BY resumes.parsed_at DESC
 LIMIT ? OFFSET ?
2026-08-05 14:47:40 | INFO     | sqlalchemy.engine.Engine | SELECT resumes.id AS resumes_id, resumes.original_filename AS resumes_original_filename, resumes.file_path AS resumes_file_path, resumes.name AS resumes_name, resumes.email AS resumes_email, resumes.phone AS resumes_phone, resumes.location AS resumes_location, resumes.summary AS resumes_summary, resumes.skills AS resumes_skills, resumes.experience AS resumes_experience, resumes.education AS resumes_education, resumes.projects AS resumes_projects, resumes.certifications AS resumes_certifications, resumes.technologies AS resumes_technologies, resumes.strengths AS resumes_strengths, resumes.analysis_json AS resumes_analysis_json, resumes.raw_text AS resumes_raw_text, resumes.file_size AS resumes_file_size, resumes.parsed_at AS resumes_parsed_at 
FROM resumes ORDER BY resumes.parsed_at DESC
 LIMIT ? OFFSET ?
2026-08-05 14:47:40,852 INFO sqlalchemy.engine.Engine [cached since 3386s ago] (1, 0)
2026-08-05 14:47:40 | INFO     | sqlalchemy.engine.Engine | [cached since 3386s ago] (1, 0)
INFO:     127.0.0.1:55595 - "GET /api/resume/latest HTTP/1.1" 200 OK
2026-08-05 14:47:40,854 INFO sqlalchemy.engine.Engine ROLLBACK
2026-08-05 14:47:40 | INFO     | sqlalchemy.engine.Engine | ROLLBACK
2026-08-05 14:47:40,860 INFO sqlalchemy.engine.Engine BEGIN (implicit)
2026-08-05 14:47:40 | INFO     | sqlalchemy.engine.Engine | BEGIN (implicit)
2026-08-05 14:47:40,860 INFO sqlalchemy.engine.Engine SELECT resumes.id AS resumes_id, resumes.original_filename AS resumes_original_filename, resumes.file_path AS resumes_file_path, resumes.name AS resumes_name, resumes.email AS resumes_email, resumes.phone AS resumes_phone, resumes.location AS resumes_location, resumes.summary AS resumes_summary, resumes.skills AS resumes_skills, resumes.experience AS resumes_experience, resumes.education AS resumes_education, resumes.projects AS resumes_projects, resumes.certifications AS resumes_certifications, resumes.technologies AS resumes_technologies, resumes.strengths AS resumes_strengths, resumes.analysis_json AS resumes_analysis_json, resumes.raw_text AS resumes_raw_text, resumes.file_size AS resumes_file_size, resumes.parsed_at AS resumes_parsed_at 
FROM resumes ORDER BY resumes.parsed_at DESC
 LIMIT ? OFFSET ?
2026-08-05 14:47:40 | INFO     | sqlalchemy.engine.Engine | SELECT resumes.id AS resumes_id, resumes.original_filename AS resumes_original_filename, resumes.file_path AS resumes_file_path, resumes.name AS resumes_name, resumes.email AS resumes_email, resumes.phone AS resumes_phone, resumes.location AS resumes_location, resumes.summary AS resumes_summary, resumes.skills AS resumes_skills, resumes.experience AS resumes_experience, resumes.education AS resumes_education, resumes.projects AS resumes_projects, resumes.certifications AS resumes_certifications, resumes.technologies AS resumes_technologies, resumes.strengths AS resumes_strengths, resumes.analysis_json AS resumes_analysis_json, resumes.raw_text AS resumes_raw_text, resumes.file_size AS resumes_file_size, resumes.parsed_at AS resumes_parsed_at 
FROM resumes ORDER BY resumes.parsed_at DESC
 LIMIT ? OFFSET ?
2026-08-05 14:47:40,860 INFO sqlalchemy.engine.Engine [cached since 3386s ago] (1, 0)
2026-08-05 14:47:40 | INFO     | sqlalchemy.engine.Engine | [cached since 3386s ago] (1, 0)
INFO:     127.0.0.1:55597 - "GET /api/resume/latest HTTP/1.1" 200 OK
2026-08-05 14:47:40,861 INFO sqlalchemy.engine.Engine ROLLBACK
2026-08-05 14:47:40 | INFO     | sqlalchemy.engine.Engine | ROLLBACK
2026-08-05 14:47:43 | INFO     | fundflow | Using cached discovery (20 companies, 0.9h old)
2026-08-05 14:47:43,881 INFO sqlalchemy.engine.Engine BEGIN (implicit)
2026-08-05 14:47:43 | INFO     | sqlalchemy.engine.Engine | BEGIN (implicit)
2026-08-05 14:47:43,881 INFO sqlalchemy.engine.Engine SELECT resumes.id AS resumes_id, resumes.original_filename AS resumes_original_filename, resumes.file_path AS resumes_file_path, resumes.name AS resumes_name, resumes.email AS resumes_email, resumes.phone AS resumes_phone, resumes.location AS resumes_location, resumes.summary AS resumes_summary, resumes.skills AS resumes_skills, resumes.experience AS resumes_experience, resumes.education AS resumes_education, resumes.projects AS resumes_projects, resumes.certifications AS resumes_certifications, resumes.technologies AS resumes_technologies, resumes.strengths AS resumes_strengths, resumes.analysis_json AS resumes_analysis_json, resumes.raw_text AS resumes_raw_text, resumes.file_size AS resumes_file_size, resumes.parsed_at AS resumes_parsed_at 
FROM resumes ORDER BY resumes.parsed_at DESC
 LIMIT ? OFFSET ?
2026-08-05 14:47:43 | INFO     | sqlalchemy.engine.Engine | SELECT resumes.id AS resumes_id, resumes.original_filename AS resumes_original_filename, resumes.file_path AS resumes_file_path, resumes.name AS resumes_name, resumes.email AS resumes_email, resumes.phone AS resumes_phone, resumes.location AS resumes_location, resumes.summary AS resumes_summary, resumes.skills AS resumes_skills, resumes.experience AS resumes_experience, resumes.education AS resumes_education, resumes.projects AS resumes_projects, resumes.certifications AS resumes_certifications, resumes.technologies AS resumes_technologies, resumes.strengths AS resumes_strengths, resumes.analysis_json AS resumes_analysis_json, resumes.raw_text AS resumes_raw_text, resumes.file_size AS resumes_file_size, resumes.parsed_at AS resumes_parsed_at 
FROM resumes ORDER BY resumes.parsed_at DESC
 LIMIT ? OFFSET ?
2026-08-05 14:47:43,881 INFO sqlalchemy.engine.Engine [cached since 3390s ago] (1, 0)
2026-08-05 14:47:43 | INFO     | sqlalchemy.engine.Engine | [cached since 3390s ago] (1, 0)
INFO:     127.0.0.1:58544 - "GET /api/companies HTTP/1.1" 200 OK
2026-08-05 14:47:43,886 INFO sqlalchemy.engine.Engine ROLLBACK
2026-08-05 14:47:43 | INFO     | sqlalchemy.engine.Engine | ROLLBACK
2026-08-05 14:47:43,886 INFO sqlalchemy.engine.Engine BEGIN (implicit)
2026-08-05 14:47:43 | INFO     | sqlalchemy.engine.Engine | BEGIN (implicit)
2026-08-05 14:47:43,886 INFO sqlalchemy.engine.Engine SELECT resumes.id AS resumes_id, resumes.original_filename AS resumes_original_filename, resumes.file_path AS resumes_file_path, resumes.name AS resumes_name, resumes.email AS resumes_email, resumes.phone AS resumes_phone, resumes.location AS resumes_location, resumes.summary AS resumes_summary, resumes.skills AS resumes_skills, resumes.experience AS resumes_experience, resumes.education AS resumes_education, resumes.projects AS resumes_projects, resumes.certifications AS resumes_certifications, resumes.technologies AS resumes_technologies, resumes.strengths AS resumes_strengths, resumes.analysis_json AS resumes_analysis_json, resumes.raw_text AS resumes_raw_text, resumes.file_size AS resumes_file_size, resumes.parsed_at AS resumes_parsed_at 
FROM resumes ORDER BY resumes.parsed_at DESC
 LIMIT ? OFFSET ?
2026-08-05 14:47:43 | INFO     | sqlalchemy.engine.Engine | SELECT resumes.id AS resumes_id, resumes.original_filename AS resumes_original_filename, resumes.file_path AS resumes_file_path, resumes.name AS resumes_name, resumes.email AS resumes_email, resumes.phone AS resumes_phone, resumes.location AS resumes_location, resumes.summary AS resumes_summary, resumes.skills AS resumes_skills, resumes.experience AS resumes_experience, resumes.education AS resumes_education, resumes.projects AS resumes_projects, resumes.certifications AS resumes_certifications, resumes.technologies AS resumes_technologies, resumes.strengths AS resumes_strengths, resumes.analysis_json AS resumes_analysis_json, resumes.raw_text AS resumes_raw_text, resumes.file_size AS resumes_file_size, resumes.parsed_at AS resumes_parsed_at 
FROM resumes ORDER BY resumes.parsed_at DESC
 LIMIT ? OFFSET ?
2026-08-05 14:47:43,886 INFO sqlalchemy.engine.Engine [cached since 3390s ago] (1, 0)
2026-08-05 14:47:43 | INFO     | sqlalchemy.engine.Engine | [cached since 3390s ago] (1, 0)
INFO:     127.0.0.1:58546 - "GET /api/resume/latest HTTP/1.1" 200 OK
2026-08-05 14:47:43,890 INFO sqlalchemy.engine.Engine ROLLBACK
2026-08-05 14:47:43 | INFO     | sqlalchemy.engine.Engine | ROLLBACK
2026-08-05 14:47:43 | INFO     | fundflow | Using cached discovery (20 companies, 0.9h old)
2026-08-05 14:47:43,892 INFO sqlalchemy.engine.Engine BEGIN (implicit)
2026-08-05 14:47:43 | INFO     | sqlalchemy.engine.Engine | BEGIN (implicit)
2026-08-05 14:47:43,893 INFO sqlalchemy.engine.Engine SELECT resumes.id AS resumes_id, resumes.original_filename AS resumes_original_filename, resumes.file_path AS resumes_file_path, resumes.name AS resumes_name, resumes.email AS resumes_email, resumes.phone AS resumes_phone, resumes.location AS resumes_location, resumes.summary AS resumes_summary, resumes.skills AS resumes_skills, resumes.experience AS resumes_experience, resumes.education AS resumes_education, resumes.projects AS resumes_projects, resumes.certifications AS resumes_certifications, resumes.technologies AS resumes_technologies, resumes.strengths AS resumes_strengths, resumes.analysis_json AS resumes_analysis_json, resumes.raw_text AS resumes_raw_text, resumes.file_size AS resumes_file_size, resumes.parsed_at AS resumes_parsed_at 
FROM resumes ORDER BY resumes.parsed_at DESC
 LIMIT ? OFFSET ?
2026-08-05 14:47:43 | INFO     | sqlalchemy.engine.Engine | SELECT resumes.id AS resumes_id, resumes.original_filename AS resumes_original_filename, resumes.file_path AS resumes_file_path, resumes.name AS resumes_name, resumes.email AS resumes_email, resumes.phone AS resumes_phone, resumes.location AS resumes_location, resumes.summary AS resumes_summary, resumes.skills AS resumes_skills, resumes.experience AS resumes_experience, resumes.education AS resumes_education, resumes.projects AS resumes_projects, resumes.certifications AS resumes_certifications, resumes.technologies AS resumes_technologies, resumes.strengths AS resumes_strengths, resumes.analysis_json AS resumes_analysis_json, resumes.raw_text AS resumes_raw_text, resumes.file_size AS resumes_file_size, resumes.parsed_at AS resumes_parsed_at 
FROM resumes ORDER BY resumes.parsed_at DESC
 LIMIT ? OFFSET ?
2026-08-05 14:47:43,893 INFO sqlalchemy.engine.Engine [cached since 3390s ago] (1, 0)
2026-08-05 14:47:43 | INFO     | sqlalchemy.engine.Engine | [cached since 3390s ago] (1, 0)
INFO:     127.0.0.1:58548 - "GET /api/companies HTTP/1.1" 200 OK
2026-08-05 14:47:43,898 INFO sqlalchemy.engine.Engine ROLLBACK
2026-08-05 14:47:43 | INFO     | sqlalchemy.engine.Engine | ROLLBACK
2026-08-05 14:47:43,899 INFO sqlalchemy.engine.Engine BEGIN (implicit)
2026-08-05 14:47:43 | INFO     | sqlalchemy.engine.Engine | BEGIN (implicit)
2026-08-05 14:47:43,899 INFO sqlalchemy.engine.Engine SELECT resumes.id AS resumes_id, resumes.original_filename AS resumes_original_filename, resumes.file_path AS resumes_file_path, resumes.name AS resumes_name, resumes.email AS resumes_email, resumes.phone AS resumes_phone, resumes.location AS resumes_location, resumes.summary AS resumes_summary, resumes.skills AS resumes_skills, resumes.experience AS resumes_experience, resumes.education AS resumes_education, resumes.projects AS resumes_projects, resumes.certifications AS resumes_certifications, resumes.technologies AS resumes_technologies, resumes.strengths AS resumes_strengths, resumes.analysis_json AS resumes_analysis_json, resumes.raw_text AS resumes_raw_text, resumes.file_size AS resumes_file_size, resumes.parsed_at AS resumes_parsed_at 
FROM resumes ORDER BY resumes.parsed_at DESC
 LIMIT ? OFFSET ?
2026-08-05 14:47:43 | INFO     | sqlalchemy.engine.Engine | SELECT resumes.id AS resumes_id, resumes.original_filename AS resumes_original_filename, resumes.file_path AS resumes_file_path, resumes.name AS resumes_name, resumes.email AS resumes_email, resumes.phone AS resumes_phone, resumes.location AS resumes_location, resumes.summary AS resumes_summary, resumes.skills AS resumes_skills, resumes.experience AS resumes_experience, resumes.education AS resumes_education, resumes.projects AS resumes_projects, resumes.certifications AS resumes_certifications, resumes.technologies AS resumes_technologies, resumes.strengths AS resumes_strengths, resumes.analysis_json AS resumes_analysis_json, resumes.raw_text AS resumes_raw_text, resumes.file_size AS resumes_file_size, resumes.parsed_at AS resumes_parsed_at 
FROM resumes ORDER BY resumes.parsed_at DESC
 LIMIT ? OFFSET ?
2026-08-05 14:47:43,899 INFO sqlalchemy.engine.Engine [cached since 3390s ago] (1, 0)
2026-08-05 14:47:43 | INFO     | sqlalchemy.engine.Engine | [cached since 3390s ago] (1, 0)
INFO:     127.0.0.1:58550 - "GET /api/resume/latest HTTP/1.1" 200 OK
2026-08-05 14:47:43,901 INFO sqlalchemy.engine.Engine ROLLBACK
2026-08-05 14:47:43 | INFO     | sqlalchemy.engine.Engine | ROLLBACK
2026-08-05 14:47:46,944 INFO sqlalchemy.engine.Engine BEGIN (implicit)
2026-08-05 14:47:46 | INFO     | sqlalchemy.engine.Engine | BEGIN (implicit)
2026-08-05 14:47:46,944 INFO sqlalchemy.engine.Engine SELECT resumes.id AS resumes_id, resumes.original_filename AS resumes_original_filename, resumes.file_path AS resumes_file_path, resumes.name AS resumes_name, resumes.email AS resumes_email, resumes.phone AS resumes_phone, resumes.location AS resumes_location, resumes.summary AS resumes_summary, resumes.skills AS resumes_skills, resumes.experience AS resumes_experience, resumes.education AS resumes_education, resumes.projects AS resumes_projects, resumes.certifications AS resumes_certifications, resumes.technologies AS resumes_technologies, resumes.strengths AS resumes_strengths, resumes.analysis_json AS resumes_analysis_json, resumes.raw_text AS resumes_raw_text, resumes.file_size AS resumes_file_size, resumes.parsed_at AS resumes_parsed_at 
FROM resumes ORDER BY resumes.parsed_at DESC
 LIMIT ? OFFSET ?
2026-08-05 14:47:46 | INFO     | sqlalchemy.engine.Engine | SELECT resumes.id AS resumes_id, resumes.original_filename AS resumes_original_filename, resumes.file_path AS resumes_file_path, resumes.name AS resumes_name, resumes.email AS resumes_email, resumes.phone AS resumes_phone, resumes.location AS resumes_location, resumes.summary AS resumes_summary, resumes.skills AS resumes_skills, resumes.experience AS resumes_experience, resumes.education AS resumes_education, resumes.projects AS resumes_projects, resumes.certifications AS resumes_certifications, resumes.technologies AS resumes_technologies, resumes.strengths AS resumes_strengths, resumes.analysis_json AS resumes_analysis_json, resumes.raw_text AS resumes_raw_text, resumes.file_size AS resumes_file_size, resumes.parsed_at AS resumes_parsed_at 
FROM resumes ORDER BY resumes.parsed_at DESC
 LIMIT ? OFFSET ?
2026-08-05 14:47:46,944 INFO sqlalchemy.engine.Engine [cached since 3393s ago] (1, 0)
2026-08-05 14:47:46 | INFO     | sqlalchemy.engine.Engine | [cached since 3393s ago] (1, 0)
2026-08-05 14:47:46 | INFO     | fundflow | Using cached discovery (20 companies, 0.9h old)
2026-08-05 14:47:46,944 INFO sqlalchemy.engine.Engine BEGIN (implicit)
2026-08-05 14:47:46 | INFO     | sqlalchemy.engine.Engine | BEGIN (implicit)
2026-08-05 14:47:46,944 INFO sqlalchemy.engine.Engine SELECT resumes.id AS resumes_id, resumes.original_filename AS resumes_original_filename, resumes.file_path AS resumes_file_path, resumes.name AS resumes_name, resumes.email AS resumes_email, resumes.phone AS resumes_phone, resumes.location AS resumes_location, resumes.summary AS resumes_summary, resumes.skills AS resumes_skills, resumes.experience AS resumes_experience, resumes.education AS resumes_education, resumes.projects AS resumes_projects, resumes.certifications AS resumes_certifications, resumes.technologies AS resumes_technologies, resumes.strengths AS resumes_strengths, resumes.analysis_json AS resumes_analysis_json, resumes.raw_text AS resumes_raw_text, resumes.file_size AS resumes_file_size, resumes.parsed_at AS resumes_parsed_at 
FROM resumes ORDER BY resumes.parsed_at DESC
 LIMIT ? OFFSET ?
2026-08-05 14:47:46 | INFO     | sqlalchemy.engine.Engine | SELECT resumes.id AS resumes_id, resumes.original_filename AS resumes_original_filename, resumes.file_path AS resumes_file_path, resumes.name AS resumes_name, resumes.email AS resumes_email, resumes.phone AS resumes_phone, resumes.location AS resumes_location, resumes.summary AS resumes_summary, resumes.skills AS resumes_skills, resumes.experience AS resumes_experience, resumes.education AS resumes_education, resumes.projects AS resumes_projects, resumes.certifications AS resumes_certifications, resumes.technologies AS resumes_technologies, resumes.strengths AS resumes_strengths, resumes.analysis_json AS resumes_analysis_json, resumes.raw_text AS resumes_raw_text, resumes.file_size AS resumes_file_size, resumes.parsed_at AS resumes_parsed_at 
FROM resumes ORDER BY resumes.parsed_at DESC
 LIMIT ? OFFSET ?
2026-08-05 14:47:46,944 INFO sqlalchemy.engine.Engine [cached since 3393s ago] (1, 0)
2026-08-05 14:47:46 | INFO     | sqlalchemy.engine.Engine | [cached since 3393s ago] (1, 0)
INFO:     127.0.0.1:55688 - "GET /api/resume/latest HTTP/1.1" 200 OK
INFO:     127.0.0.1:55687 - "GET /api/companies/Anthropic HTTP/1.1" 200 OK
2026-08-05 14:47:46,950 INFO sqlalchemy.engine.Engine ROLLBACK
2026-08-05 14:47:46 | INFO     | sqlalchemy.engine.Engine | ROLLBACK
2026-08-05 14:47:46,950 INFO sqlalchemy.engine.Engine ROLLBACK
2026-08-05 14:47:46 | INFO     | sqlalchemy.engine.Engine | ROLLBACK
2026-08-05 14:47:46,958 INFO sqlalchemy.engine.Engine BEGIN (implicit)
2026-08-05 14:47:46 | INFO     | sqlalchemy.engine.Engine | BEGIN (implicit)
2026-08-05 14:47:46,958 INFO sqlalchemy.engine.Engine SELECT resumes.id AS resumes_id, resumes.original_filename AS resumes_original_filename, resumes.file_path AS resumes_file_path, resumes.name AS resumes_name, resumes.email AS resumes_email, resumes.phone AS resumes_phone, resumes.location AS resumes_location, resumes.summary AS resumes_summary, resumes.skills AS resumes_skills, resumes.experience AS resumes_experience, resumes.education AS resumes_education, resumes.projects AS resumes_projects, resumes.certifications AS resumes_certifications, resumes.technologies AS resumes_technologies, resumes.strengths AS resumes_strengths, resumes.analysis_json AS resumes_analysis_json, resumes.raw_text AS resumes_raw_text, resumes.file_size AS resumes_file_size, resumes.parsed_at AS resumes_parsed_at 
FROM resumes ORDER BY resumes.parsed_at DESC
 LIMIT ? OFFSET ?
2026-08-05 14:47:46 | INFO     | sqlalchemy.engine.Engine | SELECT resumes.id AS resumes_id, resumes.original_filename AS resumes_original_filename, resumes.file_path AS resumes_file_path, resumes.name AS resumes_name, resumes.email AS resumes_email, resumes.phone AS resumes_phone, resumes.location AS resumes_location, resumes.summary AS resumes_summary, resumes.skills AS resumes_skills, resumes.experience AS resumes_experience, resumes.education AS resumes_education, resumes.projects AS resumes_projects, resumes.certifications AS resumes_certifications, resumes.technologies AS resumes_technologies, resumes.strengths AS resumes_strengths, resumes.analysis_json AS resumes_analysis_json, resumes.raw_text AS resumes_raw_text, resumes.file_size AS resumes_file_size, resumes.parsed_at AS resumes_parsed_at 
FROM resumes ORDER BY resumes.parsed_at DESC
 LIMIT ? OFFSET ?
2026-08-05 14:47:46,958 INFO sqlalchemy.engine.Engine [cached since 3393s ago] (1, 0)
2026-08-05 14:47:46 | INFO     | sqlalchemy.engine.Engine | [cached since 3393s ago] (1, 0)
2026-08-05 14:47:46 | INFO     | fundflow | Using cached discovery (20 companies, 0.9h old)
2026-08-05 14:47:46,958 INFO sqlalchemy.engine.Engine BEGIN (implicit)
2026-08-05 14:47:46 | INFO     | sqlalchemy.engine.Engine | BEGIN (implicit)
2026-08-05 14:47:46,958 INFO sqlalchemy.engine.Engine SELECT resumes.id AS resumes_id, resumes.original_filename AS resumes_original_filename, resumes.file_path AS resumes_file_path, resumes.name AS resumes_name, resumes.email AS resumes_email, resumes.phone AS resumes_phone, resumes.location AS resumes_location, resumes.summary AS resumes_summary, resumes.skills AS resumes_skills, resumes.experience AS resumes_experience, resumes.education AS resumes_education, resumes.projects AS resumes_projects, resumes.certifications AS resumes_certifications, resumes.technologies AS resumes_technologies, resumes.strengths AS resumes_strengths, resumes.analysis_json AS resumes_analysis_json, resumes.raw_text AS resumes_raw_text, resumes.file_size AS resumes_file_size, resumes.parsed_at AS resumes_parsed_at 
FROM resumes ORDER BY resumes.parsed_at DESC
 LIMIT ? OFFSET ?
2026-08-05 14:47:46 | INFO     | sqlalchemy.engine.Engine | SELECT resumes.id AS resumes_id, resumes.original_filename AS resumes_original_filename, resumes.file_path AS resumes_file_path, resumes.name AS resumes_name, resumes.email AS resumes_email, resumes.phone AS resumes_phone, resumes.location AS resumes_location, resumes.summary AS resumes_summary, resumes.skills AS resumes_skills, resumes.experience AS resumes_experience, resumes.education AS resumes_education, resumes.projects AS resumes_projects, resumes.certifications AS resumes_certifications, resumes.technologies AS resumes_technologies, resumes.strengths AS resumes_strengths, resumes.analysis_json AS resumes_analysis_json, resumes.raw_text AS resumes_raw_text, resumes.file_size AS resumes_file_size, resumes.parsed_at AS resumes_parsed_at 
FROM resumes ORDER BY resumes.parsed_at DESC
 LIMIT ? OFFSET ?
2026-08-05 14:47:46,958 INFO sqlalchemy.engine.Engine [cached since 3393s ago] (1, 0)
2026-08-05 14:47:46 | INFO     | sqlalchemy.engine.Engine | [cached since 3393s ago] (1, 0)
INFO:     127.0.0.1:55691 - "GET /api/resume/latest HTTP/1.1" 200 OK
INFO:     127.0.0.1:55692 - "GET /api/companies/Anthropic HTTP/1.1" 200 OK
2026-08-05 14:47:46,961 INFO sqlalchemy.engine.Engine ROLLBACK
2026-08-05 14:47:46 | INFO     | sqlalchemy.engine.Engine | ROLLBACK
2026-08-05 14:47:46,961 INFO sqlalchemy.engine.Engine ROLLBACK
2026-08-05 14:47:46 | INFO     | sqlalchemy.engine.Engine | ROLLBACK
2026-08-05 14:47:50,025 INFO sqlalchemy.engine.Engine BEGIN (implicit)
2026-08-05 14:47:50 | INFO     | sqlalchemy.engine.Engine | BEGIN (implicit)
2026-08-05 14:47:50,025 INFO sqlalchemy.engine.Engine SELECT resumes.id AS resumes_id, resumes.original_filename AS resumes_original_filename, resumes.file_path AS resumes_file_path, resumes.name AS resumes_name, resumes.email AS resumes_email, resumes.phone AS resumes_phone, resumes.location AS resumes_location, resumes.summary AS resumes_summary, resumes.skills AS resumes_skills, resumes.experience AS resumes_experience, resumes.education AS resumes_education, resumes.projects AS resumes_projects, resumes.certifications AS resumes_certifications, resumes.technologies AS resumes_technologies, resumes.strengths AS resumes_strengths, resumes.analysis_json AS resumes_analysis_json, resumes.raw_text AS resumes_raw_text, resumes.file_size AS resumes_file_size, resumes.parsed_at AS resumes_parsed_at 
FROM resumes ORDER BY resumes.parsed_at DESC
 LIMIT ? OFFSET ?
2026-08-05 14:47:50 | INFO     | sqlalchemy.engine.Engine | SELECT resumes.id AS resumes_id, resumes.original_filename AS resumes_original_filename, resumes.file_path AS resumes_file_path, resumes.name AS resumes_name, resumes.email AS resumes_email, resumes.phone AS resumes_phone, resumes.location AS resumes_location, resumes.summary AS resumes_summary, resumes.skills AS resumes_skills, resumes.experience AS resumes_experience, resumes.education AS resumes_education, resumes.projects AS resumes_projects, resumes.certifications AS resumes_certifications, resumes.technologies AS resumes_technologies, resumes.strengths AS resumes_strengths, resumes.analysis_json AS resumes_analysis_json, resumes.raw_text AS resumes_raw_text, resumes.file_size AS resumes_file_size, resumes.parsed_at AS resumes_parsed_at 
FROM resumes ORDER BY resumes.parsed_at DESC
 LIMIT ? OFFSET ?
2026-08-05 14:47:50,025 INFO sqlalchemy.engine.Engine [cached since 3396s ago] (1, 0)
2026-08-05 14:47:50 | INFO     | sqlalchemy.engine.Engine | [cached since 3396s ago] (1, 0)
INFO:     127.0.0.1:52620 - "GET /api/resume/latest HTTP/1.1" 200 OK
2026-08-05 14:47:50,026 INFO sqlalchemy.engine.Engine ROLLBACK
2026-08-05 14:47:50 | INFO     | sqlalchemy.engine.Engine | ROLLBACK
2026-08-05 14:47:50,030 INFO sqlalchemy.engine.Engine BEGIN (implicit)
2026-08-05 14:47:50 | INFO     | sqlalchemy.engine.Engine | BEGIN (implicit)
2026-08-05 14:47:50,030 INFO sqlalchemy.engine.Engine SELECT resumes.id AS resumes_id, resumes.original_filename AS resumes_original_filename, resumes.file_path AS resumes_file_path, resumes.name AS resumes_name, resumes.email AS resumes_email, resumes.phone AS resumes_phone, resumes.location AS resumes_location, resumes.summary AS resumes_summary, resumes.skills AS resumes_skills, resumes.experience AS resumes_experience, resumes.education AS resumes_education, resumes.projects AS resumes_projects, resumes.certifications AS resumes_certifications, resumes.technologies AS resumes_technologies, resumes.strengths AS resumes_strengths, resumes.analysis_json AS resumes_analysis_json, resumes.raw_text AS resumes_raw_text, resumes.file_size AS resumes_file_size, resumes.parsed_at AS resumes_parsed_at 
FROM resumes ORDER BY resumes.parsed_at DESC
 LIMIT ? OFFSET ?
2026-08-05 14:47:50 | INFO     | sqlalchemy.engine.Engine | SELECT resumes.id AS resumes_id, resumes.original_filename AS resumes_original_filename, resumes.file_path AS resumes_file_path, resumes.name AS resumes_name, resumes.email AS resumes_email, resumes.phone AS resumes_phone, resumes.location AS resumes_location, resumes.summary AS resumes_summary, resumes.skills AS resumes_skills, resumes.experience AS resumes_experience, resumes.education AS resumes_education, resumes.projects AS resumes_projects, resumes.certifications AS resumes_certifications, resumes.technologies AS resumes_technologies, resumes.strengths AS resumes_strengths, resumes.analysis_json AS resumes_analysis_json, resumes.raw_text AS resumes_raw_text, resumes.file_size AS resumes_file_size, resumes.parsed_at AS resumes_parsed_at 
FROM resumes ORDER BY resumes.parsed_at DESC
 LIMIT ? OFFSET ?
2026-08-05 14:47:50,030 INFO sqlalchemy.engine.Engine [cached since 3396s ago] (1, 0)
2026-08-05 14:47:50 | INFO     | sqlalchemy.engine.Engine | [cached since 3396s ago] (1, 0)
INFO:     127.0.0.1:52622 - "GET /api/resume/latest HTTP/1.1" 200 OK
2026-08-05 14:47:50,035 INFO sqlalchemy.engine.Engine ROLLBACK
2026-08-05 14:47:50 | INFO     | sqlalchemy.engine.Engine | ROLLBACK
2026-08-05 14:48:10,157 INFO sqlalchemy.engine.Engine BEGIN (implicit)
2026-08-05 14:48:10 | INFO     | sqlalchemy.engine.Engine | BEGIN (implicit)
2026-08-05 14:48:10,157 INFO sqlalchemy.engine.Engine SELECT resumes.id AS resumes_id, resumes.original_filename AS resumes_original_filename, resumes.file_path AS resumes_file_path, resumes.name AS resumes_name, resumes.email AS resumes_email, resumes.phone AS resumes_phone, resumes.location AS resumes_location, resumes.summary AS resumes_summary, resumes.skills AS resumes_skills, resumes.experience AS resumes_experience, resumes.education AS resumes_education, resumes.projects AS resumes_projects, resumes.certifications AS resumes_certifications, resumes.technologies AS resumes_technologies, resumes.strengths AS resumes_strengths, resumes.analysis_json AS resumes_analysis_json, resumes.raw_text AS resumes_raw_text, resumes.file_size AS resumes_file_size, resumes.parsed_at AS resumes_parsed_at 
FROM resumes ORDER BY resumes.parsed_at DESC
 LIMIT ? OFFSET ?
2026-08-05 14:48:10 | INFO     | sqlalchemy.engine.Engine | SELECT resumes.id AS resumes_id, resumes.original_filename AS resumes_original_filename, resumes.file_path AS resumes_file_path, resumes.name AS resumes_name, resumes.email AS resumes_email, resumes.phone AS resumes_phone, resumes.location AS resumes_location, resumes.summary AS resumes_summary, resumes.skills AS resumes_skills, resumes.experience AS resumes_experience, resumes.education AS resumes_education, resumes.projects AS resumes_projects, resumes.certifications AS resumes_certifications, resumes.technologies AS resumes_technologies, resumes.strengths AS resumes_strengths, resumes.analysis_json AS resumes_analysis_json, resumes.raw_text AS resumes_raw_text, resumes.file_size AS resumes_file_size, resumes.parsed_at AS resumes_parsed_at 
FROM resumes ORDER BY resumes.parsed_at DESC
 LIMIT ? OFFSET ?
2026-08-05 14:48:10,157 INFO sqlalchemy.engine.Engine [cached since 3416s ago] (1, 0)
2026-08-05 14:48:10 | INFO     | sqlalchemy.engine.Engine | [cached since 3416s ago] (1, 0)
INFO:     127.0.0.1:62889 - "GET /api/resume/latest HTTP/1.1" 200 OK
2026-08-05 14:48:10,157 INFO sqlalchemy.engine.Engine ROLLBACK
2026-08-05 14:48:10 | INFO     | sqlalchemy.engine.Engine | ROLLBACK
2026-08-05 14:48:10,167 INFO sqlalchemy.engine.Engine BEGIN (implicit)
2026-08-05 14:48:10 | INFO     | sqlalchemy.engine.Engine | BEGIN (implicit)
2026-08-05 14:48:10,169 INFO sqlalchemy.engine.Engine SELECT resumes.id AS resumes_id, resumes.original_filename AS resumes_original_filename, resumes.file_path AS resumes_file_path, resumes.name AS resumes_name, resumes.email AS resumes_email, resumes.phone AS resumes_phone, resumes.location AS resumes_location, resumes.summary AS resumes_summary, resumes.skills AS resumes_skills, resumes.experience AS resumes_experience, resumes.education AS resumes_education, resumes.projects AS resumes_projects, resumes.certifications AS resumes_certifications, resumes.technologies AS resumes_technologies, resumes.strengths AS resumes_strengths, resumes.analysis_json AS resumes_analysis_json, resumes.raw_text AS resumes_raw_text, resumes.file_size AS resumes_file_size, resumes.parsed_at AS resumes_parsed_at 
FROM resumes ORDER BY resumes.parsed_at DESC
 LIMIT ? OFFSET ?
2026-08-05 14:48:10 | INFO     | sqlalchemy.engine.Engine | SELECT resumes.id AS resumes_id, resumes.original_filename AS resumes_original_filename, resumes.file_path AS resumes_file_path, resumes.name AS resumes_name, resumes.email AS resumes_email, resumes.phone AS resumes_phone, resumes.location AS resumes_location, resumes.summary AS resumes_summary, resumes.skills AS resumes_skills, resumes.experience AS resumes_experience, resumes.education AS resumes_education, resumes.projects AS resumes_projects, resumes.certifications AS resumes_certifications, resumes.technologies AS resumes_technologies, resumes.strengths AS resumes_strengths, resumes.analysis_json AS resumes_analysis_json, resumes.raw_text AS resumes_raw_text, resumes.file_size AS resumes_file_size, resumes.parsed_at AS resumes_parsed_at 
FROM resumes ORDER BY resumes.parsed_at DESC
 LIMIT ? OFFSET ?
2026-08-05 14:48:10,169 INFO sqlalchemy.engine.Engine [cached since 3416s ago] (1, 0)
2026-08-05 14:48:10 | INFO     | sqlalchemy.engine.Engine | [cached since 3416s ago] (1, 0)
INFO:     127.0.0.1:57359 - "GET /api/resume/latest HTTP/1.1" 200 OK
2026-08-05 14:48:10,171 INFO sqlalchemy.engine.Engine ROLLBACK
2026-08-05 14:48:10 | INFO     | sqlalchemy.engine.Engine | ROLLBACK
2026-08-05 14:48:12,180 INFO sqlalchemy.engine.Engine BEGIN (implicit)
2026-08-05 14:48:12 | INFO     | sqlalchemy.engine.Engine | BEGIN (implicit)
2026-08-05 14:48:12,180 INFO sqlalchemy.engine.Engine SELECT resumes.id AS resumes_id, resumes.original_filename AS resumes_original_filename, resumes.file_path AS resumes_file_path, resumes.name AS resumes_name, resumes.email AS resumes_email, resumes.phone AS resumes_phone, resumes.location AS resumes_location, resumes.summary AS resumes_summary, resumes.skills AS resumes_skills, resumes.experience AS resumes_experience, resumes.education AS resumes_education, resumes.projects AS resumes_projects, resumes.certifications AS resumes_certifications, resumes.technologies AS resumes_technologies, resumes.strengths AS resumes_strengths, resumes.analysis_json AS resumes_analysis_json, resumes.raw_text AS resumes_raw_text, resumes.file_size AS resumes_file_size, resumes.parsed_at AS resumes_parsed_at 
FROM resumes ORDER BY resumes.parsed_at DESC
 LIMIT ? OFFSET ?
2026-08-05 14:48:12 | INFO     | sqlalchemy.engine.Engine | SELECT resumes.id AS resumes_id, resumes.original_filename AS resumes_original_filename, resumes.file_path AS resumes_file_path, resumes.name AS resumes_name, resumes.email AS resumes_email, resumes.phone AS resumes_phone, resumes.location AS resumes_location, resumes.summary AS resumes_summary, resumes.skills AS resumes_skills, resumes.experience AS resumes_experience, resumes.education AS resumes_education, resumes.projects AS resumes_projects, resumes.certifications AS resumes_certifications, resumes.technologies AS resumes_technologies, resumes.strengths AS resumes_strengths, resumes.analysis_json AS resumes_analysis_json, resumes.raw_text AS resumes_raw_text, resumes.file_size AS resumes_file_size, resumes.parsed_at AS resumes_parsed_at 
FROM resumes ORDER BY resumes.parsed_at DESC
 LIMIT ? OFFSET ?
2026-08-05 14:48:12,180 INFO sqlalchemy.engine.Engine [cached since 3418s ago] (1, 0)
2026-08-05 14:48:12 | INFO     | sqlalchemy.engine.Engine | [cached since 3418s ago] (1, 0)
INFO:     127.0.0.1:53885 - "GET /api/resume/latest HTTP/1.1" 200 OK
2026-08-05 14:48:12,183 INFO sqlalchemy.engine.Engine ROLLBACK
2026-08-05 14:48:12 | INFO     | sqlalchemy.engine.Engine | ROLLBACK
2026-08-05 14:48:12,187 INFO sqlalchemy.engine.Engine BEGIN (implicit)
2026-08-05 14:48:12 | INFO     | sqlalchemy.engine.Engine | BEGIN (implicit)
2026-08-05 14:48:12,189 INFO sqlalchemy.engine.Engine SELECT resumes.id AS resumes_id, resumes.original_filename AS resumes_original_filename, resumes.file_path AS resumes_file_path, resumes.name AS resumes_name, resumes.email AS resumes_email, resumes.phone AS resumes_phone, resumes.location AS resumes_location, resumes.summary AS resumes_summary, resumes.skills AS resumes_skills, resumes.experience AS resumes_experience, resumes.education AS resumes_education, resumes.projects AS resumes_projects, resumes.certifications AS resumes_certifications, resumes.technologies AS resumes_technologies, resumes.strengths AS resumes_strengths, resumes.analysis_json AS resumes_analysis_json, resumes.raw_text AS resumes_raw_text, resumes.file_size AS resumes_file_size, resumes.parsed_at AS resumes_parsed_at 
FROM resumes ORDER BY resumes.parsed_at DESC
 LIMIT ? OFFSET ?
2026-08-05 14:48:12 | INFO     | sqlalchemy.engine.Engine | SELECT resumes.id AS resumes_id, resumes.original_filename AS resumes_original_filename, resumes.file_path AS resumes_file_path, resumes.name AS resumes_name, resumes.email AS resumes_email, resumes.phone AS resumes_phone, resumes.location AS resumes_location, resumes.summary AS resumes_summary, resumes.skills AS resumes_skills, resumes.experience AS resumes_experience, resumes.education AS resumes_education, resumes.projects AS resumes_projects, resumes.certifications AS resumes_certifications, resumes.technologies AS resumes_technologies, resumes.strengths AS resumes_strengths, resumes.analysis_json AS resumes_analysis_json, resumes.raw_text AS resumes_raw_text, resumes.file_size AS resumes_file_size, resumes.parsed_at AS resumes_parsed_at 
FROM resumes ORDER BY resumes.parsed_at DESC
 LIMIT ? OFFSET ?
2026-08-05 14:48:12,189 INFO sqlalchemy.engine.Engine [cached since 3418s ago] (1, 0)
2026-08-05 14:48:12 | INFO     | sqlalchemy.engine.Engine | [cached since 3418s ago] (1, 0)
INFO:     127.0.0.1:53887 - "GET /api/resume/latest HTTP/1.1" 200 OK
2026-08-05 14:48:12,190 INFO sqlalchemy.engine.Engine ROLLBACK
2026-08-05 14:48:12 | INFO     | sqlalchemy.engine.Engine | ROLLBACK
2026-08-05 14:48:15 | INFO     | fundflow | Using cached discovery (20 companies, 0.9h old)
2026-08-05 14:48:15,214 INFO sqlalchemy.engine.Engine BEGIN (implicit)
2026-08-05 14:48:15 | INFO     | sqlalchemy.engine.Engine | BEGIN (implicit)
2026-08-05 14:48:15,214 INFO sqlalchemy.engine.Engine SELECT resumes.id AS resumes_id, resumes.original_filename AS resumes_original_filename, resumes.file_path AS resumes_file_path, resumes.name AS resumes_name, resumes.email AS resumes_email, resumes.phone AS resumes_phone, resumes.location AS resumes_location, resumes.summary AS resumes_summary, resumes.skills AS resumes_skills, resumes.experience AS resumes_experience, resumes.education AS resumes_education, resumes.projects AS resumes_projects, resumes.certifications AS resumes_certifications, resumes.technologies AS resumes_technologies, resumes.strengths AS resumes_strengths, resumes.analysis_json AS resumes_analysis_json, resumes.raw_text AS resumes_raw_text, resumes.file_size AS resumes_file_size, resumes.parsed_at AS resumes_parsed_at 
FROM resumes ORDER BY resumes.parsed_at DESC
 LIMIT ? OFFSET ?
2026-08-05 14:48:15 | INFO     | sqlalchemy.engine.Engine | SELECT resumes.id AS resumes_id, resumes.original_filename AS resumes_original_filename, resumes.file_path AS resumes_file_path, resumes.name AS resumes_name, resumes.email AS resumes_email, resumes.phone AS resumes_phone, resumes.location AS resumes_location, resumes.summary AS resumes_summary, resumes.skills AS resumes_skills, resumes.experience AS resumes_experience, resumes.education AS resumes_education, resumes.projects AS resumes_projects, resumes.certifications AS resumes_certifications, resumes.technologies AS resumes_technologies, resumes.strengths AS resumes_strengths, resumes.analysis_json AS resumes_analysis_json, resumes.raw_text AS resumes_raw_text, resumes.file_size AS resumes_file_size, resumes.parsed_at AS resumes_parsed_at 
FROM resumes ORDER BY resumes.parsed_at DESC
 LIMIT ? OFFSET ?
2026-08-05 14:48:15,215 INFO sqlalchemy.engine.Engine [cached since 3421s ago] (1, 0)
2026-08-05 14:48:15 | INFO     | sqlalchemy.engine.Engine | [cached since 3421s ago] (1, 0)
INFO:     127.0.0.1:50272 - "GET /api/companies HTTP/1.1" 200 OK
2026-08-05 14:48:15,216 INFO sqlalchemy.engine.Engine BEGIN (implicit)
2026-08-05 14:48:15 | INFO     | sqlalchemy.engine.Engine | BEGIN (implicit)
2026-08-05 14:48:15,216 INFO sqlalchemy.engine.Engine SELECT resumes.id AS resumes_id, resumes.original_filename AS resumes_original_filename, resumes.file_path AS resumes_file_path, resumes.name AS resumes_name, resumes.email AS resumes_email, resumes.phone AS resumes_phone, resumes.location AS resumes_location, resumes.summary AS resumes_summary, resumes.skills AS resumes_skills, resumes.experience AS resumes_experience, resumes.education AS resumes_education, resumes.projects AS resumes_projects, resumes.certifications AS resumes_certifications, resumes.technologies AS resumes_technologies, resumes.strengths AS resumes_strengths, resumes.analysis_json AS resumes_analysis_json, resumes.raw_text AS resumes_raw_text, resumes.file_size AS resumes_file_size, resumes.parsed_at AS resumes_parsed_at 
FROM resumes ORDER BY resumes.parsed_at DESC
 LIMIT ? OFFSET ?
2026-08-05 14:48:15 | INFO     | sqlalchemy.engine.Engine | SELECT resumes.id AS resumes_id, resumes.original_filename AS resumes_original_filename, resumes.file_path AS resumes_file_path, resumes.name AS resumes_name, resumes.email AS resumes_email, resumes.phone AS resumes_phone, resumes.location AS resumes_location, resumes.summary AS resumes_summary, resumes.skills AS resumes_skills, resumes.experience AS resumes_experience, resumes.education AS resumes_education, resumes.projects AS resumes_projects, resumes.certifications AS resumes_certifications, resumes.technologies AS resumes_technologies, resumes.strengths AS resumes_strengths, resumes.analysis_json AS resumes_analysis_json, resumes.raw_text AS resumes_raw_text, resumes.file_size AS resumes_file_size, resumes.parsed_at AS resumes_parsed_at 
FROM resumes ORDER BY resumes.parsed_at DESC
 LIMIT ? OFFSET ?
2026-08-05 14:48:15,216 INFO sqlalchemy.engine.Engine [cached since 3421s ago] (1, 0)
2026-08-05 14:48:15 | INFO     | sqlalchemy.engine.Engine | [cached since 3421s ago] (1, 0)
INFO:     127.0.0.1:50274 - "GET /api/resume/latest HTTP/1.1" 200 OK
2026-08-05 14:48:15,221 INFO sqlalchemy.engine.Engine ROLLBACK
2026-08-05 14:48:15 | INFO     | sqlalchemy.engine.Engine | ROLLBACK
2026-08-05 14:48:15,221 INFO sqlalchemy.engine.Engine ROLLBACK
2026-08-05 14:48:15 | INFO     | sqlalchemy.engine.Engine | ROLLBACK
2026-08-05 14:48:15 | INFO     | fundflow | Using cached discovery (20 companies, 0.9h old)
2026-08-05 14:48:15,226 INFO sqlalchemy.engine.Engine BEGIN (implicit)
2026-08-05 14:48:15 | INFO     | sqlalchemy.engine.Engine | BEGIN (implicit)
2026-08-05 14:48:15,226 INFO sqlalchemy.engine.Engine SELECT resumes.id AS resumes_id, resumes.original_filename AS resumes_original_filename, resumes.file_path AS resumes_file_path, resumes.name AS resumes_name, resumes.email AS resumes_email, resumes.phone AS resumes_phone, resumes.location AS resumes_location, resumes.summary AS resumes_summary, resumes.skills AS resumes_skills, resumes.experience AS resumes_experience, resumes.education AS resumes_education, resumes.projects AS resumes_projects, resumes.certifications AS resumes_certifications, resumes.technologies AS resumes_technologies, resumes.strengths AS resumes_strengths, resumes.analysis_json AS resumes_analysis_json, resumes.raw_text AS resumes_raw_text, resumes.file_size AS resumes_file_size, resumes.parsed_at AS resumes_parsed_at 
FROM resumes ORDER BY resumes.parsed_at DESC
 LIMIT ? OFFSET ?
2026-08-05 14:48:15 | INFO     | sqlalchemy.engine.Engine | SELECT resumes.id AS resumes_id, resumes.original_filename AS resumes_original_filename, resumes.file_path AS resumes_file_path, resumes.name AS resumes_name, resumes.email AS resumes_email, resumes.phone AS resumes_phone, resumes.location AS resumes_location, resumes.summary AS resumes_summary, resumes.skills AS resumes_skills, resumes.experience AS resumes_experience, resumes.education AS resumes_education, resumes.projects AS resumes_projects, resumes.certifications AS resumes_certifications, resumes.technologies AS resumes_technologies, resumes.strengths AS resumes_strengths, resumes.analysis_json AS resumes_analysis_json, resumes.raw_text AS resumes_raw_text, resumes.file_size AS resumes_file_size, resumes.parsed_at AS resumes_parsed_at 
FROM resumes ORDER BY resumes.parsed_at DESC
 LIMIT ? OFFSET ?
2026-08-05 14:48:15,226 INFO sqlalchemy.engine.Engine [cached since 3421s ago] (1, 0)
2026-08-05 14:48:15 | INFO     | sqlalchemy.engine.Engine | [cached since 3421s ago] (1, 0)
INFO:     127.0.0.1:50276 - "GET /api/companies HTTP/1.1" 200 OK
2026-08-05 14:48:15,233 INFO sqlalchemy.engine.Engine ROLLBACK
2026-08-05 14:48:15 | INFO     | sqlalchemy.engine.Engine | ROLLBACK
2026-08-05 14:48:15,234 INFO sqlalchemy.engine.Engine BEGIN (implicit)
2026-08-05 14:48:15 | INFO     | sqlalchemy.engine.Engine | BEGIN (implicit)
2026-08-05 14:48:15,234 INFO sqlalchemy.engine.Engine SELECT resumes.id AS resumes_id, resumes.original_filename AS resumes_original_filename, resumes.file_path AS resumes_file_path, resumes.name AS resumes_name, resumes.email AS resumes_email, resumes.phone AS resumes_phone, resumes.location AS resumes_location, resumes.summary AS resumes_summary, resumes.skills AS resumes_skills, resumes.experience AS resumes_experience, resumes.education AS resumes_education, resumes.projects AS resumes_projects, resumes.certifications AS resumes_certifications, resumes.technologies AS resumes_technologies, resumes.strengths AS resumes_strengths, resumes.analysis_json AS resumes_analysis_json, resumes.raw_text AS resumes_raw_text, resumes.file_size AS resumes_file_size, resumes.parsed_at AS resumes_parsed_at 
FROM resumes ORDER BY resumes.parsed_at DESC
 LIMIT ? OFFSET ?
2026-08-05 14:48:15 | INFO     | sqlalchemy.engine.Engine | SELECT resumes.id AS resumes_id, resumes.original_filename AS resumes_original_filename, resumes.file_path AS resumes_file_path, resumes.name AS resumes_name, resumes.email AS resumes_email, resumes.phone AS resumes_phone, resumes.location AS resumes_location, resumes.summary AS resumes_summary, resumes.skills AS resumes_skills, resumes.experience AS resumes_experience, resumes.education AS resumes_education, resumes.projects AS resumes_projects, resumes.certifications AS resumes_certifications, resumes.technologies AS resumes_technologies, resumes.strengths AS resumes_strengths, resumes.analysis_json AS resumes_analysis_json, resumes.raw_text AS resumes_raw_text, resumes.file_size AS resumes_file_size, resumes.parsed_at AS resumes_parsed_at 
FROM resumes ORDER BY resumes.parsed_at DESC
 LIMIT ? OFFSET ?
2026-08-05 14:48:15,234 INFO sqlalchemy.engine.Engine [cached since 3421s ago] (1, 0)
2026-08-05 14:48:15 | INFO     | sqlalchemy.engine.Engine | [cached since 3421s ago] (1, 0)
INFO:     127.0.0.1:50278 - "GET /api/resume/latest HTTP/1.1" 200 OK
2026-08-05 14:48:15,237 INFO sqlalchemy.engine.Engine ROLLBACK
2026-08-05 14:48:15 | INFO     | sqlalchemy.engine.Engine | ROLLBACK
2026-08-05 14:48:18,297 INFO sqlalchemy.engine.Engine BEGIN (implicit)
2026-08-05 14:48:18 | INFO     | sqlalchemy.engine.Engine | BEGIN (implicit)
2026-08-05 14:48:18,298 INFO sqlalchemy.engine.Engine SELECT resumes.id AS resumes_id, resumes.original_filename AS resumes_original_filename, resumes.file_path AS resumes_file_path, resumes.name AS resumes_name, resumes.email AS resumes_email, resumes.phone AS resumes_phone, resumes.location AS resumes_location, resumes.summary AS resumes_summary, resumes.skills AS resumes_skills, resumes.experience AS resumes_experience, resumes.education AS resumes_education, resumes.projects AS resumes_projects, resumes.certifications AS resumes_certifications, resumes.technologies AS resumes_technologies, resumes.strengths AS resumes_strengths, resumes.analysis_json AS resumes_analysis_json, resumes.raw_text AS resumes_raw_text, resumes.file_size AS resumes_file_size, resumes.parsed_at AS resumes_parsed_at 
FROM resumes ORDER BY resumes.parsed_at DESC
 LIMIT ? OFFSET ?
2026-08-05 14:48:18 | INFO     | sqlalchemy.engine.Engine | SELECT resumes.id AS resumes_id, resumes.original_filename AS resumes_original_filename, resumes.file_path AS resumes_file_path, resumes.name AS resumes_name, resumes.email AS resumes_email, resumes.phone AS resumes_phone, resumes.location AS resumes_location, resumes.summary AS resumes_summary, resumes.skills AS resumes_skills, resumes.experience AS resumes_experience, resumes.education AS resumes_education, resumes.projects AS resumes_projects, resumes.certifications AS resumes_certifications, resumes.technologies AS resumes_technologies, resumes.strengths AS resumes_strengths, resumes.analysis_json AS resumes_analysis_json, resumes.raw_text AS resumes_raw_text, resumes.file_size AS resumes_file_size, resumes.parsed_at AS resumes_parsed_at 
FROM resumes ORDER BY resumes.parsed_at DESC
 LIMIT ? OFFSET ?
2026-08-05 14:48:18,298 INFO sqlalchemy.engine.Engine [cached since 3424s ago] (1, 0)
2026-08-05 14:48:18 | INFO     | sqlalchemy.engine.Engine | [cached since 3424s ago] (1, 0)
2026-08-05 14:48:18 | INFO     | fundflow | Using cached discovery (20 companies, 0.9h old)
2026-08-05 14:48:18,298 INFO sqlalchemy.engine.Engine BEGIN (implicit)
2026-08-05 14:48:18 | INFO     | sqlalchemy.engine.Engine | BEGIN (implicit)
2026-08-05 14:48:18,298 INFO sqlalchemy.engine.Engine SELECT resumes.id AS resumes_id, resumes.original_filename AS resumes_original_filename, resumes.file_path AS resumes_file_path, resumes.name AS resumes_name, resumes.email AS resumes_email, resumes.phone AS resumes_phone, resumes.location AS resumes_location, resumes.summary AS resumes_summary, resumes.skills AS resumes_skills, resumes.experience AS resumes_experience, resumes.education AS resumes_education, resumes.projects AS resumes_projects, resumes.certifications AS resumes_certifications, resumes.technologies AS resumes_technologies, resumes.strengths AS resumes_strengths, resumes.analysis_json AS resumes_analysis_json, resumes.raw_text AS resumes_raw_text, resumes.file_size AS resumes_file_size, resumes.parsed_at AS resumes_parsed_at 
FROM resumes ORDER BY resumes.parsed_at DESC
 LIMIT ? OFFSET ?
2026-08-05 14:48:18 | INFO     | sqlalchemy.engine.Engine | SELECT resumes.id AS resumes_id, resumes.original_filename AS resumes_original_filename, resumes.file_path AS resumes_file_path, resumes.name AS resumes_name, resumes.email AS resumes_email, resumes.phone AS resumes_phone, resumes.location AS resumes_location, resumes.summary AS resumes_summary, resumes.skills AS resumes_skills, resumes.experience AS resumes_experience, resumes.education AS resumes_education, resumes.projects AS resumes_projects, resumes.certifications AS resumes_certifications, resumes.technologies AS resumes_technologies, resumes.strengths AS resumes_strengths, resumes.analysis_json AS resumes_analysis_json, resumes.raw_text AS resumes_raw_text, resumes.file_size AS resumes_file_size, resumes.parsed_at AS resumes_parsed_at 
FROM resumes ORDER BY resumes.parsed_at DESC
 LIMIT ? OFFSET ?
2026-08-05 14:48:18,298 INFO sqlalchemy.engine.Engine [cached since 3424s ago] (1, 0)
2026-08-05 14:48:18 | INFO     | sqlalchemy.engine.Engine | [cached since 3424s ago] (1, 0)
INFO:     127.0.0.1:52514 - "GET /api/resume/latest HTTP/1.1" 200 OK
INFO:     127.0.0.1:52512 - "GET /api/companies/Anthropic HTTP/1.1" 200 OK
2026-08-05 14:48:18,300 INFO sqlalchemy.engine.Engine ROLLBACK
2026-08-05 14:48:18 | INFO     | sqlalchemy.engine.Engine | ROLLBACK
2026-08-05 14:48:18,300 INFO sqlalchemy.engine.Engine ROLLBACK
2026-08-05 14:48:18 | INFO     | sqlalchemy.engine.Engine | ROLLBACK
2026-08-05 14:48:18,300 INFO sqlalchemy.engine.Engine BEGIN (implicit)
2026-08-05 14:48:18 | INFO     | sqlalchemy.engine.Engine | BEGIN (implicit)
2026-08-05 14:48:18,307 INFO sqlalchemy.engine.Engine SELECT resumes.id AS resumes_id, resumes.original_filename AS resumes_original_filename, resumes.file_path AS resumes_file_path, resumes.name AS resumes_name, resumes.email AS resumes_email, resumes.phone AS resumes_phone, resumes.location AS resumes_location, resumes.summary AS resumes_summary, resumes.skills AS resumes_skills, resumes.experience AS resumes_experience, resumes.education AS resumes_education, resumes.projects AS resumes_projects, resumes.certifications AS resumes_certifications, resumes.technologies AS resumes_technologies, resumes.strengths AS resumes_strengths, resumes.analysis_json AS resumes_analysis_json, resumes.raw_text AS resumes_raw_text, resumes.file_size AS resumes_file_size, resumes.parsed_at AS resumes_parsed_at 
FROM resumes ORDER BY resumes.parsed_at DESC
 LIMIT ? OFFSET ?
2026-08-05 14:48:18 | INFO     | sqlalchemy.engine.Engine | SELECT resumes.id AS resumes_id, resumes.original_filename AS resumes_original_filename, resumes.file_path AS resumes_file_path, resumes.name AS resumes_name, resumes.email AS resumes_email, resumes.phone AS resumes_phone, resumes.location AS resumes_location, resumes.summary AS resumes_summary, resumes.skills AS resumes_skills, resumes.experience AS resumes_experience, resumes.education AS resumes_education, resumes.projects AS resumes_projects, resumes.certifications AS resumes_certifications, resumes.technologies AS resumes_technologies, resumes.strengths AS resumes_strengths, resumes.analysis_json AS resumes_analysis_json, resumes.raw_text AS resumes_raw_text, resumes.file_size AS resumes_file_size, resumes.parsed_at AS resumes_parsed_at 
FROM resumes ORDER BY resumes.parsed_at DESC
 LIMIT ? OFFSET ?
2026-08-05 14:48:18,307 INFO sqlalchemy.engine.Engine [cached since 3424s ago] (1, 0)
2026-08-05 14:48:18 | INFO     | sqlalchemy.engine.Engine | [cached since 3424s ago] (1, 0)
2026-08-05 14:48:18 | INFO     | fundflow | Using cached discovery (20 companies, 0.9h old)
2026-08-05 14:48:18,307 INFO sqlalchemy.engine.Engine BEGIN (implicit)
2026-08-05 14:48:18 | INFO     | sqlalchemy.engine.Engine | BEGIN (implicit)
2026-08-05 14:48:18,309 INFO sqlalchemy.engine.Engine SELECT resumes.id AS resumes_id, resumes.original_filename AS resumes_original_filename, resumes.file_path AS resumes_file_path, resumes.name AS resumes_name, resumes.email AS resumes_email, resumes.phone AS resumes_phone, resumes.location AS resumes_location, resumes.summary AS resumes_summary, resumes.skills AS resumes_skills, resumes.experience AS resumes_experience, resumes.education AS resumes_education, resumes.projects AS resumes_projects, resumes.certifications AS resumes_certifications, resumes.technologies AS resumes_technologies, resumes.strengths AS resumes_strengths, resumes.analysis_json AS resumes_analysis_json, resumes.raw_text AS resumes_raw_text, resumes.file_size AS resumes_file_size, resumes.parsed_at AS resumes_parsed_at 
FROM resumes ORDER BY resumes.parsed_at DESC
 LIMIT ? OFFSET ?
2026-08-05 14:48:18 | INFO     | sqlalchemy.engine.Engine | SELECT resumes.id AS resumes_id, resumes.original_filename AS resumes_original_filename, resumes.file_path AS resumes_file_path, resumes.name AS resumes_name, resumes.email AS resumes_email, resumes.phone AS resumes_phone, resumes.location AS resumes_location, resumes.summary AS resumes_summary, resumes.skills AS resumes_skills, resumes.experience AS resumes_experience, resumes.education AS resumes_education, resumes.projects AS resumes_projects, resumes.certifications AS resumes_certifications, resumes.technologies AS resumes_technologies, resumes.strengths AS resumes_strengths, resumes.analysis_json AS resumes_analysis_json, resumes.raw_text AS resumes_raw_text, resumes.file_size AS resumes_file_size, resumes.parsed_at AS resumes_parsed_at 
FROM resumes ORDER BY resumes.parsed_at DESC
 LIMIT ? OFFSET ?
2026-08-05 14:48:18,309 INFO sqlalchemy.engine.Engine [cached since 3424s ago] (1, 0)
2026-08-05 14:48:18 | INFO     | sqlalchemy.engine.Engine | [cached since 3424s ago] (1, 0)
INFO:     127.0.0.1:52517 - "GET /api/resume/latest HTTP/1.1" 200 OK
INFO:     127.0.0.1:52518 - "GET /api/companies/Anthropic HTTP/1.1" 200 OK
2026-08-05 14:48:18,312 INFO sqlalchemy.engine.Engine ROLLBACK
2026-08-05 14:48:18 | INFO     | sqlalchemy.engine.Engine | ROLLBACK
2026-08-05 14:48:18,312 INFO sqlalchemy.engine.Engine ROLLBACK
2026-08-05 14:48:18 | INFO     | sqlalchemy.engine.Engine | ROLLBACK
2026-08-05 14:48:21,377 INFO sqlalchemy.engine.Engine BEGIN (implicit)
2026-08-05 14:48:21 | INFO     | sqlalchemy.engine.Engine | BEGIN (implicit)
2026-08-05 14:48:21,377 INFO sqlalchemy.engine.Engine SELECT resumes.id AS resumes_id, resumes.original_filename AS resumes_original_filename, resumes.file_path AS resumes_file_path, resumes.name AS resumes_name, resumes.email AS resumes_email, resumes.phone AS resumes_phone, resumes.location AS resumes_location, resumes.summary AS resumes_summary, resumes.skills AS resumes_skills, resumes.experience AS resumes_experience, resumes.education AS resumes_education, resumes.projects AS resumes_projects, resumes.certifications AS resumes_certifications, resumes.technologies AS resumes_technologies, resumes.strengths AS resumes_strengths, resumes.analysis_json AS resumes_analysis_json, resumes.raw_text AS resumes_raw_text, resumes.file_size AS resumes_file_size, resumes.parsed_at AS resumes_parsed_at 
FROM resumes ORDER BY resumes.parsed_at DESC
 LIMIT ? OFFSET ?
2026-08-05 14:48:21 | INFO     | sqlalchemy.engine.Engine | SELECT resumes.id AS resumes_id, resumes.original_filename AS resumes_original_filename, resumes.file_path AS resumes_file_path, resumes.name AS resumes_name, resumes.email AS resumes_email, resumes.phone AS resumes_phone, resumes.location AS resumes_location, resumes.summary AS resumes_summary, resumes.skills AS resumes_skills, resumes.experience AS resumes_experience, resumes.education AS resumes_education, resumes.projects AS resumes_projects, resumes.certifications AS resumes_certifications, resumes.technologies AS resumes_technologies, resumes.strengths AS resumes_strengths, resumes.analysis_json AS resumes_analysis_json, resumes.raw_text AS resumes_raw_text, resumes.file_size AS resumes_file_size, resumes.parsed_at AS resumes_parsed_at 
FROM resumes ORDER BY resumes.parsed_at DESC
 LIMIT ? OFFSET ?
2026-08-05 14:48:21,377 INFO sqlalchemy.engine.Engine [cached since 3427s ago] (1, 0)
2026-08-05 14:48:21 | INFO     | sqlalchemy.engine.Engine | [cached since 3427s ago] (1, 0)
INFO:     127.0.0.1:63528 - "GET /api/resume/latest HTTP/1.1" 200 OK
2026-08-05 14:48:21,379 INFO sqlalchemy.engine.Engine ROLLBACK
2026-08-05 14:48:21 | INFO     | sqlalchemy.engine.Engine | ROLLBACK
2026-08-05 14:48:21,383 INFO sqlalchemy.engine.Engine BEGIN (implicit)
2026-08-05 14:48:21 | INFO     | sqlalchemy.engine.Engine | BEGIN (implicit)
2026-08-05 14:48:21,383 INFO sqlalchemy.engine.Engine SELECT resumes.id AS resumes_id, resumes.original_filename AS resumes_original_filename, resumes.file_path AS resumes_file_path, resumes.name AS resumes_name, resumes.email AS resumes_email, resumes.phone AS resumes_phone, resumes.location AS resumes_location, resumes.summary AS resumes_summary, resumes.skills AS resumes_skills, resumes.experience AS resumes_experience, resumes.education AS resumes_education, resumes.projects AS resumes_projects, resumes.certifications AS resumes_certifications, resumes.technologies AS resumes_technologies, resumes.strengths AS resumes_strengths, resumes.analysis_json AS resumes_analysis_json, resumes.raw_text AS resumes_raw_text, resumes.file_size AS resumes_file_size, resumes.parsed_at AS resumes_parsed_at 
FROM resumes ORDER BY resumes.parsed_at DESC
 LIMIT ? OFFSET ?
2026-08-05 14:48:21 | INFO     | sqlalchemy.engine.Engine | SELECT resumes.id AS resumes_id, resumes.original_filename AS resumes_original_filename, resumes.file_path AS resumes_file_path, resumes.name AS resumes_name, resumes.email AS resumes_email, resumes.phone AS resumes_phone, resumes.location AS resumes_location, resumes.summary AS resumes_summary, resumes.skills AS resumes_skills, resumes.experience AS resumes_experience, resumes.education AS resumes_education, resumes.projects AS resumes_projects, resumes.certifications AS resumes_certifications, resumes.technologies AS resumes_technologies, resumes.strengths AS resumes_strengths, resumes.analysis_json AS resumes_analysis_json, resumes.raw_text AS resumes_raw_text, resumes.file_size AS resumes_file_size, resumes.parsed_at AS resumes_parsed_at 
FROM resumes ORDER BY resumes.parsed_at DESC
 LIMIT ? OFFSET ?
2026-08-05 14:48:21,385 INFO sqlalchemy.engine.Engine [cached since 3427s ago] (1, 0)
2026-08-05 14:48:21 | INFO     | sqlalchemy.engine.Engine | [cached since 3427s ago] (1, 0)
INFO:     127.0.0.1:63530 - "GET /api/resume/latest HTTP/1.1" 200 OK
2026-08-05 14:48:21,385 INFO sqlalchemy.engine.Engine ROLLBACK
2026-08-05 14:48:21 | INFO     | sqlalchemy.engine.Engine | ROLLBACK
2026-08-05 14:49:55 | INFO     | fundflow | Using cached discovery (20 companies, 0.9h old)
2026-08-05 14:49:55,651 INFO sqlalchemy.engine.Engine BEGIN (implicit)
2026-08-05 14:49:55 | INFO     | sqlalchemy.engine.Engine | BEGIN (implicit)
2026-08-05 14:49:55,651 INFO sqlalchemy.engine.Engine SELECT resumes.id AS resumes_id, resumes.original_filename AS resumes_original_filename, resumes.file_path AS resumes_file_path, resumes.name AS resumes_name, resumes.email AS resumes_email, resumes.phone AS resumes_phone, resumes.location AS resumes_location, resumes.summary AS resumes_summary, resumes.skills AS resumes_skills, resumes.experience AS resumes_experience, resumes.education AS resumes_education, resumes.projects AS resumes_projects, resumes.certifications AS resumes_certifications, resumes.technologies AS resumes_technologies, resumes.strengths AS resumes_strengths, resumes.analysis_json AS resumes_analysis_json, resumes.raw_text AS resumes_raw_text, resumes.file_size AS resumes_file_size, resumes.parsed_at AS resumes_parsed_at 
FROM resumes ORDER BY resumes.parsed_at DESC
 LIMIT ? OFFSET ?
2026-08-05 14:49:55 | INFO     | sqlalchemy.engine.Engine | SELECT resumes.id AS resumes_id, resumes.original_filename AS resumes_original_filename, resumes.file_path AS resumes_file_path, resumes.name AS resumes_name, resumes.email AS resumes_email, resumes.phone AS resumes_phone, resumes.location AS resumes_location, resumes.summary AS resumes_summary, resumes.skills AS resumes_skills, resumes.experience AS resumes_experience, resumes.education AS resumes_education, resumes.projects AS resumes_projects, resumes.certifications AS resumes_certifications, resumes.technologies AS resumes_technologies, resumes.strengths AS resumes_strengths, resumes.analysis_json AS resumes_analysis_json, resumes.raw_text AS resumes_raw_text, resumes.file_size AS resumes_file_size, resumes.parsed_at AS resumes_parsed_at 
FROM resumes ORDER BY resumes.parsed_at DESC
 LIMIT ? OFFSET ?
2026-08-05 14:49:55,651 INFO sqlalchemy.engine.Engine [cached since 3521s ago] (1, 0)
2026-08-05 14:49:55 | INFO     | sqlalchemy.engine.Engine | [cached since 3521s ago] (1, 0)
INFO:     127.0.0.1:54207 - "GET /api/companies/Anthropic HTTP/1.1" 200 OK
2026-08-05 14:49:55,654 INFO sqlalchemy.engine.Engine BEGIN (implicit)
2026-08-05 14:49:55 | INFO     | sqlalchemy.engine.Engine | BEGIN (implicit)
2026-08-05 14:49:55,654 INFO sqlalchemy.engine.Engine SELECT resumes.id AS resumes_id, resumes.original_filename AS resumes_original_filename, resumes.file_path AS resumes_file_path, resumes.name AS resumes_name, resumes.email AS resumes_email, resumes.phone AS resumes_phone, resumes.location AS resumes_location, resumes.summary AS resumes_summary, resumes.skills AS resumes_skills, resumes.experience AS resumes_experience, resumes.education AS resumes_education, resumes.projects AS resumes_projects, resumes.certifications AS resumes_certifications, resumes.technologies AS resumes_technologies, resumes.strengths AS resumes_strengths, resumes.analysis_json AS resumes_analysis_json, resumes.raw_text AS resumes_raw_text, resumes.file_size AS resumes_file_size, resumes.parsed_at AS resumes_parsed_at 
FROM resumes ORDER BY resumes.parsed_at DESC
 LIMIT ? OFFSET ?
2026-08-05 14:49:55 | INFO     | sqlalchemy.engine.Engine | SELECT resumes.id AS resumes_id, resumes.original_filename AS resumes_original_filename, resumes.file_path AS resumes_file_path, resumes.name AS resumes_name, resumes.email AS resumes_email, resumes.phone AS resumes_phone, resumes.location AS resumes_location, resumes.summary AS resumes_summary, resumes.skills AS resumes_skills, resumes.experience AS resumes_experience, resumes.education AS resumes_education, resumes.projects AS resumes_projects, resumes.certifications AS resumes_certifications, resumes.technologies AS resumes_technologies, resumes.strengths AS resumes_strengths, resumes.analysis_json AS resumes_analysis_json, resumes.raw_text AS resumes_raw_text, resumes.file_size AS resumes_file_size, resumes.parsed_at AS resumes_parsed_at 
FROM resumes ORDER BY resumes.parsed_at DESC
 LIMIT ? OFFSET ?
2026-08-05 14:49:55,656 INFO sqlalchemy.engine.Engine [cached since 3521s ago] (1, 0)
2026-08-05 14:49:55 | INFO     | sqlalchemy.engine.Engine | [cached since 3521s ago] (1, 0)
INFO:     127.0.0.1:54209 - "GET /api/resume/latest HTTP/1.1" 200 OK
2026-08-05 14:49:55,660 INFO sqlalchemy.engine.Engine ROLLBACK
2026-08-05 14:49:55 | INFO     | sqlalchemy.engine.Engine | ROLLBACK
2026-08-05 14:49:55,667 INFO sqlalchemy.engine.Engine ROLLBACK
2026-08-05 14:49:55 | INFO     | sqlalchemy.engine.Engine | ROLLBACK
2026-08-05 14:49:55 | INFO     | fundflow | Using cached discovery (20 companies, 0.9h old)
2026-08-05 14:49:55,696 INFO sqlalchemy.engine.Engine BEGIN (implicit)
2026-08-05 14:49:55 | INFO     | sqlalchemy.engine.Engine | BEGIN (implicit)
2026-08-05 14:49:55,696 INFO sqlalchemy.engine.Engine SELECT resumes.id AS resumes_id, resumes.original_filename AS resumes_original_filename, resumes.file_path AS resumes_file_path, resumes.name AS resumes_name, resumes.email AS resumes_email, resumes.phone AS resumes_phone, resumes.location AS resumes_location, resumes.summary AS resumes_summary, resumes.skills AS resumes_skills, resumes.experience AS resumes_experience, resumes.education AS resumes_education, resumes.projects AS resumes_projects, resumes.certifications AS resumes_certifications, resumes.technologies AS resumes_technologies, resumes.strengths AS resumes_strengths, resumes.analysis_json AS resumes_analysis_json, resumes.raw_text AS resumes_raw_text, resumes.file_size AS resumes_file_size, resumes.parsed_at AS resumes_parsed_at 
FROM resumes ORDER BY resumes.parsed_at DESC
 LIMIT ? OFFSET ?
2026-08-05 14:49:55 | INFO     | sqlalchemy.engine.Engine | SELECT resumes.id AS resumes_id, resumes.original_filename AS resumes_original_filename, resumes.file_path AS resumes_file_path, resumes.name AS resumes_name, resumes.email AS resumes_email, resumes.phone AS resumes_phone, resumes.location AS resumes_location, resumes.summary AS resumes_summary, resumes.skills AS resumes_skills, resumes.experience AS resumes_experience, resumes.education AS resumes_education, resumes.projects AS resumes_projects, resumes.certifications AS resumes_certifications, resumes.technologies AS resumes_technologies, resumes.strengths AS resumes_strengths, resumes.analysis_json AS resumes_analysis_json, resumes.raw_text AS resumes_raw_text, resumes.file_size AS resumes_file_size, resumes.parsed_at AS resumes_parsed_at 
FROM resumes ORDER BY resumes.parsed_at DESC
 LIMIT ? OFFSET ?
2026-08-05 14:49:55,698 INFO sqlalchemy.engine.Engine [cached since 3521s ago] (1, 0)
2026-08-05 14:49:55 | INFO     | sqlalchemy.engine.Engine | [cached since 3521s ago] (1, 0)
2026-08-05 14:49:55,698 INFO sqlalchemy.engine.Engine BEGIN (implicit)
2026-08-05 14:49:55 | INFO     | sqlalchemy.engine.Engine | BEGIN (implicit)
2026-08-05 14:49:55,700 INFO sqlalchemy.engine.Engine SELECT resumes.id AS resumes_id, resumes.original_filename AS resumes_original_filename, resumes.file_path AS resumes_file_path, resumes.name AS resumes_name, resumes.email AS resumes_email, resumes.phone AS resumes_phone, resumes.location AS resumes_location, resumes.summary AS resumes_summary, resumes.skills AS resumes_skills, resumes.experience AS resumes_experience, resumes.education AS resumes_education, resumes.projects AS resumes_projects, resumes.certifications AS resumes_certifications, resumes.technologies AS resumes_technologies, resumes.strengths AS resumes_strengths, resumes.analysis_json AS resumes_analysis_json, resumes.raw_text AS resumes_raw_text, resumes.file_size AS resumes_file_size, resumes.parsed_at AS resumes_parsed_at 
FROM resumes ORDER BY resumes.parsed_at DESC
 LIMIT ? OFFSET ?
2026-08-05 14:49:55 | INFO     | sqlalchemy.engine.Engine | SELECT resumes.id AS resumes_id, resumes.original_filename AS resumes_original_filename, resumes.file_path AS resumes_file_path, resumes.name AS resumes_name, resumes.email AS resumes_email, resumes.phone AS resumes_phone, resumes.location AS resumes_location, resumes.summary AS resumes_summary, resumes.skills AS resumes_skills, resumes.experience AS resumes_experience, resumes.education AS resumes_education, resumes.projects AS resumes_projects, resumes.certifications AS resumes_certifications, resumes.technologies AS resumes_technologies, resumes.strengths AS resumes_strengths, resumes.analysis_json AS resumes_analysis_json, resumes.raw_text AS resumes_raw_text, resumes.file_size AS resumes_file_size, resumes.parsed_at AS resumes_parsed_at 
FROM resumes ORDER BY resumes.parsed_at DESC
 LIMIT ? OFFSET ?
2026-08-05 14:49:55,700 INFO sqlalchemy.engine.Engine [cached since 3521s ago] (1, 0)
2026-08-05 14:49:55 | INFO     | sqlalchemy.engine.Engine | [cached since 3521s ago] (1, 0)
INFO:     127.0.0.1:64109 - "GET /api/companies/Anthropic HTTP/1.1" 200 OK
INFO:     127.0.0.1:64111 - "GET /api/resume/latest HTTP/1.1" 200 OK
2026-08-05 14:49:55,704 INFO sqlalchemy.engine.Engine ROLLBACK
2026-08-05 14:49:55 | INFO     | sqlalchemy.engine.Engine | ROLLBACK
2026-08-05 14:49:55,707 INFO sqlalchemy.engine.Engine ROLLBACK
2026-08-05 14:49:55 | INFO     | sqlalchemy.engine.Engine | ROLLBACK
